{
"type": "FeatureCollection",
"name": "ZipCodesAndDallas_ClippedToCityLimits",
"crs": { "type": "name", "properties": { "name": "urn:ogc:def:crs:OGC:1.3:CRS84" } },
"features": [
{ "type": "Feature", "properties": { "OBJECTID": 1, "SHAPEarea": 782328959.78100002, "SHAPElen": 188488.48586300001, "ZipCode": 75052, "Shape__Area": 9359276.29296875, "Shape__Length": 20208.565758689401 }, "geometry": { "type": "Polygon", "coordinates": [ [ [ -96.973090004938101, 32.696172232015002 ], [ -96.9736469604143, 32.6933524028995 ], [ -96.973341533217706, 32.6914094661294 ], [ -96.972829493505699, 32.690812212477397 ], [ -96.971607784719296, 32.689882303268703 ], [ -96.9715988015665, 32.688997746496398 ], [ -96.970952014561902, 32.687886367873098 ], [ -96.970772351505104, 32.6871530016139 ], [ -96.971023879784696, 32.685708932919198 ], [ -96.970916081950605, 32.685043594981501 ], [ -96.971041846090301, 32.684400934312201 ], [ -96.971356256439805, 32.683659978624 ], [ -96.971976093985802, 32.682919016787999 ], [ -96.971464054273895, 32.6814370746728 ], [ -96.972245588571099, 32.680008035773099 ], [ -96.972254571723894, 32.678957034900698 ], [ -96.972838476658595, 32.676817189148302 ], [ -96.9734133984404, 32.675894695661299 ], [ -96.974365612641606, 32.675078054133202 ], [ -96.974545275698404, 32.674276528337103 ], [ -96.974374595794401, 32.672832251437598 ], [ -96.974432438315603, 32.672669139688999 ], [ -96.974477058534006, 32.672543314613698 ], [ -96.974554258851299, 32.672325614742199 ], [ -96.974975180647306, 32.671828941633599 ], [ -96.977540331619196, 32.668802094836501 ], [ -96.977617513970102, 32.668711018835303 ], [ -96.977793628681596, 32.668567256980602 ], [ -96.979989066320201, 32.666775108180197 ], [ -96.980420257656505, 32.666268437138697 ], [ -96.980995179438395, 32.6642114744512 ], [ -96.981615016984406, 32.663198100425703 ], [ -96.982719944783895, 32.662041024988497 ], [ -96.983151136120298, 32.660725117071003 ], [ -96.983258933954403, 32.659333561186003 ], [ -96.984570474269205, 32.656837781689603 ], [ -96.984866918312903, 32.655756255601503 ], [ -96.985558621081694, 32.6553327173444 ], [ -96.987076773911895, 32.6556654975724 ], [ -96.987669661999405, 32.655483981238 ], [ -96.987921190278897, 32.655241958885398 ], [ -96.987982015206796, 32.655058203732899 ], [ -96.988054746405496, 32.654838478183201 ], [ -96.988073903877293, 32.654780601960901 ], [ -96.988145769100001, 32.653305756477799 ], [ -96.988603909894906, 32.653018347858897 ], [ -96.989924433362503, 32.652556979459803 ], [ -96.990095113266506, 32.652065354775097 ], [ -96.990256810017698, 32.652019973898703 ], [ -96.990256810017698, 32.651775938597197 ], [ -96.990342270343902, 32.651903201990699 ], [ -96.990470544376606, 32.652093612678897 ], [ -96.990940149471101, 32.652784450261301 ], [ -96.993232743500997, 32.656156933046702 ], [ -96.993670584167106, 32.656800965395398 ], [ -96.995000643251501, 32.658756529546103 ], [ -96.989009052783004, 32.6617422354269 ], [ -96.989809763416503, 32.663049197756898 ], [ -96.989423027906895, 32.663433800149498 ], [ -96.989224251395797, 32.663629547334203 ], [ -96.988462430627493, 32.664380153979799 ], [ -96.988430973422894, 32.664963864713698 ], [ -96.988410068727902, 32.6650941872198 ], [ -96.988389168524506, 32.665224512560798 ], [ -96.988311807408905, 32.6657596314068 ], [ -96.988283379323406, 32.665950343053602 ], [ -96.988271582647101, 32.666023052295799 ], [ -96.988251092973798, 32.666176744497697 ], [ -96.988262282389002, 32.666282723032701 ], [ -96.988277100997905, 32.666414857046298 ], [ -96.988291147055705, 32.666544233667302 ], [ -96.9883043846297, 32.666673598757697 ], [ -96.988319199645403, 32.666805729924597 ], [ -96.988333182821094, 32.666939230414101 ], [ -96.9883472055227, 32.667069978816698 ], [ -96.988361998080407, 32.667203491010902 ], [ -96.988374466696598, 32.667330096461498 ], [ -96.988409888166601, 32.668056207043598 ], [ -96.988423326963201, 32.668263415064303 ], [ -96.987457556286103, 32.668479092900398 ], [ -96.987781880442995, 32.668983413979099 ], [ -96.983736267255296, 32.670877442180497 ], [ -96.983688189421301, 32.671072140865 ], [ -96.983230809499503, 32.673161319506299 ], [ -96.983182030081196, 32.6733531579249 ], [ -96.983204882323705, 32.673966471276898 ], [ -96.983223844861101, 32.6744738986825 ], [ -96.983226546993393, 32.674553658206797 ], [ -96.983267416745605, 32.6756578960957 ], [ -96.983315228678293, 32.676927161834598 ], [ -96.983317439432199, 32.676988123120701 ], [ -96.983402212547205, 32.679278657603199 ], [ -96.984980091665705, 32.679283360653699 ], [ -96.984955330503198, 32.682038765039202 ], [ -96.984937870847304, 32.686053236550997 ], [ -96.984922851914106, 32.6875363797839 ], [ -96.985573790931895, 32.687538507301703 ], [ -96.985839535949196, 32.687539001756797 ], [ -96.986098778960397, 32.687539408510403 ], [ -96.986366125673797, 32.687541292580804 ], [ -96.986674122052094, 32.687542298124001 ], [ -96.987117024724796, 32.687543568283701 ], [ -96.987517675138207, 32.687544326599401 ], [ -96.987892124389603, 32.687552403454198 ], [ -96.991232475637602, 32.6875482618264 ], [ -96.991112127440701, 32.691263268633001 ], [ -96.991098297876903, 32.692335091016702 ], [ -96.991126493298694, 32.692335376787298 ], [ -96.9911116396555, 32.693513567227299 ], [ -96.991070740258905, 32.694491556547298 ], [ -96.985239337371894, 32.694416765046803 ], [ -96.985263319694994, 32.695067868271401 ], [ -96.985359867926803, 32.703821642598001 ], [ -96.985337517842495, 32.703971945273601 ], [ -96.985287381968206, 32.704098873534299 ], [ -96.985258896390505, 32.704160327262997 ], [ -96.985214161187699, 32.704238204522603 ], [ -96.985150202936097, 32.704322515225201 ], [ -96.985100283555795, 32.704377215545499 ], [ -96.985058206467897, 32.704418567314498 ], [ -96.985015872461801, 32.704455881779801 ], [ -96.984960779683703, 32.704499048437697 ], [ -96.984900935716098, 32.704539797695098 ], [ -96.984828593488004, 32.704582888722001 ], [ -96.984745540646699, 32.704624416521 ], [ -96.984659641942599, 32.7046596430975 ], [ -96.984593221408801, 32.704682304296497 ], [ -96.982193401771696, 32.705383595978901 ], [ -96.9820474542841, 32.705432007350304 ], [ -96.981907819257998, 32.7054972199848 ], [ -96.981800965553305, 32.705573994738799 ], [ -96.981796933016, 32.705579881647203 ], [ -96.9817907014029, 32.705588979595703 ], [ -96.979306346704206, 32.705628970949299 ], [ -96.966137044639098, 32.706982011514398 ], [ -96.966792814796406, 32.706241243243802 ], [ -96.970817267269297, 32.699075126572197 ], [ -96.973188819619395, 32.697336425025597 ], [ -96.973090004938101, 32.696172232015002 ] ] ] } },
{ "type": "Feature", "properties": { "OBJECTID": 2, "SHAPEarea": 405835888.21399999, "SHAPElen": 128778.324355, "ZipCode": 75051, "Shape__Area": 17440959.6796875, "Shape__Length": 28452.6404223475 }, "geometry": { "type": "MultiPolygon", "coordinates": [ [ [ [ -96.930842237126001, 32.742765884613398 ], [ -96.931063386179304, 32.7426466193237 ], [ -96.930411109570002, 32.743484224042099 ], [ -96.929738430423996, 32.744411782349303 ], [ -96.929514274709504, 32.744487295053901 ], [ -96.929294532417899, 32.744484517597002 ], [ -96.930842237126001, 32.742765884613398 ] ] ], [ [ [ -96.959555107416904, 32.746490832824399 ], [ -96.959633241982004, 32.746415259107401 ], [ -96.958081753569999, 32.746447567115403 ], [ -96.958098561048999, 32.745539920772998 ], [ -96.958182004657402, 32.742117238363697 ], [ -96.958238530248295, 32.738739007961499 ], [ -96.953396090742302, 32.738709338029103 ], [ -96.953236640677702, 32.738905945539301 ], [ -96.951449690355005, 32.738882315273301 ], [ -96.951447059189505, 32.738799812175003 ], [ -96.951417831603493, 32.737958232685401 ], [ -96.950366184680107, 32.737831044315897 ], [ -96.948671855154799, 32.736696560731801 ], [ -96.948650345893597, 32.738764936086199 ], [ -96.943081355274103, 32.738739286027297 ], [ -96.9429062188279, 32.742233877951797 ], [ -96.942681742414905, 32.742235181334301 ], [ -96.938281903747693, 32.742164858343301 ], [ -96.937102954768804, 32.743123199733503 ], [ -96.9350120954023, 32.7430817691965 ], [ -96.935018132080998, 32.742831687256597 ], [ -96.931278819252398, 32.742609983481401 ], [ -96.931145806606594, 32.742602170019197 ], [ -96.932369373108997, 32.741942299096003 ], [ -96.932674800305605, 32.7403177732362 ], [ -96.932980227502199, 32.7398115195899 ], [ -96.933393452532897, 32.739645286422103 ], [ -96.935279914629504, 32.739547057586201 ], [ -96.936366876123301, 32.739259926522102 ], [ -96.936672303319895, 32.738972794532899 ], [ -96.936726202236997, 32.738254960512201 ], [ -96.937067562044902, 32.737680689132397 ], [ -96.937525702839807, 32.737287764477202 ], [ -96.938756394779105, 32.736970400990998 ], [ -96.939627760604694, 32.736381008661198 ], [ -96.9398792888842, 32.736146761909197 ], [ -96.940184716080793, 32.735421348707298 ], [ -96.941056081906396, 32.734650590710899 ], [ -96.941379475408695, 32.733978061131502 ], [ -96.942708982029203, 32.7338042605274 ], [ -96.942996442920105, 32.733638016154202 ], [ -96.943795943523, 32.732489410194901 ], [ -96.966137044639098, 32.706982011514398 ], [ -96.979306346704206, 32.705628970949299 ], [ -96.981796933016, 32.705579881647203 ], [ -96.9817907014029, 32.705588979595703 ], [ -96.981706253477995, 32.705712264416803 ], [ -96.981620643133098, 32.7058962351256 ], [ -96.980020587305205, 32.705876262187701 ], [ -96.978502758766794, 32.705853672345803 ], [ -96.978596728833793, 32.7059735817462 ], [ -96.9787830439153, 32.706224525998302 ], [ -96.979008212031104, 32.706421849918101 ], [ -96.979076947523396, 32.7064820865805 ], [ -96.979178212808705, 32.706709757213197 ], [ -96.978955742333696, 32.706731891795599 ], [ -96.978717962769593, 32.706755539653798 ], [ -96.978374245782305, 32.706712574397102 ], [ -96.978374290698099, 32.706780028805198 ], [ -96.978321274824907, 32.706803287370199 ], [ -96.978154498999203, 32.706876447120401 ], [ -96.978013367379802, 32.707242103622001 ], [ -96.9779842386084, 32.708090834125002 ], [ -96.977144433293702, 32.708745673622303 ], [ -96.977184306814195, 32.708875564137102 ], [ -96.976957042928802, 32.709325685466602 ], [ -96.976891939325199, 32.709880932381701 ], [ -96.976786253430404, 32.710000765319101 ], [ -96.976918597729593, 32.710619673472202 ], [ -96.977343305924506, 32.711446800029698 ], [ -96.9772116164972, 32.712147600156101 ], [ -96.976853611805296, 32.712647661894898 ], [ -96.976145698937202, 32.713591011360499 ], [ -96.975963001371397, 32.7140043532155 ], [ -96.975410330859106, 32.714747688783099 ], [ -96.974936973501599, 32.715083153017801 ], [ -96.9748515949221, 32.715187103865198 ], [ -96.974792632201797, 32.715409597649199 ], [ -96.974624091186499, 32.7157989387062 ], [ -96.974533689227897, 32.715892997469098 ], [ -96.9745128797543, 32.716091641559203 ], [ -96.974538859930703, 32.716178262137397 ], [ -96.974760651279396, 32.716312541364097 ], [ -96.974862725048496, 32.716524124606899 ], [ -96.975027822821303, 32.716572090812299 ], [ -96.975298183382407, 32.716918226865303 ], [ -96.975611581330497, 32.717142494720797 ], [ -96.975746548710404, 32.717233475977203 ], [ -96.9761893372971, 32.717346979835497 ], [ -96.976646710032497, 32.717365861104902 ], [ -96.976942772292205, 32.717215342162099 ], [ -96.977104547196802, 32.717221278940698 ], [ -96.977191449318994, 32.717220956215698 ], [ -96.977186371142693, 32.717456527723101 ], [ -96.977159613025407, 32.718796719719599 ], [ -96.977134901270205, 32.720034391534902 ], [ -96.977134726098797, 32.720379552056201 ], [ -96.977144910299103, 32.722419164991102 ], [ -96.977164007583795, 32.726243449815797 ], [ -96.977209995038095, 32.726315686758902 ], [ -96.977322216176603, 32.726333746174397 ], [ -96.981411546775902, 32.726401652778698 ], [ -96.981469565366893, 32.729155827811503 ], [ -96.982586541370907, 32.729159635002503 ], [ -96.984804711776107, 32.727192835684598 ], [ -96.985146376112993, 32.727185343559597 ], [ -96.985636691866404, 32.727183074157502 ], [ -96.985821298352306, 32.727185335246801 ], [ -96.985819954472603, 32.727308288691198 ], [ -96.985947503564802, 32.727313317189498 ], [ -96.987384047146406, 32.7273772177846 ], [ -96.987391671148202, 32.726826459910299 ], [ -96.987400331805901, 32.7261750405371 ], [ -96.987409392213806, 32.725524270862898 ], [ -96.989943772293998, 32.725548082265902 ], [ -96.989926861508707, 32.725962476592898 ], [ -96.989910967616396, 32.726375197344602 ], [ -96.989892041909997, 32.726862362396602 ], [ -96.989880009875094, 32.727162112980501 ], [ -96.989072693030906, 32.727613884689099 ], [ -96.989476670804095, 32.729007057046502 ], [ -96.989825376136196, 32.729299942499203 ], [ -96.991022251894805, 32.730304129866497 ], [ -96.991265131194794, 32.7305091304031 ], [ -96.991360539464495, 32.730588635825697 ], [ -96.992594304540404, 32.730379560065202 ], [ -96.993308663718906, 32.7313586271746 ], [ -96.993837026717898, 32.731271567935998 ], [ -96.994011940381796, 32.731361656680697 ], [ -96.994015130299402, 32.731604981832298 ], [ -96.9929996396679, 32.731600920083601 ], [ -96.993010723980206, 32.7348167697211 ], [ -96.991221941992606, 32.734804266785702 ], [ -96.991241038378902, 32.732797556934102 ], [ -96.989289865242498, 32.732783344403003 ], [ -96.989269829218401, 32.734790375724799 ], [ -96.985895660891501, 32.7347662864452 ], [ -96.985626126780403, 32.734789397161599 ], [ -96.985562360768199, 32.7347888991902 ], [ -96.985383450499597, 32.734787497464602 ], [ -96.983873485813305, 32.734775650426997 ], [ -96.983864003197098, 32.735000672085903 ], [ -96.983885740630399, 32.736398460019601 ], [ -96.983899504617199, 32.738163515598899 ], [ -96.987063902850494, 32.738189705334896 ], [ -96.987530028769996, 32.738201048676899 ], [ -96.987423151708995, 32.7445124206073 ], [ -96.987419017662106, 32.744965122871498 ], [ -96.987410611227602, 32.745345919462999 ], [ -96.981596942880898, 32.745603398789903 ], [ -96.970722283004406, 32.746076740957001 ], [ -96.970203894898404, 32.7461031081884 ], [ -96.969307669993896, 32.746139358019001 ], [ -96.968187513953794, 32.746196385474803 ], [ -96.967091698664504, 32.746242627417601 ], [ -96.965576483325293, 32.746311230581703 ], [ -96.964313851786201, 32.746353523965197 ], [ -96.963878977357098, 32.746367842375598 ], [ -96.963286793548804, 32.746387336293303 ], [ -96.962636716913707, 32.746407959751998 ], [ -96.961678925971199, 32.746435769983002 ], [ -96.961236747340607, 32.746448605994303 ], [ -96.960911617394899, 32.746458042792398 ], [ -96.960449484486801, 32.746469391126197 ], [ -96.960097493117502, 32.746477990019201 ], [ -96.959555107416904, 32.746490832824399 ] ] ], [ [ [ -96.926260829176996, 32.747828123791599 ], [ -96.926329999453898, 32.747706399959 ], [ -96.9263196867944, 32.748063271410203 ], [ -96.926272217119802, 32.749498385028602 ], [ -96.926267931257598, 32.7496399108934 ], [ -96.926170997648597, 32.749641393226099 ], [ -96.926260829176996, 32.747828123791599 ] ] ] ] } },
{ "type": "Feature", "properties": { "OBJECTID": 3, "SHAPEarea": 156541904.00600001, "SHAPElen": 61258.583398000002, "ZipCode": 75287, "Shape__Area": 20568207.96875, "Shape__Length": 21477.756081088999 }, "geometry": { "type": "Polygon", "coordinates": [ [ [ -96.816253139483706, 33.012437877527198 ], [ -96.816504667763297, 33.010283457933802 ], [ -96.817133488462105, 33.009530151951303 ], [ -96.817196370532002, 33.009258960222503 ], [ -96.817079589545102, 33.009032966478202 ], [ -96.816531617221798, 33.008724107424399 ], [ -96.815803981841597, 33.007827656728402 ], [ -96.8146002393609, 33.007209929097698 ], [ -96.814357694234204, 33.006863397069303 ], [ -96.814483458373999, 33.005876526659399 ], [ -96.814294812164306, 33.005311519546098 ], [ -96.813890570286503, 33.004746508813803 ], [ -96.813674974618294, 33.003978088410101 ], [ -96.813683957771104, 33.003330199339203 ], [ -96.814851767640505, 33.001341300840402 ], [ -96.814923632863199, 33.000919407515603 ], [ -96.814240913247303, 32.999962606249603 ], [ -96.813674974618294, 32.998583890114197 ], [ -96.813486328408601, 32.997431176481598 ], [ -96.812902423473901, 32.996165434362403 ], [ -96.812722760417103, 32.994982551803197 ], [ -96.811797495674497, 32.994108564694798 ], [ -96.812372417456302, 32.993566085584199 ], [ -96.812444282678996, 32.992887982006501 ], [ -96.813450395797304, 32.9922098732184 ], [ -96.814923632863199, 32.992368099068301 ], [ -96.815130245378597, 32.9922701497661 ], [ -96.815965678592804, 32.991313254710498 ], [ -96.816028560662701, 32.990823501258703 ], [ -96.8156512682433, 32.989143249530102 ], [ -96.814690070889299, 32.9881260412361 ], [ -96.813608329505698, 32.987542744600397 ], [ -96.813558193631394, 32.987515710632799 ], [ -96.813501300629497, 32.987390127429499 ], [ -96.813410095576998, 32.987188807537699 ], [ -96.813387513727406, 32.987138961240298 ], [ -96.813396668458395, 32.9871391066659 ], [ -96.829873774012299, 32.987386592769099 ], [ -96.838856629511099, 32.987521519342401 ], [ -96.838856650172403, 32.987545070645403 ], [ -96.838958247834398, 32.987523045927503 ], [ -96.838971533019105, 32.987523245604301 ], [ -96.841940313217805, 32.987254624981801 ], [ -96.841953768184197, 32.987331504492701 ], [ -96.841986057228695, 32.987357052617703 ], [ -96.842059541215605, 32.987355457461298 ], [ -96.842070720749305, 32.987538315545201 ], [ -96.854701033644005, 32.987756829400098 ], [ -96.854665101032694, 32.989693290613197 ], [ -96.854929795919304, 32.989697382755303 ], [ -96.854929420423503, 32.989783115763899 ], [ -96.8635550949856, 32.989853938129698 ], [ -96.864985123984795, 32.989806253557802 ], [ -96.867271390281701, 32.989820681146099 ], [ -96.868776717864606, 32.989830154618197 ], [ -96.870187766360004, 32.989838376563497 ], [ -96.8747463544059, 32.989864828888798 ], [ -96.874764705190501, 32.989864804024002 ], [ -96.871803376517093, 33.000462971662898 ], [ -96.871605986106402, 33.000444365271299 ], [ -96.871504438750094, 33.000808215687101 ], [ -96.871203085413299, 33.001032414854002 ], [ -96.870709012006998, 33.000949542820003 ], [ -96.870403584810404, 33.0012734966921 ], [ -96.869675949430302, 33.001115286810197 ], [ -96.869451370609298, 33.001205692491702 ], [ -96.8691549265655, 33.0010700839346 ], [ -96.868544072172298, 33.001152955855403 ], [ -96.868148813447306, 33.0014166387218 ], [ -96.867735588416593, 33.001348834631401 ], [ -96.867537959054104, 33.0014693752005 ], [ -96.866882188896696, 33.001100219187599 ], [ -96.866091671446696, 33.001800860916198 ], [ -96.866379132337599, 33.001989204517997 ], [ -96.866082688293801, 33.002200148874699 ], [ -96.866190486127906, 33.002305620863801 ], [ -96.865965907306901, 33.002493963387998 ], [ -96.866001087130002, 33.011573086266303 ], [ -96.865923005565506, 33.011587877901803 ], [ -96.861466625137794, 33.011612799798399 ], [ -96.860591437878995, 33.011615974168301 ], [ -96.859284246308405, 33.0116150001626 ], [ -96.859264475287304, 33.0111120870829 ], [ -96.858123614876504, 33.011104554125701 ], [ -96.858105648570799, 33.010464250412198 ], [ -96.8582493790163, 33.010298523987899 ], [ -96.857970901278193, 33.010268391877297 ], [ -96.857755305609999, 33.010441651372702 ], [ -96.857216316439604, 33.010351255156699 ], [ -96.857198350133899, 33.011827715082497 ], [ -96.855231039661703, 33.011797583494399 ], [ -96.854665101032694, 33.011677057038902 ], [ -96.849463855537607, 33.011699655761802 ], [ -96.848637405476197, 33.011496267046802 ], [ -96.848143332069995, 33.011759918994699 ], [ -96.847433662995499, 33.011767451895899 ], [ -96.845601099815894, 33.012385147606103 ], [ -96.843714637719202, 33.012611132760497 ], [ -96.843525991509594, 33.016497986772002 ], [ -96.840085443971404, 33.016121361128 ], [ -96.832225185235302, 33.0155790173743 ], [ -96.822846773669198, 33.013884171643603 ], [ -96.819774535397499, 33.0134623383099 ], [ -96.818556816029201, 33.013428631479698 ], [ -96.818556886097795, 33.013426109511897 ], [ -96.818557945211595, 33.013179386444499 ], [ -96.818560158660404, 33.012664047854003 ], [ -96.815983469727001, 33.012656655893203 ], [ -96.816253139483706, 33.012437877527198 ] ] ] } },
{ "type": "Feature", "properties": { "OBJECTID": 4, "SHAPEarea": 1096576982.03, "SHAPElen": 237178.416772, "ZipCode": 75104, "Shape__Area": 2746497.859375, "Shape__Length": 21970.207812999401 }, "geometry": { "type": "MultiPolygon", "coordinates": [ [ [ [ -96.994182447809294, 32.6136497687786 ], [ -96.994131157599796, 32.613614759803298 ], [ -96.994275063216705, 32.613676477045402 ], [ -96.994315655389499, 32.613780352960603 ], [ -96.994269453237806, 32.6139115188315 ], [ -96.9942579026999, 32.6140337444631 ], [ -96.994182447809294, 32.6140205375562 ], [ -96.994182447809294, 32.6136497687786 ] ] ], [ [ [ -96.994895809857894, 32.614199377705603 ], [ -96.994991242382099, 32.614196500097499 ], [ -96.995065177323198, 32.614226030571601 ], [ -96.995117460171102, 32.614335481726798 ], [ -96.995008129811097, 32.614442089954601 ], [ -96.994981948412104, 32.614429138104398 ], [ -96.994895809857894, 32.614199377705603 ] ] ], [ [ [ -96.995158784470803, 32.614516617725997 ], [ -96.995161766877501, 32.614516424776397 ], [ -96.9952798746761, 32.6145350394955 ], [ -96.995434365142003, 32.614602772342799 ], [ -96.995514679918301, 32.614655289382803 ], [ -96.995550279254701, 32.614709347715802 ], [ -96.995547887041099, 32.614709104070101 ], [ -96.995158784470803, 32.614516617725997 ] ] ], [ [ [ -96.992501959525796, 32.614888024563697 ], [ -96.992416935780795, 32.614813966988898 ], [ -96.992398613742296, 32.6145975430343 ], [ -96.992579210148605, 32.614522422104699 ], [ -96.992585761561998, 32.614508471468 ], [ -96.992592429756399, 32.614557771224398 ], [ -96.992890226662894, 32.614847533296803 ], [ -96.992624467272705, 32.614846554932299 ], [ -96.992501959525796, 32.614888024563697 ] ] ], [ [ [ -96.991759684301499, 32.616965623518503 ], [ -96.991822640033206, 32.616937253884402 ], [ -96.991896914537506, 32.6169467482624 ], [ -96.991957756533395, 32.616996711009897 ], [ -96.991759684301499, 32.616965623518503 ] ] ], [ [ [ -96.993740021243596, 32.617041402948502 ], [ -96.993848767698694, 32.6168801052441 ], [ -96.993832104848494, 32.617024464716998 ], [ -96.993740021243596, 32.617041402948502 ] ] ], [ [ [ -96.989045492942495, 32.618385383065402 ], [ -96.989170758517204, 32.6183811822415 ], [ -96.989312628551801, 32.618428185756898 ], [ -96.989019862210796, 32.6184767569885 ], [ -96.989045492942495, 32.618385383065402 ] ] ], [ [ [ -96.991202256311496, 32.619200535887899 ], [ -96.991120466501499, 32.619135111958897 ], [ -96.990942335072205, 32.619163525537402 ], [ -96.990896654841706, 32.619163890987799 ], [ -96.9908201264643, 32.619187301747999 ], [ -96.990170795430899, 32.619167950285899 ], [ -96.990012230206801, 32.619140247180702 ], [ -96.989789102165005, 32.619128943942002 ], [ -96.989063337077297, 32.6191272672582 ], [ -96.988906797554193, 32.619179773321598 ], [ -96.988761573210397, 32.619163688212097 ], [ -96.988596880577802, 32.619098683427097 ], [ -96.988519072999495, 32.619097736130797 ], [ -96.988477844819499, 32.619134459747102 ], [ -96.988417342386796, 32.619110814418903 ], [ -96.988467087493902, 32.618971101733599 ], [ -96.988684252518993, 32.618736068689401 ], [ -96.988844724866297, 32.618700221843703 ], [ -96.988765606645998, 32.6188025605136 ], [ -96.989008151772694, 32.6190976453356 ], [ -96.991613266096707, 32.619120344127801 ], [ -96.991618939855996, 32.619140840375501 ], [ -96.991561676748205, 32.619156224096798 ], [ -96.991500392781205, 32.619178390966198 ], [ -96.991337428507194, 32.619210767735801 ], [ -96.991202256311496, 32.619200535887899 ] ] ], [ [ [ -96.992013827576798, 32.620584056023297 ], [ -96.992015614325894, 32.620573781205302 ], [ -96.992017507974495, 32.620580620995902 ], [ -96.992013827576798, 32.620584056023297 ] ] ], [ [ [ -96.991729911438, 32.621692722372202 ], [ -96.9917091352021, 32.621684526074503 ], [ -96.991721063930797, 32.621685270573501 ], [ -96.991729911438, 32.621692722372202 ] ] ], [ [ [ -96.992140530456098, 32.622186606747498 ], [ -96.992125811560101, 32.622149120972999 ], [ -96.992143272114305, 32.622177062233 ], [ -96.992140530456098, 32.622186606747498 ] ] ], [ [ [ -96.991789771575299, 32.6238610014777 ], [ -96.991776763969995, 32.6238524422171 ], [ -96.991811271853294, 32.623865105201403 ], [ -96.991789771575299, 32.6238610014777 ] ] ], [ [ [ -96.982567569850403, 32.624132328024302 ], [ -96.982683527082301, 32.624079337625503 ], [ -96.982774480606494, 32.624128248523597 ], [ -96.9826281531315, 32.624225543657602 ], [ -96.982567569850403, 32.624132328024302 ] ] ], [ [ [ -96.942774637198397, 32.623826001791301 ], [ -96.9454726903233, 32.620130601765503 ], [ -96.948178715996406, 32.620430299832996 ], [ -96.948950129873595, 32.620536863729598 ], [ -96.949098645644597, 32.620748061023598 ], [ -96.948673795515802, 32.620958927180503 ], [ -96.947874294912907, 32.620792472656198 ], [ -96.946706485043507, 32.621011889918798 ], [ -96.946580720903796, 32.620815171018698 ], [ -96.946499872528193, 32.620936228854497 ], [ -96.945736304536695, 32.621155645764702 ], [ -96.945646473008296, 32.621390194280899 ], [ -96.945143416449199, 32.621624742182497 ], [ -96.944577477820204, 32.6221997602443 ], [ -96.943346785880905, 32.624159333527601 ], [ -96.942891504423599, 32.624568779055302 ], [ -96.942854622292998, 32.624434414083503 ], [ -96.942819861084701, 32.624268755137798 ], [ -96.942797510102196, 32.624111759530699 ], [ -96.942784833975196, 32.623989973614997 ], [ -96.942774637198397, 32.623826001791301 ] ] ], [ [ [ -96.983219839273204, 32.624588691489002 ], [ -96.983215976517499, 32.624429295810202 ], [ -96.9832653542137, 32.624487349041701 ], [ -96.983219839273204, 32.624588691489002 ] ] ], [ [ [ -96.984004535640196, 32.625490910969198 ], [ -96.9838437650521, 32.625229442170003 ], [ -96.983868295347605, 32.625244976159898 ], [ -96.983953965879607, 32.625380608688602 ], [ -96.984008104646804, 32.625491271854301 ], [ -96.984004535640196, 32.625490910969198 ] ] ], [ [ [ -96.982083833358203, 32.626105151130602 ], [ -96.982090583299197, 32.626088368953901 ], [ -96.982099692216195, 32.626127543249403 ], [ -96.982083833358203, 32.626105151130602 ] ] ], [ [ [ -96.987213677161193, 32.626270820295602 ], [ -96.987239869339902, 32.626266888422698 ], [ -96.9873715318178, 32.626384466252702 ], [ -96.987376341397905, 32.626390692025097 ], [ -96.987213677161193, 32.626270820295602 ] ] ], [ [ [ -96.986412020601605, 32.626807337375098 ], [ -96.986191039533296, 32.626728974987401 ], [ -96.986248777849895, 32.626740183452704 ], [ -96.986340126632797, 32.6267412978683 ], [ -96.986413730095606, 32.626790875355503 ], [ -96.986425006647394, 32.626791843754198 ], [ -96.986412020601605, 32.626807337375098 ] ] ], [ [ [ -96.982200770652, 32.626609419954299 ], [ -96.982203560819201, 32.626574242037101 ], [ -96.982291434020297, 32.626952147637098 ], [ -96.982284319363302, 32.626948065995101 ], [ -96.982200770652, 32.626609419954299 ] ] ], [ [ [ -96.983465047904701, 32.628054955820701 ], [ -96.9829615008655, 32.6276192639695 ], [ -96.982713248741803, 32.627690684952903 ], [ -96.982557612923898, 32.6275899868198 ], [ -96.982506390986302, 32.627513630745497 ], [ -96.982728927936705, 32.627669813142298 ], [ -96.982962489910605, 32.627601723252397 ], [ -96.983474529622598, 32.628055654873599 ], [ -96.983458498288002, 32.6280807292327 ], [ -96.983465047904701, 32.628054955820701 ] ] ], [ [ [ -96.984223752417293, 32.629105140505899 ], [ -96.984210177975001, 32.629045887367198 ], [ -96.984412290829098, 32.629363366044601 ], [ -96.984358579659997, 32.629335866577797 ], [ -96.984231176993106, 32.629117848139501 ], [ -96.984223752417293, 32.629105140505899 ] ] ], [ [ [ -96.983235056734102, 32.630725302708903 ], [ -96.983235168125205, 32.630725279256502 ], [ -96.9832348294604, 32.630725513780199 ], [ -96.983235056734102, 32.630725302708903 ] ] ], [ [ [ -96.982335638318801, 32.631176778695099 ], [ -96.982337505017995, 32.631175549342899 ], [ -96.982279779277803, 32.631318533098302 ], [ -96.982279157643703, 32.631313543071101 ], [ -96.982335638318801, 32.631176778695099 ] ] ], [ [ [ -96.972109191073301, 32.624076097174502 ], [ -96.975688955022605, 32.622140340621399 ], [ -96.975688787935994, 32.622156541712499 ], [ -96.971733548859106, 32.624280386840901 ], [ -96.956850028568198, 32.6315047011595 ], [ -96.956827519482104, 32.631470972392997 ], [ -96.971730420027001, 32.624280809770603 ], [ -96.972109191073301, 32.624076097174502 ] ] ], [ [ [ -96.983911127918603, 32.631860382877299 ], [ -96.983783922881102, 32.6317786493249 ], [ -96.9836075970656, 32.631799404429799 ], [ -96.983365602606099, 32.631701947312401 ], [ -96.983210354860404, 32.631677144045597 ], [ -96.982966549397403, 32.631685619340601 ], [ -96.982963574177205, 32.631740687934503 ], [ -96.9826439014968, 32.631753265828998 ], [ -96.982457960114402, 32.631742401451397 ], [ -96.982359146331504, 32.631583698625803 ], [ -96.982355872870599, 32.631577020058501 ], [ -96.982477399657199, 32.631724850951201 ], [ -96.982953506757795, 32.631626503327801 ], [ -96.983726057902103, 32.631732416148502 ], [ -96.984036141965106, 32.631901803018501 ], [ -96.983911127918603, 32.631860382877299 ] ] ], [ [ [ -96.980780269184805, 32.631993551994 ], [ -96.980819557901995, 32.631968631547799 ], [ -96.980904101946706, 32.631976525809598 ], [ -96.980780269184805, 32.631993551994 ] ] ], [ [ [ -96.980711180654595, 32.6321405810478 ], [ -96.980711076450007, 32.632069430666299 ], [ -96.9807673594958, 32.6323643560048 ], [ -96.980711345046302, 32.632260826198703 ], [ -96.980711180654595, 32.6321405810478 ] ] ], [ [ [ -96.953183338241999, 32.626618196841299 ], [ -96.952195387262293, 32.625161157496699 ], [ -96.9532642773475, 32.6266746878647 ], [ -96.953264415687997, 32.627297659650999 ], [ -96.953264492044795, 32.627646563477001 ], [ -96.953258723064096, 32.632526118297498 ], [ -96.953257694493104, 32.632640502231901 ], [ -96.953255203464806, 32.632640235183203 ], [ -96.953183338241999, 32.626618196841299 ] ] ], [ [ [ -96.957633094492905, 32.632678083471802 ], [ -96.957053729643704, 32.631809937445098 ], [ -96.957638982051293, 32.632678060776399 ], [ -96.957633094492905, 32.632678083471802 ] ] ], [ [ [ -96.953749276870994, 32.632693191009203 ], [ -96.953740063749507, 32.6326922037616 ], [ -96.9538342161744, 32.632692860413698 ], [ -96.953749276870994, 32.632693191009203 ] ] ], [ [ [ -96.980167911910101, 32.634330959280902 ], [ -96.980095654123602, 32.633929916240596 ], [ -96.980237076797096, 32.633971742421302 ], [ -96.980279062256798, 32.6339941144157 ], [ -96.980276527211103, 32.633994381460397 ], [ -96.980177712529795, 32.634304546158802 ], [ -96.980346499683506, 32.634545609202299 ], [ -96.980167911910101, 32.634330959280902 ] ] ], [ [ [ -96.980533923286103, 32.634900641865201 ], [ -96.980455329681902, 32.634701040987402 ], [ -96.980914342740903, 32.635356600920304 ], [ -96.980864354190302, 32.635386870311798 ], [ -96.980679279682207, 32.635126882132198 ], [ -96.980533923286103, 32.634900641865201 ] ] ], [ [ [ -96.9809967613716, 32.635560305792403 ], [ -96.981022344492601, 32.635510847393299 ], [ -96.981507219150302, 32.636203335872402 ], [ -96.981292163369602, 32.636472242845201 ], [ -96.981402478283101, 32.636276870421597 ], [ -96.981324359887694, 32.636052936553902 ], [ -96.981279144984498, 32.635923343328102 ], [ -96.981152364850203, 32.635762659117397 ], [ -96.9809967613716, 32.635560305792403 ] ] ], [ [ [ -96.981130531297197, 32.636644376592201 ], [ -96.9812344834436, 32.636544365583497 ], [ -96.980949388715104, 32.6369008488007 ], [ -96.980948212820394, 32.636816826215302 ], [ -96.981130531297197, 32.636644376592201 ] ] ], [ [ [ -96.979936712505406, 32.637188167001902 ], [ -96.980052442463503, 32.637149492282298 ], [ -96.980120017332396, 32.637156048641302 ], [ -96.980259140318793, 32.637134843164098 ], [ -96.980333973575199, 32.637112850192104 ], [ -96.980382712569295, 32.637033263774697 ], [ -96.980437486445396, 32.6369967086316 ], [ -96.980512561348604, 32.636960400840998 ], [ -96.980566262636302, 32.636986830578003 ], [ -96.980648643537805, 32.636919113155301 ], [ -96.980723525303205, 32.636894256868601 ], [ -96.980780116471195, 32.636949358567499 ], [ -96.980855218323896, 32.636974241315599 ], [ -96.980339409281001, 32.6372321453387 ], [ -96.979829050316894, 32.637207230890397 ], [ -96.979936712505406, 32.637188167001902 ] ] ], [ [ [ -96.979504150339906, 32.637250163015501 ], [ -96.979609875760602, 32.637202778287801 ], [ -96.979710537378097, 32.637211667606799 ], [ -96.979593807595194, 32.637338051523898 ], [ -96.979731313613996, 32.637436476081099 ], [ -96.979595564699807, 32.637446006108199 ], [ -96.979454282163502, 32.6373955963535 ], [ -96.9794416788001, 32.637341032781201 ], [ -96.979504150339906, 32.637250163015501 ] ] ], [ [ [ -96.979857919475194, 32.637540856223303 ], [ -96.979753447204303, 32.637452318861797 ], [ -96.979953133708804, 32.637595251737402 ], [ -96.980510089185003, 32.638359283304801 ], [ -96.980842465840098, 32.6384349296397 ], [ -96.980572971254801, 32.638472752783102 ], [ -96.980556899496094, 32.638489264093103 ], [ -96.980507120252994, 32.638466581560102 ], [ -96.980411099332201, 32.638342271948197 ], [ -96.980329592491501, 32.638160868716298 ], [ -96.9802218045389, 32.638130911170698 ], [ -96.980102244164499, 32.637997724712299 ], [ -96.980009329617999, 32.637905287456498 ], [ -96.980106211124806, 32.637864614458799 ], [ -96.980009457178795, 32.637783252522098 ], [ -96.979953596341204, 32.637685205068102 ], [ -96.979857919475194, 32.637540856223303 ] ] ], [ [ [ -96.978456509902699, 32.6387435758568 ], [ -96.978568372613495, 32.638733492238899 ], [ -96.978710093527695, 32.638758137718703 ], [ -96.978744610394102, 32.638795748160298 ], [ -96.978404043798605, 32.638780105323001 ], [ -96.978456509902699, 32.6387435758568 ] ] ], [ [ [ -96.979512959219605, 32.639047662594301 ], [ -96.978822782688496, 32.638807922626299 ], [ -96.978878594118797, 32.638800292971702 ], [ -96.978942444572496, 32.638826846980997 ], [ -96.979270220056804, 32.638955427641399 ], [ -96.979493349895293, 32.6389696150219 ], [ -96.979712753521895, 32.639003800888197 ], [ -96.9798503781184, 32.638984985500997 ], [ -96.979512959219605, 32.639047662594301 ] ] ], [ [ [ -96.977319983863197, 32.639101905900702 ], [ -96.977407553433693, 32.639087902360401 ], [ -96.977285137314993, 32.639176260335901 ], [ -96.977252697353407, 32.639161690977502 ], [ -96.977319983863197, 32.639101905900702 ] ] ], [ [ [ -96.9777971770269, 32.639410761624099 ], [ -96.977614137202906, 32.639200966966698 ], [ -96.977629465156596, 32.639211654940702 ], [ -96.977716368177198, 32.6392757214848 ], [ -96.977798312497399, 32.639233771455501 ], [ -96.977838280341103, 32.639073901087301 ], [ -96.977860818173198, 32.639059442911602 ], [ -96.9777971770269, 32.639410761624099 ] ] ], [ [ [ -96.979862854819402, 32.6562051691729 ], [ -96.973799674012596, 32.643344239977303 ], [ -96.973530179427399, 32.643450138926298 ], [ -96.973197802772205, 32.6427617935162 ], [ -96.973172279838394, 32.642702036564003 ], [ -96.972565483135298, 32.641281325375303 ], [ -96.972461184239293, 32.641037124609497 ], [ -96.972407748852902, 32.640832143229602 ], [ -96.9721751525679, 32.639939877481901 ], [ -96.972137790736994, 32.639796552728299 ], [ -96.972105358860205, 32.639576363037598 ], [ -96.972027721063498, 32.639049256451003 ], [ -96.971994060291493, 32.638820724952303 ], [ -96.972010850702503, 32.638050115313 ], [ -96.972023764883005, 32.637457437903102 ], [ -96.972029408997898, 32.637198406627597 ], [ -96.972062944005799, 32.637211170603898 ], [ -96.972715186479107, 32.6374594221273 ], [ -96.975580283127698, 32.638552042143203 ], [ -96.975622814763199, 32.638576919906797 ], [ -96.975914907367695, 32.638930872234603 ], [ -96.975948012980894, 32.638979122191898 ], [ -96.976001022565796, 32.639045633774302 ], [ -96.976084733872199, 32.639098206824002 ], [ -96.976213900830203, 32.639065428761597 ], [ -96.976282412642007, 32.639017589607498 ], [ -96.976364158434507, 32.638987092994 ], [ -96.976448998923203, 32.638973814122998 ], [ -96.976696839618597, 32.639125764563602 ], [ -96.976843320705399, 32.6390702897586 ], [ -96.976901633943797, 32.639002133654301 ], [ -96.977097196282799, 32.639067675440899 ], [ -96.977119370297302, 32.639101812100002 ], [ -96.977015642729697, 32.639055227172499 ], [ -96.977006659576901, 32.639282164219601 ], [ -96.976557501934806, 32.639319987004797 ], [ -96.9777971770269, 32.640333631691199 ], [ -96.978345149350204, 32.640507614325699 ], [ -96.978551761865603, 32.640817756443703 ], [ -96.979180582564496, 32.641226234665503 ], [ -96.980222628294001, 32.641680097168603 ], [ -96.990044855221299, 32.643242421045201 ], [ -96.989875553332993, 32.643670798650803 ], [ -96.9896098783843, 32.644053522270902 ], [ -96.9895954855768, 32.6450147064023 ], [ -96.989424570314299, 32.645512323500597 ], [ -96.989524653416694, 32.645996051856898 ], [ -96.9891942934794, 32.646315620822499 ], [ -96.988862980429602, 32.6464919926186 ], [ -96.988398637665895, 32.646529294981299 ], [ -96.988131085238294, 32.646737943155799 ], [ -96.988118206990407, 32.647097162456603 ], [ -96.988688057782497, 32.647423390501103 ], [ -96.988790871763399, 32.648343852029399 ], [ -96.988988637669806, 32.649054997707601 ], [ -96.989049330545399, 32.649267638924997 ], [ -96.989091067171799, 32.649600322221403 ], [ -96.989038796002006, 32.650086497239002 ], [ -96.989877765883506, 32.651211480983903 ], [ -96.990256810017698, 32.651775938597197 ], [ -96.990256810017698, 32.652019973898703 ], [ -96.990095113266506, 32.652065354775097 ], [ -96.986550104237196, 32.653088495311998 ], [ -96.986295239614705, 32.653162052283903 ], [ -96.985922526806704, 32.653339802992903 ], [ -96.979872285333201, 32.656225170616999 ], [ -96.979862854819402, 32.6562051691729 ] ] ] ] } },
{ "type": "Feature", "properties": { "OBJECTID": 5, "SHAPEarea": 121344807.06900001, "SHAPElen": 50609.633094800003, "ZipCode": 75205, "Shape__Area": 16017083.5078125, "Shape__Length": 18373.8658197566 }, "geometry": { "type": "Polygon", "coordinates": [ [ [ -96.790058265798805, 32.851193460908 ], [ -96.790013350034599, 32.8502425858142 ], [ -96.789168933667497, 32.850250132482003 ], [ -96.789177916820293, 32.851185914320403 ], [ -96.786923145457195, 32.8511481813727 ], [ -96.786905179151503, 32.850250132482003 ], [ -96.782835810914506, 32.850189759121299 ], [ -96.782871743525803, 32.851110448409003 ], [ -96.778973055192793, 32.851110448409003 ], [ -96.778964072039898, 32.850740664515101 ], [ -96.777023711026203, 32.850559545311 ], [ -96.777014727873393, 32.851095355219002 ], [ -96.776939902701798, 32.851095039016599 ], [ -96.773439433042597, 32.8510802620264 ], [ -96.773439009936098, 32.8510243998345 ], [ -96.773430449889702, 32.849895438399599 ], [ -96.772657898745393, 32.849887891701599 ], [ -96.772684848203895, 32.849480369056003 ], [ -96.772406370465802, 32.849480369056003 ], [ -96.773825708614694, 32.845578622327302 ], [ -96.773349601514198, 32.845586169391801 ], [ -96.774300306545697, 32.843792796001701 ], [ -96.774301815715305, 32.843789949946299 ], [ -96.774744324027694, 32.843782800467402 ], [ -96.774768939663105, 32.843782402729097 ], [ -96.775775052781299, 32.842227662299202 ], [ -96.775848742482395, 32.842079073726801 ], [ -96.775988116996999, 32.8417980381871 ], [ -96.776696367631601, 32.840369901966298 ], [ -96.7775267675853, 32.8386954323433 ], [ -96.779194836659997, 32.836622958546798 ], [ -96.779215600319503, 32.836597160827601 ], [ -96.778649661690494, 32.8365896129989 ], [ -96.779601875891601, 32.835064938428602 ], [ -96.780122898756403, 32.833434564375899 ], [ -96.7803923933417, 32.833215669283803 ], [ -96.781120028721801, 32.831200299459603 ], [ -96.783275985403705, 32.827894088099399 ], [ -96.784147351229294, 32.826195643997004 ], [ -96.784815289965493, 32.824505100507899 ], [ -96.784901936067897, 32.824285799167299 ], [ -96.785002796213107, 32.824092272223801 ], [ -96.785308764195506, 32.823505186960404 ], [ -96.7870578927498, 32.820148919364001 ], [ -96.789606781520106, 32.815616729803601 ], [ -96.789618091309606, 32.815596619145801 ], [ -96.789842670130597, 32.815672115247203 ], [ -96.792501683371597, 32.816555414866798 ], [ -96.792438801301699, 32.816668657772702 ], [ -96.793750341616501, 32.817166924844003 ], [ -96.793813223686399, 32.817046133083402 ], [ -96.794828319957503, 32.817431156247999 ], [ -96.795403241739294, 32.817680287994897 ], [ -96.795340359669396, 32.817816177744199 ], [ -96.795789517311505, 32.818004913162298 ], [ -96.795870365686994, 32.817884122540903 ], [ -96.796526135844402, 32.8181709999986 ], [ -96.798735991443394, 32.819386444213698 ], [ -96.798834428832194, 32.819303719041102 ], [ -96.798870738735999, 32.819273204771903 ], [ -96.798965610711505, 32.819290289593198 ], [ -96.798990106871003, 32.819294700648797 ], [ -96.799122267015505, 32.819318500565998 ], [ -96.799211444570403, 32.818951277839098 ], [ -96.799212098544004, 32.818948584238697 ], [ -96.799213089385702, 32.818950186206301 ], [ -96.799679222491704, 32.819703513882899 ], [ -96.799517525740598, 32.820126271681602 ], [ -96.799724138255897, 32.8211152151028 ], [ -96.800164312745096, 32.821356787395104 ], [ -96.800577537775794, 32.822549540959301 ], [ -96.801017712264994, 32.823213852456 ], [ -96.801987892771905, 32.823251597278301 ], [ -96.802526881942399, 32.823440321148901 ], [ -96.802356202038396, 32.822677874249202 ], [ -96.804402410643704, 32.822692957927998 ], [ -96.804404360886195, 32.822692972271199 ], [ -96.804400263670203, 32.822913337422698 ], [ -96.8043953777333, 32.823176107617698 ], [ -96.804404789382602, 32.823176672280603 ], [ -96.804453769125104, 32.8231796126041 ], [ -96.804521141873096, 32.8231836565867 ], [ -96.811686897791603, 32.823198045674602 ], [ -96.812040040801193, 32.8231987545226 ], [ -96.812462248984701, 32.8228062073538 ], [ -96.812471803466096, 32.8228093666105 ], [ -96.813010221308005, 32.822987383185698 ], [ -96.812489198443203, 32.823802669856498 ], [ -96.812758693028499, 32.823817767687302 ], [ -96.813010221308005, 32.823478065874902 ], [ -96.816360937317796, 32.823681887118198 ], [ -96.815974661745599, 32.826761795640103 ], [ -96.816253139483706, 32.8267844416307 ], [ -96.815902796522906, 32.829834048957501 ], [ -96.815031430697303, 32.836634899961901 ], [ -96.814887700251802, 32.836634899961901 ], [ -96.814878933592993, 32.836709217327801 ], [ -96.813171918059197, 32.851178367732203 ], [ -96.813109163550095, 32.851178071905899 ], [ -96.813076279820706, 32.8511779172009 ], [ -96.806766930083398, 32.8511481813727 ], [ -96.806766930083398, 32.850808584121403 ], [ -96.804242664135003, 32.850401065704098 ], [ -96.804215714676502, 32.851140634781302 ], [ -96.794954084097199, 32.8510802620264 ], [ -96.790058265798805, 32.851193460908 ] ] ] } },
{ "type": "Feature", "properties": { "OBJECTID": 6, "SHAPEarea": 71286397.184499994, "SHAPElen": 45444.818954399998, "ZipCode": 75204, "Shape__Area": 9401436.01171875, "Shape__Length": 16483.143153006298 }, "geometry": { "type": "Polygon", "coordinates": [ [ [ -96.798735991443394, 32.819386444213698 ], [ -96.796526135844402, 32.8181709999986 ], [ -96.795870365686994, 32.817884122540903 ], [ -96.795789517311505, 32.818004913162298 ], [ -96.795340359669396, 32.817816177744199 ], [ -96.795403241739294, 32.817680287994897 ], [ -96.793813223686399, 32.817046133083402 ], [ -96.793750341616501, 32.817166924844003 ], [ -96.792438801301699, 32.816668657772702 ], [ -96.792501683371597, 32.816555414866798 ], [ -96.789607080659096, 32.815616827193601 ], [ -96.789606781520106, 32.815616729803601 ], [ -96.789079102139098, 32.815445626750702 ], [ -96.788998253763495, 32.815596619145801 ], [ -96.785324144251504, 32.814932250688102 ], [ -96.785809234504896, 32.814411321945698 ], [ -96.782126141839996, 32.811210185529397 ], [ -96.781784782032005, 32.811534834335397 ], [ -96.780293578660405, 32.8107496351886 ], [ -96.779628825350102, 32.8098134271386 ], [ -96.780077982992196, 32.809451021374699 ], [ -96.778478981786506, 32.808076886095201 ], [ -96.778119655672796, 32.808386445896801 ], [ -96.776583536537004, 32.807117998891897 ], [ -96.776305058798897, 32.806181752586099 ], [ -96.770470697759606, 32.801135454531803 ], [ -96.769495828945296, 32.800292235188898 ], [ -96.769504349465805, 32.800290748414 ], [ -96.770448043146402, 32.800126114937697 ], [ -96.771184661679399, 32.799114284886798 ], [ -96.770888217635701, 32.798849999021598 ], [ -96.773933506448799, 32.796365673489099 ], [ -96.774741990204504, 32.796735683818703 ], [ -96.775981665296598, 32.7959654565013 ], [ -96.775227080457995, 32.795308492634703 ], [ -96.778712543760307, 32.7923936288935 ], [ -96.7794850949047, 32.793073268877201 ], [ -96.782871743525803, 32.7902565048784 ], [ -96.782512417412207, 32.789894019386303 ], [ -96.786276358452596, 32.7872281952801 ], [ -96.785890082880499, 32.786843041282403 ], [ -96.786671617177703, 32.786276635314998 ], [ -96.787075859055506, 32.786624031402702 ], [ -96.788072989020904, 32.785755538639698 ], [ -96.7877316292129, 32.785461004385901 ], [ -96.788171803702099, 32.785241991103497 ], [ -96.788827573859507, 32.785785747225901 ], [ -96.789591141851005, 32.7851891257476 ], [ -96.789519276628297, 32.784577395773297 ], [ -96.791010479999898, 32.784071393726798 ], [ -96.791706674345093, 32.784826619603997 ], [ -96.791845913214203, 32.78497766401 ], [ -96.791921568429103, 32.785187946094602 ], [ -96.792286087703403, 32.7862011142469 ], [ -96.792420834995994, 32.789297425463701 ], [ -96.793103554611903, 32.795497275852 ], [ -96.793184402987507, 32.798880203160202 ], [ -96.793471863878395, 32.799144488935703 ], [ -96.793391015502905, 32.798064687815398 ], [ -96.793422844610006, 32.797832808253197 ], [ -96.793453565196103, 32.797609004787397 ], [ -96.793498813336996, 32.7972793696729 ], [ -96.793840379757398, 32.796596026243698 ], [ -96.794372565986293, 32.795531314933697 ], [ -96.7943971286211, 32.795482173209301 ], [ -96.794443036125401, 32.795438069702499 ], [ -96.794809572117501, 32.795085939360803 ], [ -96.794837303110299, 32.795059298174202 ], [ -96.797801743547893, 32.793058165822899 ], [ -96.802419084108294, 32.796909361605699 ], [ -96.802158572675907, 32.797830603325501 ], [ -96.803497062449196, 32.798200607558996 ], [ -96.803721641270201, 32.798042034504597 ], [ -96.805329625628801, 32.799423875901198 ], [ -96.804350461969094, 32.800035503760803 ], [ -96.804700804929894, 32.801304051833696 ], [ -96.805464372921406, 32.800715085336599 ], [ -96.805850648493603, 32.8020062760191 ], [ -96.805542423943194, 32.802191914473703 ], [ -96.804897841404397, 32.802580133280102 ], [ -96.804709788082803, 32.802693393239799 ], [ -96.804577385393003, 32.802825247406801 ], [ -96.804136977341798, 32.803263829391298 ], [ -96.803883338021393, 32.803516416766399 ], [ -96.803734927353304, 32.803813958282703 ], [ -96.800478723094599, 32.810341932895199 ], [ -96.797801743547893, 32.813210909303301 ], [ -96.797208855460397, 32.814184830235497 ], [ -96.797631063643905, 32.814705760305799 ], [ -96.797631063643905, 32.815271985179201 ], [ -96.798628193609304, 32.815022846679398 ], [ -96.798601244150802, 32.815921251926397 ], [ -96.799751087714398, 32.817982264933299 ], [ -96.799840217658598, 32.818348464949899 ], [ -96.799918143814594, 32.818668629028501 ], [ -96.799993632841094, 32.818978781547699 ], [ -96.799215315411004, 32.818948708802701 ], [ -96.799212098544004, 32.818948584238697 ], [ -96.799211444570403, 32.818951277839098 ], [ -96.799122267015505, 32.819318500565998 ], [ -96.798990106871003, 32.819294700648797 ], [ -96.798965610711505, 32.819290289593198 ], [ -96.798870738735999, 32.819273204771903 ], [ -96.798834428832194, 32.819303719041102 ], [ -96.798735991443394, 32.819386444213698 ] ] ] } },
{ "type": "Feature", "properties": { "OBJECTID": 7, "SHAPEarea": 132512677.26100001, "SHAPElen": 70219.592260999998, "ZipCode": 75203, "Shape__Area": 17446854.496093798, "Shape__Length": 25447.021820162699 }, "geometry": { "type": "Polygon", "coordinates": [ [ [ -96.802032808536097, 32.760104747782897 ], [ -96.799751087714398, 32.758087720209403 ], [ -96.798080221286, 32.756992311559699 ], [ -96.795879348839904, 32.755874225387302 ], [ -96.791474609862803, 32.753311806763499 ], [ -96.789905552200494, 32.752399003071197 ], [ -96.787695696601602, 32.751401740324198 ], [ -96.787414681122797, 32.751362074722998 ], [ -96.786814684666396, 32.751277384654202 ], [ -96.786411105745302, 32.751220418625103 ], [ -96.785966463035805, 32.751270105340403 ], [ -96.785274440466793, 32.751347435269601 ], [ -96.785126514889001, 32.751363965000699 ], [ -96.783507668102004, 32.752097073131601 ], [ -96.7833748000849, 32.752157243430602 ], [ -96.782359703813896, 32.752195018417702 ], [ -96.781173927638804, 32.751484845979597 ], [ -96.779673741114394, 32.750185366859 ], [ -96.778622712232007, 32.749815162942099 ], [ -96.777544733891006, 32.749920935646799 ], [ -96.780724769996795, 32.7430076697418 ], [ -96.781120028721801, 32.741232044922 ], [ -96.781003247734901, 32.739637730361601 ], [ -96.780652904774001, 32.738149173957098 ], [ -96.778263386118297, 32.732859686101001 ], [ -96.799346845836595, 32.722793679397597 ], [ -96.800047531758196, 32.722347786449198 ], [ -96.801260257391803, 32.721123458751698 ], [ -96.802679595540695, 32.720428154057103 ], [ -96.802796376527596, 32.720057826518001 ], [ -96.803766557034507, 32.720050268797102 ], [ -96.803425197226503, 32.721463551465 ], [ -96.802318406321106, 32.723725931566598 ], [ -96.802275353662793, 32.723813934535997 ], [ -96.8016465329639, 32.724524327516001 ], [ -96.799517525740598, 32.726270056432902 ], [ -96.799849902395707, 32.7265496721744 ], [ -96.799472609976306, 32.727592555583499 ], [ -96.799499559434906, 32.728567413825502 ], [ -96.798978536570104, 32.728779009555304 ], [ -96.799912784465604, 32.731038518353301 ], [ -96.800146346439405, 32.732323163369301 ], [ -96.800137363286595, 32.733260186880202 ], [ -96.798628193609304, 32.739063467892599 ], [ -96.799463626823496, 32.739139028955201 ], [ -96.799697188797396, 32.738617656319001 ], [ -96.802428067261104, 32.7386101001714 ], [ -96.802499932483798, 32.738239848154898 ], [ -96.802994005890099, 32.738224735795001 ], [ -96.802976039584394, 32.738406083944398 ], [ -96.802976039584394, 32.738602544023202 ], [ -96.8054464066158, 32.7385949878744 ], [ -96.805464372921406, 32.738202067250398 ], [ -96.809237297114706, 32.738217179614097 ], [ -96.809246280267601, 32.739131472851803 ], [ -96.810378157525605, 32.739139028955201 ], [ -96.810306292302798, 32.737325545769401 ], [ -96.811563933700597, 32.7373104332544 ], [ -96.811725630451704, 32.738602544023202 ], [ -96.812363434303506, 32.740128872958302 ], [ -96.813109035989299, 32.739494165091301 ], [ -96.813639042006898, 32.740128872958302 ], [ -96.821957441537904, 32.733358422645502 ], [ -96.8233408470754, 32.732844572828903 ], [ -96.824346960193594, 32.732821902915802 ], [ -96.823772038411803, 32.734930180166202 ], [ -96.823736105800407, 32.737982937688301 ], [ -96.823915768857205, 32.7388745649558 ], [ -96.824194246595297, 32.738149173957098 ], [ -96.824185263442502, 32.737348214537001 ], [ -96.824616454778905, 32.737219758111003 ], [ -96.824634421084497, 32.738277629043402 ], [ -96.824463741180594, 32.738270072866896 ], [ -96.824517640097596, 32.741224488996103 ], [ -96.824643404237406, 32.741330271900502 ], [ -96.823295931311193, 32.7413000482263 ], [ -96.822837790516303, 32.741587172716699 ], [ -96.822846773669198, 32.743513905229399 ], [ -96.823798987870305, 32.743196563916896 ], [ -96.824508656944801, 32.743136117824399 ], [ -96.824508656944801, 32.746362370689504 ], [ -96.822828807363507, 32.746324593228898 ], [ -96.822882706280495, 32.7522176834023 ], [ -96.824014583538499, 32.752247903372698 ], [ -96.823969667774307, 32.754627693848903 ], [ -96.822900672586201, 32.754635248638003 ], [ -96.822918638891906, 32.757800648900698 ], [ -96.824571539014698, 32.758019729719997 ], [ -96.825317140700506, 32.759198224189198 ], [ -96.822927622044702, 32.758896047607003 ], [ -96.822855756821994, 32.769207243867697 ], [ -96.817690443938304, 32.7702118606773 ], [ -96.816037543815497, 32.767613430026799 ], [ -96.815471605186502, 32.766941149280797 ], [ -96.814609222513795, 32.766367062827001 ], [ -96.813369547421701, 32.765679664965901 ], [ -96.811096809752897, 32.764788305989498 ], [ -96.810836298320496, 32.764554133930702 ], [ -96.809533741158504, 32.763987586079203 ], [ -96.807135239349904, 32.763315277951101 ], [ -96.805994378939104, 32.762801600903799 ], [ -96.805593342250106, 32.762554085315898 ], [ -96.804951973883405, 32.762158238883899 ], [ -96.804036051619704, 32.761592937337198 ], [ -96.802032808536097, 32.760104747782897 ] ] ] } },
{ "type": "Feature", "properties": { "OBJECTID": 8, "SHAPEarea": 19603921.774900001, "SHAPElen": 39348.1201975, "ZipCode": 75202, "Shape__Area": 2576171.015625, "Shape__Length": 14270.979375687901 }, "geometry": { "type": "Polygon", "coordinates": [ [ [ -96.811483085324994, 32.790868195796499 ], [ -96.810117646093204, 32.788912280426104 ], [ -96.809875100966494, 32.788942487940297 ], [ -96.809479842241402, 32.788519581807797 ], [ -96.809398993865898, 32.787197987183703 ], [ -96.809434926477195, 32.786321947925103 ], [ -96.810189511315897, 32.786223770573997 ], [ -96.8096864547568, 32.784426350687603 ], [ -96.808976080504806, 32.7844062193792 ], [ -96.808886954153905, 32.784403693902703 ], [ -96.808886954153905, 32.783316161438101 ], [ -96.807835925271505, 32.784403693902703 ], [ -96.805275726711798, 32.786525854384998 ], [ -96.806344721899904, 32.787613347610097 ], [ -96.806488452345306, 32.788209952828701 ], [ -96.805724884353793, 32.788799002156402 ], [ -96.8045121587203, 32.787726627389702 ], [ -96.804610973401495, 32.787416995650197 ], [ -96.803649776047493, 32.788209952828701 ], [ -96.803083837418498, 32.787681315495199 ], [ -96.804754703846996, 32.786284187418303 ], [ -96.803964186396996, 32.785528973915604 ], [ -96.803011972195804, 32.786321947925103 ], [ -96.801520768824105, 32.7850305294915 ], [ -96.802571797706605, 32.784146916603 ], [ -96.802023825383301, 32.783656016761398 ], [ -96.803640792894697, 32.782289035236303 ], [ -96.803389264615106, 32.781752810228298 ], [ -96.802976039584394, 32.781903859853301 ], [ -96.800451773635999, 32.783656016761398 ], [ -96.799319896378094, 32.779834457681197 ], [ -96.798574294692202, 32.780000615837103 ], [ -96.798125137050206, 32.778656236401297 ], [ -96.796598001067196, 32.778988556803498 ], [ -96.796247658106395, 32.777976486258297 ], [ -96.798709041984793, 32.777402470982302 ], [ -96.798771924054705, 32.777251413715298 ], [ -96.7984305642468, 32.7763299588335 ], [ -96.798205985425696, 32.776390382396798 ], [ -96.797873608770601, 32.775589766853798 ], [ -96.796831563041096, 32.7745172328572 ], [ -96.796067995049498, 32.775144138100899 ], [ -96.795313410210895, 32.774502126652301 ], [ -96.796130877119396, 32.773837451096298 ], [ -96.795789517311505, 32.773512664644201 ], [ -96.797738861477995, 32.773006599670403 ], [ -96.798771924054705, 32.772598724313603 ], [ -96.798801687935097, 32.7725770932717 ], [ -96.800559571470103, 32.771299553310797 ], [ -96.799553458351895, 32.7705744263653 ], [ -96.800505672553101, 32.769630241801103 ], [ -96.800510648321406, 32.769635431822202 ], [ -96.801215341627497, 32.770370483347499 ], [ -96.803047904807201, 32.768867333357299 ], [ -96.8018800949378, 32.769970149397999 ], [ -96.802041791688893, 32.7700985585968 ], [ -96.803991135855497, 32.769516938980303 ], [ -96.804700804929894, 32.769456510750302 ], [ -96.806677098554999, 32.770143879446302 ], [ -96.806147092537401, 32.770989864400597 ], [ -96.806524384956703, 32.771171145844598 ], [ -96.805697934895306, 32.772228613575997 ], [ -96.806650149096498, 32.772742236226399 ], [ -96.806299806135698, 32.773195430221001 ], [ -96.807207104572598, 32.773678834605001 ], [ -96.807683211673194, 32.7741848957562 ], [ -96.808590510110193, 32.777274072321703 ], [ -96.809390010713003, 32.778512734025803 ], [ -96.810225443927294, 32.778437206366704 ], [ -96.811321388573901, 32.777651714912302 ], [ -96.8116447820762, 32.780317826000498 ], [ -96.811662748381906, 32.781163714240499 ], [ -96.811429186408006, 32.782417426659997 ], [ -96.8102434102329, 32.782651551720399 ], [ -96.813817049468696, 32.794049504477996 ], [ -96.814079216496097, 32.794885616773598 ], [ -96.812776659334205, 32.793934138733498 ], [ -96.810638668958006, 32.791366607508003 ], [ -96.811483085324994, 32.790868195796499 ] ], [ [ -96.803281466781002, 32.7813449749599 ], [ -96.803056887959997, 32.780650140196798 ], [ -96.801197375321905, 32.781020215909102 ], [ -96.801493819365604, 32.781752810228298 ], [ -96.803281466781002, 32.7813449749599 ] ] ] } },
{ "type": "Feature", "properties": { "OBJECTID": 9, "SHAPEarea": 40354515.851599999, "SHAPElen": 48648.7305701, "ZipCode": 75201, "Shape__Area": 5326536.0, "Shape__Length": 17631.7203845109 }, "geometry": { "type": "Polygon", "coordinates": [ [ [ -96.805850648493603, 32.8020062760191 ], [ -96.805464372921406, 32.800715085336599 ], [ -96.804700804929894, 32.801304051833696 ], [ -96.804350461969094, 32.800035503760803 ], [ -96.805329625628801, 32.799423875901198 ], [ -96.803721641270201, 32.798042034504597 ], [ -96.803497062449196, 32.798200607558996 ], [ -96.802158572675907, 32.797830603325501 ], [ -96.802419084108294, 32.796909361605699 ], [ -96.797801743547893, 32.793058165822899 ], [ -96.794809572117501, 32.795085939360803 ], [ -96.794603741136399, 32.795225427892099 ], [ -96.794443036125401, 32.795438069702499 ], [ -96.794372565986293, 32.795531314933697 ], [ -96.794118650882993, 32.795867289795197 ], [ -96.793840379757398, 32.796596026243698 ], [ -96.793453565196103, 32.797609004787397 ], [ -96.793417964961407, 32.797702234150002 ], [ -96.793422844610006, 32.797832808253197 ], [ -96.793471863878395, 32.799144488935703 ], [ -96.793184402987507, 32.798880203160202 ], [ -96.793103554611903, 32.795497275852 ], [ -96.792420834995994, 32.789297425463701 ], [ -96.792286087703403, 32.7862011142469 ], [ -96.792097441493695, 32.785483660901598 ], [ -96.791921568429103, 32.785187946094602 ], [ -96.791706674345093, 32.784826619603997 ], [ -96.791630317545994, 32.784698231657202 ], [ -96.791010479999898, 32.784071393726798 ], [ -96.785961948103207, 32.781805677626302 ], [ -96.785961948103207, 32.781722600272602 ], [ -96.786509920426496, 32.781699942799001 ], [ -96.785872116574794, 32.7806274824501 ], [ -96.785360076862801, 32.780061036907803 ], [ -96.785746352434998, 32.7798495629809 ], [ -96.785045666513398, 32.779698509868197 ], [ -96.783500564224695, 32.777870746880403 ], [ -96.784067974294103, 32.777454291874001 ], [ -96.785692453517996, 32.776261982275798 ], [ -96.785847537770294, 32.776185597711198 ], [ -96.787210606348097, 32.775514236713697 ], [ -96.788144854243598, 32.775219668555003 ], [ -96.791495570253403, 32.774607870033002 ], [ -96.795789517311505, 32.773512664644201 ], [ -96.796130877119396, 32.773837451096298 ], [ -96.795313410210895, 32.774502126652301 ], [ -96.796067995049498, 32.775144138100899 ], [ -96.796831563041096, 32.7745172328572 ], [ -96.797873608770601, 32.775589766853798 ], [ -96.798205985425696, 32.776390382396798 ], [ -96.7984305642468, 32.7763299588335 ], [ -96.798771924054705, 32.777251413715298 ], [ -96.798709041984793, 32.777402470982302 ], [ -96.796247658106395, 32.777976486258297 ], [ -96.796598001067196, 32.778988556803498 ], [ -96.798125137050206, 32.778656236401297 ], [ -96.798574294692202, 32.780000615837103 ], [ -96.799319896378094, 32.779834457681197 ], [ -96.800451773635999, 32.783656016761398 ], [ -96.802976039584394, 32.781903859853301 ], [ -96.803389264615106, 32.781752810228298 ], [ -96.803640792894697, 32.782289035236303 ], [ -96.802023825383301, 32.783656016761398 ], [ -96.802571797706605, 32.784146916603 ], [ -96.801520768824105, 32.7850305294915 ], [ -96.803011972195804, 32.786321947925103 ], [ -96.803964186396996, 32.785528973915604 ], [ -96.804754703846996, 32.786284187418303 ], [ -96.803083837418498, 32.787681315495199 ], [ -96.803649776047493, 32.788209952828701 ], [ -96.804610973401495, 32.787416995650197 ], [ -96.8045121587203, 32.787726627389702 ], [ -96.805724884353793, 32.788799002156402 ], [ -96.806488452345306, 32.788209952828701 ], [ -96.806344721899904, 32.787613347610097 ], [ -96.805275726711798, 32.786525854384998 ], [ -96.807835925271505, 32.784403693902703 ], [ -96.808886954153905, 32.783316161438101 ], [ -96.808886954153905, 32.784403693902703 ], [ -96.808965392349606, 32.7845589811254 ], [ -96.809165431891998, 32.784955007365497 ], [ -96.808949836223803, 32.7849399029325 ], [ -96.808680341638606, 32.786752416570003 ], [ -96.808833055236903, 32.7891690439698 ], [ -96.808653392180105, 32.789282321768198 ], [ -96.808904920459597, 32.789486221441599 ], [ -96.808920125344102, 32.7899208108906 ], [ -96.808922886765302, 32.789999744474102 ], [ -96.808997014844195, 32.7900859971732 ], [ -96.810279342844296, 32.791578054056899 ], [ -96.810638668958006, 32.791366607508003 ], [ -96.812776659334205, 32.793934138733498 ], [ -96.814079216496097, 32.794885616773598 ], [ -96.815058380155804, 32.7971661020608 ], [ -96.814935999969705, 32.7984079074212 ], [ -96.814932616016094, 32.798442242145697 ], [ -96.8132527664348, 32.7973850859807 ], [ -96.812462248984701, 32.7983214249344 ], [ -96.809695437909596, 32.800020401889 ], [ -96.810908163543203, 32.801168136834498 ], [ -96.810252393385795, 32.8009114079358 ], [ -96.809605606381197, 32.801077526719602 ], [ -96.809363061254501, 32.8011983401856 ], [ -96.809937983036306, 32.801681592407697 ], [ -96.808860004695404, 32.801953420628301 ], [ -96.807862874730006, 32.802617886112699 ], [ -96.807386767629396, 32.802074232903898 ], [ -96.806946593140196, 32.801945869855601 ], [ -96.806209974607199, 32.802481973122198 ], [ -96.805670985436805, 32.802625436828301 ], [ -96.805835501101299, 32.802058477482397 ], [ -96.805850648493603, 32.8020062760191 ] ] ] } },
{ "type": "Feature", "properties": { "OBJECTID": 10, "SHAPEarea": 170008715.21799999, "SHAPElen": 63158.627255400002, "ZipCode": 75137, "Shape__Area": 32748.7421875, "Shape__Length": 7015.3471035233697 }, "geometry": { "type": "MultiPolygon", "coordinates": [ [ [ [ -96.943247931673795, 32.626955296440201 ], [ -96.943245560121497, 32.626470915100398 ], [ -96.943252355876595, 32.626471052038603 ], [ -96.943319836422404, 32.631891285144398 ], [ -96.942879661933205, 32.634274286235502 ], [ -96.942884154407906, 32.634760477992003 ], [ -96.942933560850193, 32.640106697311602 ], [ -96.9429784766144, 32.6472472898162 ], [ -96.942957665344295, 32.647246559901298 ], [ -96.942882986598093, 32.6472439397714 ], [ -96.942884405936198, 32.6471364198336 ], [ -96.942868199430194, 32.6460886638001 ], [ -96.942861674966295, 32.643756418404699 ], [ -96.942842115049302, 32.642126439949799 ], [ -96.942848773362201, 32.641550263983198 ], [ -96.942844380600405, 32.641352252089703 ], [ -96.942840433403006, 32.640106536187901 ], [ -96.942804435214697, 32.637628535660298 ], [ -96.942795444875301, 32.635813532761198 ], [ -96.942780441213401, 32.634850540838499 ], [ -96.9427966414313, 32.634409695530003 ], [ -96.942800459271197, 32.634272468370298 ], [ -96.9428704245571, 32.633810945012797 ], [ -96.943014443361804, 32.633184542416302 ], [ -96.943119895694693, 32.632741495016901 ], [ -96.943163870024506, 32.632567463992402 ], [ -96.9432001179445, 32.632396552493603 ], [ -96.943230150421101, 32.632131305401501 ], [ -96.943235490905394, 32.632025606390897 ], [ -96.943235672365105, 32.631911180061898 ], [ -96.943228593640697, 32.631751752033402 ], [ -96.943220082103394, 32.631228774601801 ], [ -96.943235757705096, 32.629047521498798 ], [ -96.943235472939094, 32.628744726996302 ], [ -96.943237708845899, 32.628617014550798 ], [ -96.943236739563702, 32.627832237582901 ], [ -96.943247931673795, 32.626955296440201 ] ] ], [ [ [ -96.888009770268496, 32.647360233675997 ], [ -96.891182759989206, 32.647342873823803 ], [ -96.891182774362207, 32.6473843957166 ], [ -96.891182774362207, 32.647385394904298 ], [ -96.888828428343103, 32.647432532194102 ], [ -96.884480185312597, 32.647519589262401 ], [ -96.884569172424605, 32.647435262750903 ], [ -96.885365298056996, 32.647417911233497 ], [ -96.888009770268496, 32.647360233675997 ] ] ] ] } },
{ "type": "Feature", "properties": { "OBJECTID": 11, "SHAPEarea": 142986256.31900001, "SHAPElen": 55639.155723700002, "ZipCode": 75116, "Shape__Area": 67510.98828125, "Shape__Length": 11999.372449467401 }, "geometry": { "type": "MultiPolygon", "coordinates": [ [ [ [ -96.942882694645604, 32.647266036903297 ], [ -96.942882986598093, 32.6472439397714 ], [ -96.942957665344295, 32.647246559901298 ], [ -96.9429784766144, 32.6472472898162 ], [ -96.943230004894005, 32.662230090626302 ], [ -96.943076224995494, 32.662175318352197 ], [ -96.943081088474401, 32.662025175976098 ], [ -96.943089189481597, 32.661778556600801 ], [ -96.943116094922701, 32.661501835574597 ], [ -96.943159260768795, 32.6610488382656 ], [ -96.943170660389697, 32.660677064889803 ], [ -96.943156664637598, 32.659802883980099 ], [ -96.943137188263904, 32.659182262966603 ], [ -96.943139575985896, 32.658965856319398 ], [ -96.943123413497304, 32.658381537679197 ], [ -96.943107804370996, 32.657293894377602 ], [ -96.943089741945499, 32.656512640020097 ], [ -96.943082605728904, 32.6561186567871 ], [ -96.943072417037001, 32.655415533601499 ], [ -96.943060414646496, 32.655217542575201 ], [ -96.943050634688007, 32.654691695182599 ], [ -96.943035675043504, 32.654301119505803 ], [ -96.9430060477072, 32.653018998311097 ], [ -96.942991751019406, 32.652765376078797 ], [ -96.942936421984399, 32.651020544262103 ], [ -96.942940431165496, 32.650893537530301 ], [ -96.942934852627602, 32.650831725691802 ], [ -96.942939292101798, 32.650365065089403 ], [ -96.942936301610203, 32.650214980782103 ], [ -96.942912629205793, 32.648792447321902 ], [ -96.942888899309295, 32.647902294899502 ], [ -96.942877429619699, 32.647400540046497 ], [ -96.942882694645604, 32.647266036903297 ] ] ], [ [ [ -96.925748102253806, 32.662613424516998 ], [ -96.9257616183056, 32.6624253087965 ], [ -96.925827583393499, 32.662432820727801 ], [ -96.925649946936005, 32.670154490463602 ], [ -96.925666668176703, 32.6689883701439 ], [ -96.925694667765796, 32.667837510135598 ], [ -96.925701387164096, 32.666443275271398 ], [ -96.925745297713505, 32.6634543217897 ], [ -96.925748102253806, 32.662613424516998 ] ] ], [ [ [ -96.905674594155002, 32.675586187516998 ], [ -96.905674462102596, 32.675585318702097 ], [ -96.9083970643876, 32.675603783852097 ], [ -96.908396891012799, 32.675612602056297 ], [ -96.905674594155002, 32.675586187516998 ] ] ], [ [ [ -96.911198629484403, 32.6764587796321 ], [ -96.912016816841899, 32.676454982290302 ], [ -96.912016879723893, 32.676460223862001 ], [ -96.911198629484403, 32.6764587796321 ] ] ], [ [ [ -96.925631544049097, 32.670938713094799 ], [ -96.925632692994299, 32.670904494822601 ], [ -96.925632008478104, 32.670934239486201 ], [ -96.925766755770695, 32.676484487677499 ], [ -96.925727502986106, 32.676484418112601 ], [ -96.925664606543094, 32.675327147982003 ], [ -96.925655890189901, 32.674934742604997 ], [ -96.925632180954693, 32.674281015389198 ], [ -96.925619125738606, 32.673579334179003 ], [ -96.925631544049097, 32.670938713094799 ] ] ], [ [ [ -96.905260386367402, 32.6765003084166 ], [ -96.905663386773497, 32.676497900107599 ], [ -96.905680426017796, 32.676605470173897 ], [ -96.905260386367402, 32.6765003084166 ] ] ], [ [ [ -96.891478061375906, 32.676635715772399 ], [ -96.891478061375906, 32.676492049088303 ], [ -96.892529090258293, 32.676499610498503 ], [ -96.8925740060225, 32.6742009123247 ], [ -96.891496027681598, 32.6742084739288 ], [ -96.891491660970999, 32.673028626072799 ], [ -96.892183723964195, 32.673029498693403 ], [ -96.892814688043302, 32.673024419496898 ], [ -96.892857396646903, 32.676574436666897 ], [ -96.902274735807595, 32.676518152585899 ], [ -96.901970383894394, 32.6765827859683 ], [ -96.900263584854599, 32.676590347370798 ], [ -96.891478061375906, 32.676635715772399 ] ] ] ] } },
{ "type": "Feature", "properties": { "OBJECTID": 12, "SHAPEarea": 319011004.495, "SHAPElen": 80848.144998100004, "ZipCode": 75080, "Shape__Area": 588694.99609375, "Shape__Length": 4226.4175067763199 }, "geometry": { "type": "MultiPolygon", "coordinates": [ [ [ [ -96.7574976048205, 32.983198376675603 ], [ -96.757599637267006, 32.982907780320403 ], [ -96.758995031720403, 32.982928073809703 ], [ -96.759520161682701, 32.982935796803297 ], [ -96.760582394353307, 32.982951404798698 ], [ -96.761798011663799, 32.982969259835698 ], [ -96.7637156722502, 32.982997402893098 ], [ -96.764583487933805, 32.983010124836198 ], [ -96.767417196548095, 32.983051632583397 ], [ -96.767934528235401, 32.983059204859103 ], [ -96.768183293297099, 32.983063124749201 ], [ -96.768157339171907, 32.986543693922798 ], [ -96.756659441626098, 32.986402845553101 ], [ -96.7566694641297, 32.985741124058698 ], [ -96.756679564786793, 32.984969525572801 ], [ -96.756700062544894, 32.984704931531802 ], [ -96.756748056835605, 32.984510876258199 ], [ -96.756841050433806, 32.984274498845302 ], [ -96.756917001194495, 32.984139115946903 ], [ -96.757117682133995, 32.983857418844998 ], [ -96.757278326957902, 32.983636306961003 ], [ -96.757433196512906, 32.983363565497299 ], [ -96.7574976048205, 32.983198376675603 ] ] ], [ [ [ -96.756429654372994, 32.997507172416803 ], [ -96.756430626350195, 32.997475857600001 ], [ -96.756470257325603, 32.997483915342499 ], [ -96.756640937229506, 32.999887267126503 ], [ -96.756804629138898, 33.000282643867003 ], [ -96.756369287585898, 33.000408270502497 ], [ -96.756383810649098, 32.999826182871701 ], [ -96.756426473438594, 32.997664434197603 ], [ -96.756429654372994, 32.997507172416803 ] ] ] ] } },
{ "type": "Feature", "properties": { "OBJECTID": 13, "SHAPEarea": 426600271.05199999, "SHAPElen": 153238.790996, "ZipCode": 75063, "Shape__Area": 1828647.95703125, "Shape__Length": 30596.6520352767 }, "geometry": { "type": "MultiPolygon", "coordinates": [ [ [ [ -96.9358525070799, 32.936733666588403 ], [ -96.936061659132505, 32.936731179372003 ], [ -96.936130545541801, 32.936740381092001 ], [ -96.936161940762602, 32.936744958202802 ], [ -96.9358525070799, 32.936733666588403 ] ] ], [ [ [ -96.936341540937406, 32.936893879662897 ], [ -96.936180564635094, 32.9367476731057 ], [ -96.936195057155601, 32.936749785618197 ], [ -96.936274165494396, 32.936762629572797 ], [ -96.936342387150404, 32.936823262120498 ], [ -96.936341540937406, 32.936893879662897 ] ] ], [ [ [ -96.935294412539903, 32.935012853535099 ], [ -96.935389639349907, 32.934866638590698 ], [ -96.935539792749694, 32.9347913291259 ], [ -96.935722565774, 32.934812924425202 ], [ -96.935908570936704, 32.934842604287702 ], [ -96.935985125365207, 32.934854821989802 ], [ -96.936178164336596, 32.934944087689097 ], [ -96.936382652336306, 32.935033510872799 ], [ -96.9364080890319, 32.935045985643598 ], [ -96.936564237787906, 32.9351226263569 ], [ -96.936757790595607, 32.935182948650201 ], [ -96.936974065390203, 32.935253207117597 ], [ -96.937155831403103, 32.935332684736203 ], [ -96.937360823357693, 32.935393152396998 ], [ -96.937554200095605, 32.9354631241997 ], [ -96.937702476914694, 32.935493935509399 ], [ -96.937908329455297, 32.9355061606609 ], [ -96.938149024950903, 32.9354898740295 ], [ -96.938390227096207, 32.935444663193501 ], [ -96.938585985268006, 32.935379568626601 ], [ -96.938805826374207, 32.935247231365203 ], [ -96.938979036832393, 32.935162565028897 ], [ -96.939130208921597, 32.935029364175897 ], [ -96.9392697604044, 32.934905662841899 ], [ -96.939456292878205, 32.934715011569097 ], [ -96.939608808847098, 32.934504648635198 ], [ -96.939737088269695, 32.934371155766499 ], [ -96.939844340826397, 32.934131259698098 ], [ -96.939927179868704, 32.933977920694602 ], [ -96.940010857937395, 32.9337763192338 ], [ -96.940082079068006, 32.933632468161797 ], [ -96.940186572898497, 32.933421271790898 ], [ -96.940260072156804, 32.933166232107098 ], [ -96.940264986839694, 32.932887077687603 ], [ -96.940266830182694, 32.932782405674097 ], [ -96.940238821610393, 32.932681673003501 ], [ -96.940175971879896, 32.932455505105999 ], [ -96.940111683946597, 32.932187124170802 ], [ -96.940048227853197, 32.932093454012801 ], [ -96.9395259455504, 32.9317286373727 ], [ -96.939108127433599, 32.9315333777446 ], [ -96.938661795891505, 32.931288193880597 ], [ -96.937962971279106, 32.930915915549903 ], [ -96.937379390636295, 32.930677270014499 ], [ -96.937049137598393, 32.930516152209101 ], [ -96.936821288011501, 32.930397870235197 ], [ -96.936545177334196, 32.930213782495997 ], [ -96.9363333339289, 32.930102949508502 ], [ -96.936176499758403, 32.930065118208098 ], [ -96.935924467524003, 32.930058835232501 ], [ -96.935716803979801, 32.930059346435897 ], [ -96.935490856126194, 32.930047123547503 ], [ -96.935261073364799, 32.930041121053897 ], [ -96.935060957465595, 32.930035473687902 ], [ -96.934718487339893, 32.930024260385601 ], [ -96.934489084565797, 32.929996374151301 ], [ -96.934208291869197, 32.929939693100401 ], [ -96.933972039441102, 32.929880465038998 ], [ -96.933932965421207, 32.929865769796301 ], [ -96.933765777268704, 32.929802859201097 ], [ -96.933589225077696, 32.929722503493203 ], [ -96.933464504780304, 32.9296459161583 ], [ -96.933366343174299, 32.929535289053 ], [ -96.933212972907498, 32.929402091789903 ], [ -96.933122292471097, 32.929288425030599 ], [ -96.933068621726207, 32.929178362220398 ], [ -96.933049643917499, 32.929076014157097 ], [ -96.933018999688201, 32.928910600930202 ], [ -96.933011790707994, 32.928818671299801 ], [ -96.933005568078102, 32.928739275292003 ], [ -96.933030372359696, 32.928577703819101 ], [ -96.933109635208794, 32.928439914001899 ], [ -96.933216903935204, 32.928270102243197 ], [ -96.9333627247603, 32.9280915324021 ], [ -96.933535599248501, 32.927936445700503 ], [ -96.933690938622405, 32.927841254735199 ], [ -96.933857298528196, 32.927741559983701 ], [ -96.934256057089499, 32.927592224244002 ], [ -96.934471413805795, 32.9275162978388 ], [ -96.934691673526999, 32.927472813378699 ], [ -96.934901131006797, 32.927419945246399 ], [ -96.935099449377205, 32.927376156118903 ], [ -96.935335610177106, 32.927365250115699 ], [ -96.935533103894102, 32.927367730809301 ], [ -96.935729560056799, 32.927430351334401 ], [ -96.9359096489151, 32.927488113734199 ], [ -96.936089358684299, 32.927564390023697 ], [ -96.936257469406598, 32.927677503294397 ], [ -96.936419367380296, 32.927832188564601 ], [ -96.936627020144797, 32.9279602338123 ], [ -96.936789407700402, 32.928087175012699 ], [ -96.937020352881802, 32.928152677584002 ], [ -96.937245286537404, 32.928030093116099 ], [ -96.937389744618201, 32.927764750220398 ], [ -96.937402928293295, 32.927544866478698 ], [ -96.937360658067604, 32.9273007279293 ], [ -96.937228541940499, 32.926866871328599 ], [ -96.937165269103502, 32.926756050736401 ], [ -96.937112024159902, 32.926677709254101 ], [ -96.937000024006906, 32.926541934227899 ], [ -96.936853650717893, 32.926347648654399 ], [ -96.936551113401606, 32.926059232940602 ], [ -96.936333199181604, 32.925876104338897 ], [ -96.936200884526798, 32.925694035516599 ], [ -96.936019592824394, 32.925457226276002 ], [ -96.9359179152123, 32.925155273593099 ], [ -96.935906312572101, 32.925004788870098 ], [ -96.935908541292306, 32.924878531677798 ], [ -96.935967710625107, 32.9247590130935 ], [ -96.936020359087294, 32.9246326371672 ], [ -96.936137048446099, 32.924460451939403 ], [ -96.936195710230805, 32.924370979611702 ], [ -96.936471813721596, 32.924100103921702 ], [ -96.936736150180394, 32.923944162683298 ], [ -96.937088493689402, 32.9237403290158 ], [ -96.937322692568799, 32.9236452564448 ], [ -96.937431090477503, 32.923601261103599 ], [ -96.937773371956894, 32.923447477059 ], [ -96.938048641811093, 32.923160164863603 ], [ -96.938250784309602, 32.922793366692503 ], [ -96.938304425410195, 32.922393271814798 ], [ -96.938254340739803, 32.9220625904805 ], [ -96.938157978459301, 32.921715615726697 ], [ -96.938123558610897, 32.921639255973098 ], [ -96.938093918698101, 32.921574010238302 ], [ -96.937996595220199, 32.921359580319297 ], [ -96.937951595912693, 32.921014328862398 ], [ -96.938007373207, 32.920756196425501 ], [ -96.938047717444704, 32.920676934193402 ], [ -96.938192442325203, 32.920392581774699 ], [ -96.938351356095595, 32.920071420669103 ], [ -96.938487385284105, 32.919599171778998 ], [ -96.938648216957603, 32.919170313916297 ], [ -96.938692329627997, 32.918970905515501 ], [ -96.938657326772898, 32.918653393543998 ], [ -96.938612824233701, 32.918241874369201 ], [ -96.938442297043395, 32.917810492017303 ], [ -96.938167467363698, 32.9174623573847 ], [ -96.937793908342599, 32.916919080321499 ], [ -96.937669070365899, 32.916509077124303 ], [ -96.937649044223306, 32.916443301997298 ], [ -96.937634520261796, 32.915818358556997 ], [ -96.937741606630198, 32.915539636557199 ], [ -96.938050290219707, 32.915019032995403 ], [ -96.938302438336805, 32.914613814930597 ], [ -96.938421363602302, 32.914357364368598 ], [ -96.938416501021706, 32.914092099624703 ], [ -96.938312029649097, 32.913855093429397 ], [ -96.938274019234498, 32.9136826662725 ], [ -96.938027193635406, 32.913362078089001 ], [ -96.937806177532806, 32.913159820314597 ], [ -96.937667415669196, 32.913083116836198 ], [ -96.9375752593008, 32.913043325056599 ], [ -96.937383440241604, 32.912959669879797 ], [ -96.937236280926697, 32.912895688461298 ], [ -96.937217471102898, 32.912858502129801 ], [ -96.937144796498103, 32.912793288382701 ], [ -96.937001875434703, 32.912769864211299 ], [ -96.9369468814714, 32.912749688846397 ], [ -96.936835655666101, 32.9127118305192 ], [ -96.936548750832401, 32.912625960886402 ], [ -96.936314930143695, 32.912579036281301 ], [ -96.936066173166793, 32.9125470495879 ], [ -96.935872225998594, 32.912548735837099 ], [ -96.935792658620699, 32.912532622201702 ], [ -96.935673860017602, 32.912538334032199 ], [ -96.935212182555404, 32.9124607205258 ], [ -96.934490157154301, 32.912447914520698 ], [ -96.934227606546202, 32.912432849117998 ], [ -96.933774782879397, 32.912335151310401 ], [ -96.9336519176031, 32.912313647808602 ], [ -96.933531798476494, 32.912287176035903 ], [ -96.933331404099604, 32.912200667234998 ], [ -96.9332327583016, 32.912166663081301 ], [ -96.933073215710493, 32.912057216223403 ], [ -96.932926839726505, 32.912036961511298 ], [ -96.932845269105499, 32.911994734893703 ], [ -96.932705465196094, 32.9119125658938 ], [ -96.932591755549197, 32.911844526431999 ], [ -96.932505643045999, 32.911789738718703 ], [ -96.932404280742603, 32.9117347051208 ], [ -96.932323241924195, 32.911684366788201 ], [ -96.932233242410803, 32.911619488524501 ], [ -96.932149966787406, 32.911551246726603 ], [ -96.932060816181902, 32.911461967983598 ], [ -96.931781382636402, 32.911180107076703 ], [ -96.931708335230795, 32.911075744226103 ], [ -96.931612266699304, 32.910929970871301 ], [ -96.931495046436197, 32.910751542510297 ], [ -96.931432404216494, 32.910668936456297 ], [ -96.931369854523297, 32.910567165782403 ], [ -96.931280966225899, 32.910386625056503 ], [ -96.931161762482702, 32.910144482935699 ], [ -96.931085297885701, 32.9099976009432 ], [ -96.931053028603998, 32.909918933157698 ], [ -96.931027491297201, 32.909842625821497 ], [ -96.930992297999296, 32.9097394808716 ], [ -96.930957775742897, 32.909572677779103 ], [ -96.930929924375803, 32.909406078750401 ], [ -96.931237791396697, 32.909475332779799 ], [ -96.931309112240399, 32.909718956393903 ], [ -96.931369746725494, 32.909857851546903 ], [ -96.931436492449393, 32.909992155920797 ], [ -96.931491480124507, 32.910131233905403 ], [ -96.931526116466998, 32.910253642562402 ], [ -96.931668031417203, 32.910460107616103 ], [ -96.931753533964297, 32.910639504896601 ], [ -96.931841064008907, 32.910759578751303 ], [ -96.9318915133953, 32.910843805391202 ], [ -96.931935949459103, 32.910917540211599 ], [ -96.932019178370197, 32.911043050351701 ], [ -96.932119280337304, 32.9111618438695 ], [ -96.932330157155306, 32.911329008975002 ], [ -96.932405456637298, 32.911392511134601 ], [ -96.932566438329502, 32.911523533402999 ], [ -96.932830433428606, 32.911712934506298 ], [ -96.933023768843995, 32.911811249135098 ], [ -96.933267992921998, 32.911946079198898 ], [ -96.933488241863301, 32.912031321291799 ], [ -96.933634013281207, 32.912074219077098 ], [ -96.933758502711498, 32.912101469186197 ], [ -96.933928048941596, 32.912155933934798 ], [ -96.934157808346896, 32.912195403341599 ], [ -96.934318265422903, 32.912214269647002 ], [ -96.934655875662898, 32.912241736151003 ], [ -96.934766328916993, 32.912257833248297 ], [ -96.934835692331603, 32.912280059228699 ], [ -96.9352109868978, 32.9122517835455 ], [ -96.935323165815504, 32.9123049918067 ], [ -96.935465386193002, 32.9123288535013 ], [ -96.9355665131378, 32.912329102367003 ], [ -96.935668646195694, 32.912357875756598 ], [ -96.935717774160295, 32.912348074977302 ], [ -96.935736945106697, 32.912365605671702 ], [ -96.935790540393199, 32.912375900409401 ], [ -96.935844477039495, 32.912357731716199 ], [ -96.935872378712205, 32.912313630463402 ], [ -96.936106715033901, 32.912377703553297 ], [ -96.936157336896798, 32.912366763273702 ], [ -96.936178870412505, 32.912347785388299 ], [ -96.936213132157405, 32.912345470938099 ], [ -96.936274610160496, 32.912350878863002 ], [ -96.936378805750294, 32.912375935099803 ], [ -96.936442664288904, 32.912386544311701 ], [ -96.936575241251802, 32.912428958522703 ], [ -96.936643962370994, 32.912440163496903 ], [ -96.936765108271899, 32.912462360020101 ], [ -96.936938487613304, 32.912518142023501 ], [ -96.937034393549695, 32.912531719500102 ], [ -96.9370615082982, 32.912565045545101 ], [ -96.937112058295895, 32.912562930192699 ], [ -96.937222209715998, 32.912600045759497 ], [ -96.937542430368694, 32.912738775007497 ], [ -96.937695734160201, 32.9128231701986 ], [ -96.937761703739696, 32.912870057721797 ], [ -96.937884802577997, 32.912913501847299 ], [ -96.937952167241207, 32.912973490119597 ], [ -96.938112163481506, 32.913049673341703 ], [ -96.938203137666903, 32.913158034531797 ], [ -96.938227151431093, 32.913263376805297 ], [ -96.938425889314701, 32.913481752333503 ], [ -96.938478212586702, 32.913558634948998 ], [ -96.938540499073596, 32.913750916230903 ], [ -96.938530941897298, 32.913852886858599 ], [ -96.938562019114499, 32.913936985370697 ], [ -96.9386204293709, 32.914106700959302 ], [ -96.938639924609205, 32.914189376201101 ], [ -96.938624880523193, 32.9142929427992 ], [ -96.938627593435299, 32.9144306709386 ], [ -96.938594446499707, 32.914522834211802 ], [ -96.938562185302899, 32.914605941929203 ], [ -96.938508049230606, 32.9146813439881 ], [ -96.938341386592597, 32.915019522416401 ], [ -96.9382543596045, 32.9151567026924 ], [ -96.938168223745095, 32.915288667309497 ], [ -96.938105871681302, 32.915387648372999 ], [ -96.938039924559604, 32.915540211943899 ], [ -96.937948951272503, 32.915688782240998 ], [ -96.937899837680902, 32.915823521938599 ], [ -96.937877023167701, 32.915985327850599 ], [ -96.937871335933593, 32.916215713331297 ], [ -96.937894074090096, 32.916383623750903 ], [ -96.937954959205101, 32.916541396453297 ], [ -96.938010176849005, 32.9166793608983 ], [ -96.938077140863498, 32.9168082593363 ], [ -96.938185768740894, 32.917036543265503 ], [ -96.938249813230797, 32.917172039533099 ], [ -96.938391789266504, 32.917362761037197 ], [ -96.938503638502496, 32.917479738509599 ], [ -96.938529037468896, 32.917600222361997 ], [ -96.938652326750102, 32.917812013020203 ], [ -96.9387219425913, 32.917951095308901 ], [ -96.938738185030005, 32.918094505097201 ], [ -96.938793447589603, 32.918288260570101 ], [ -96.938818561790001, 32.918505944270102 ], [ -96.938814484336902, 32.918820266999298 ], [ -96.938828833127005, 32.918996808220001 ], [ -96.938820435675694, 32.919168954309903 ], [ -96.938801287187104, 32.9192777521612 ], [ -96.938782277937406, 32.919436793341902 ], [ -96.938744841546196, 32.919586663912803 ], [ -96.9387057172206, 32.9197843561601 ], [ -96.938655085476299, 32.919984383330203 ], [ -96.938528752702894, 32.9202071822479 ], [ -96.938394991760504, 32.920508078022102 ], [ -96.938298805549806, 32.9207812698886 ], [ -96.938259207812095, 32.920991261277003 ], [ -96.938256095149598, 32.921179630923199 ], [ -96.9383197677369, 32.921366850978998 ], [ -96.938395771498193, 32.9215925593479 ], [ -96.938438100114396, 32.921773780753902 ], [ -96.938450713359302, 32.921892268804399 ], [ -96.938467175885194, 32.921994294147297 ], [ -96.938526093689703, 32.922213133745103 ], [ -96.938515960693294, 32.922367635531003 ], [ -96.938488474940598, 32.922509867120397 ], [ -96.938475478114995, 32.922728365366702 ], [ -96.938437408411602, 32.922874255773699 ], [ -96.938349309733397, 32.923024225335702 ], [ -96.938265544528093, 32.923181084360998 ], [ -96.938199637830607, 32.9232706687365 ], [ -96.938102266742007, 32.923375546547597 ], [ -96.937969420284503, 32.923469961882603 ], [ -96.937789073609807, 32.923576878388502 ], [ -96.937547660360295, 32.923679566853799 ], [ -96.937446863097307, 32.923736462292901 ], [ -96.937280767296201, 32.923844720668299 ], [ -96.937184600848397, 32.923894078619597 ], [ -96.937081011621402, 32.9239550012447 ], [ -96.936876104108407, 32.924054339832502 ], [ -96.936787341575197, 32.924109275286 ], [ -96.936672724629801, 32.9241895976363 ], [ -96.936570825133899, 32.924255303667003 ], [ -96.936434257854501, 32.924371671816502 ], [ -96.936296828192397, 32.924509014794801 ], [ -96.936226843143601, 32.924602775927099 ], [ -96.936159116459393, 32.924718459711798 ], [ -96.936095082749304, 32.924876259781101 ], [ -96.936047722669201, 32.925050458213803 ], [ -96.936066958294404, 32.925149279815898 ], [ -96.936161090956404, 32.9253659626334 ], [ -96.936242798121299, 32.925514361106302 ], [ -96.936334359805002, 32.925640306733001 ], [ -96.936393508476598, 32.925735474429501 ], [ -96.936472456017, 32.925824447722 ], [ -96.936552589333601, 32.9259130016885 ], [ -96.936717941329604, 32.926061084063001 ], [ -96.936783588414002, 32.926125267090001 ], [ -96.936876222686095, 32.9262244200144 ], [ -96.937055536298203, 32.926359933129397 ], [ -96.937121449283893, 32.926437468093702 ], [ -96.937195640244894, 32.926499084171802 ], [ -96.937234389973, 32.926571473602301 ], [ -96.937263845731195, 32.926662541465298 ], [ -96.937312343078403, 32.9267761656034 ], [ -96.9373508529563, 32.926859540799697 ], [ -96.937400858574904, 32.9269813329133 ], [ -96.937462890838503, 32.927115431849799 ], [ -96.937507118493201, 32.927264155383199 ], [ -96.937584019671505, 32.9274730704959 ], [ -96.937546450329606, 32.927581012140102 ], [ -96.937530122551095, 32.927760527028099 ], [ -96.937519156816407, 32.927843692437101 ], [ -96.937486808483001, 32.927932092827497 ], [ -96.937398724177797, 32.928048527771601 ], [ -96.937248214146905, 32.928165535604997 ], [ -96.937165045422901, 32.928203696463001 ], [ -96.937072727357801, 32.928259983528903 ], [ -96.936890037876793, 32.928261076832598 ], [ -96.936799481408002, 32.928239078050403 ], [ -96.936681430203194, 32.928185213583703 ], [ -96.936605233304206, 32.928126130624399 ], [ -96.936490598392496, 32.928045866890002 ], [ -96.936407502432104, 32.927978277907698 ], [ -96.936338705854297, 32.927922480012199 ], [ -96.936256909756096, 32.927829471126003 ], [ -96.936163413999694, 32.927751493271501 ], [ -96.936024059247998, 32.927649865142897 ], [ -96.9359128550023, 32.927589692284101 ], [ -96.935806304029796, 32.927547405225901 ], [ -96.935689611077805, 32.927508471979699 ], [ -96.935495390821799, 32.927470297249599 ], [ -96.935382787000904, 32.927461972232202 ], [ -96.935130245421703, 32.9274637788387 ], [ -96.935007717013605, 32.927498668354097 ], [ -96.934868353278802, 32.9275360000901 ], [ -96.934611957927004, 32.927620203225203 ], [ -96.934485277505601, 32.927654231601899 ], [ -96.934315180608294, 32.927714442871199 ], [ -96.934176920004603, 32.927759340221399 ], [ -96.933844237023905, 32.9278831940562 ], [ -96.933633516512799, 32.927998694098797 ], [ -96.933543673306303, 32.928067080047903 ], [ -96.933419176689398, 32.928203155842802 ], [ -96.933283042398003, 32.9284231141025 ], [ -96.933204103840694, 32.928530930931501 ], [ -96.933166671941095, 32.928670263289199 ], [ -96.933153166669101, 32.928787267284299 ], [ -96.933154953418196, 32.929011406508799 ], [ -96.933199853012795, 32.929179296419903 ], [ -96.933311601637499, 32.929344783789702 ], [ -96.933435225990195, 32.929454036605001 ], [ -96.933523421686502, 32.929520618634697 ], [ -96.933646152215601, 32.929610839745898 ], [ -96.933923284277398, 32.929742653123199 ], [ -96.934130819362494, 32.929817215912998 ], [ -96.934228963900594, 32.929838278602297 ], [ -96.934347235192504, 32.929865404111702 ], [ -96.934493020983396, 32.929886929738601 ], [ -96.934682774815798, 32.929891403907703 ], [ -96.934844177817794, 32.929888814710402 ], [ -96.935011154866203, 32.929875458553298 ], [ -96.935129511498204, 32.929892675886599 ], [ -96.935358407622402, 32.929899953385103 ], [ -96.935486913420505, 32.929925801619198 ], [ -96.935654679189696, 32.929931272558797 ], [ -96.935784506409505, 32.929913668437003 ], [ -96.935909703712298, 32.929908718502297 ], [ -96.9361163081428, 32.929914668225798 ], [ -96.936242097435397, 32.929949779201102 ], [ -96.936432606750998, 32.9300061986118 ], [ -96.936574520802907, 32.930070069641999 ], [ -96.936719192682801, 32.930140460348298 ], [ -96.936847602361098, 32.930209254056301 ], [ -96.936984535254794, 32.9302700026862 ], [ -96.937063074960093, 32.930323516034598 ], [ -96.937182673063802, 32.930375621661398 ], [ -96.937321078296193, 32.930437476271599 ], [ -96.937477326765205, 32.930488951500998 ], [ -96.937606614995801, 32.930572486812601 ], [ -96.938037563787006, 32.930758685706898 ], [ -96.938184297300495, 32.930812397056599 ], [ -96.938341438694806, 32.930895506063997 ], [ -96.938427031971699, 32.9309341754348 ], [ -96.9385132953919, 32.930968491310999 ], [ -96.938607868228303, 32.931021830067699 ], [ -96.938683843243496, 32.931075860944503 ], [ -96.938769190382004, 32.931109311198597 ], [ -96.938889419103006, 32.931174867326803 ], [ -96.938984964814907, 32.931227803335098 ], [ -96.939097027849996, 32.931293138460198 ], [ -96.939237044660103, 32.931386162554297 ], [ -96.939347003840695, 32.9314194287211 ], [ -96.939434014659199, 32.931463846924601 ], [ -96.939653985122803, 32.9315929666069 ], [ -96.939854538501507, 32.9317227322557 ], [ -96.939938923544403, 32.931794159867103 ], [ -96.940060047885694, 32.931877742954299 ], [ -96.940190362890704, 32.932000471376902 ], [ -96.940352509697803, 32.932231308258501 ], [ -96.940408873592006, 32.932356224204803 ], [ -96.940435359519796, 32.932467190083301 ], [ -96.940447748185903, 32.932575406109201 ], [ -96.940448589907305, 32.932670382378198 ], [ -96.940449950854997, 32.932825371813102 ], [ -96.940437414865201, 32.932946753851603 ], [ -96.940385680887999, 32.933129738135897 ], [ -96.9403673588495, 32.933219236288103 ], [ -96.940328541747704, 32.933413861131399 ], [ -96.940306088357204, 32.933490142113001 ], [ -96.9402729153704, 32.933574457198198 ], [ -96.940106753094, 32.933853777580403 ], [ -96.940064355307499, 32.933933076261503 ], [ -96.939965170520296, 32.934098330814201 ], [ -96.939916828581602, 32.934197204133802 ], [ -96.939852654734395, 32.934304782462398 ], [ -96.939622516240107, 32.934635779936499 ], [ -96.939488706788595, 32.934803089943301 ], [ -96.9393149851891, 32.934980328340004 ], [ -96.939080938124903, 32.935186407743302 ], [ -96.938826409472298, 32.935359947286102 ], [ -96.938707841736303, 32.9354229722979 ], [ -96.938506788894202, 32.935515313502201 ], [ -96.938399397997003, 32.935531695879398 ], [ -96.938273462279, 32.935562134718701 ], [ -96.938052092240099, 32.935585631266903 ], [ -96.937910172798297, 32.935591508230203 ], [ -96.937788650503293, 32.935559093323199 ], [ -96.937644240033194, 32.935543634528202 ], [ -96.937508258455296, 32.935515262988197 ], [ -96.937116648686995, 32.9354098454208 ], [ -96.936992548227096, 32.9353650952024 ], [ -96.936872175775704, 32.935307495519901 ], [ -96.936776504299601, 32.935274317518797 ], [ -96.936659880517894, 32.935224461528399 ], [ -96.936549682385305, 32.935170531952302 ], [ -96.936417845634196, 32.935126632061802 ], [ -96.936296265847005, 32.935086153549399 ], [ -96.936123244933398, 32.934994366800701 ], [ -96.936019155344795, 32.934949320071603 ], [ -96.935895286650293, 32.934922677892501 ], [ -96.935521164385605, 32.934907117203601 ], [ -96.935410853963702, 32.934999780127001 ], [ -96.935338826145895, 32.935113462165802 ], [ -96.935312411184896, 32.9351984210791 ], [ -96.935295283007406, 32.935276886955798 ], [ -96.935247727094605, 32.935422423428498 ], [ -96.935274763689705, 32.935566770697797 ], [ -96.935283399194503, 32.935665470477701 ], [ -96.935296992501407, 32.935801481054803 ], [ -96.935293890618695, 32.936201381851397 ], [ -96.935287429036904, 32.936351588929597 ], [ -96.935301656554401, 32.936469498039003 ], [ -96.935292031106101, 32.936584472689297 ], [ -96.935300320759495, 32.936827109423099 ], [ -96.935318745206004, 32.9369466478921 ], [ -96.935353182122398, 32.937041409875498 ], [ -96.935407112480505, 32.937054116572803 ], [ -96.935252965171003, 32.937047123893699 ], [ -96.935244986334695, 32.935131882528196 ], [ -96.935294412539903, 32.935012853535099 ] ] ], [ [ [ -96.935543998661799, 32.937060326674498 ], [ -96.935595093936897, 32.9370441956384 ], [ -96.935585341826098, 32.937062202446398 ], [ -96.935543998661799, 32.937060326674498 ] ] ], [ [ [ -96.936623118761503, 32.9371496225667 ], [ -96.936706732151507, 32.937145464660198 ], [ -96.936813338819505, 32.937187290250797 ], [ -96.936867363500696, 32.937243926699502 ], [ -96.936953009778193, 32.937371382325097 ], [ -96.936834000071102, 32.937341155207498 ], [ -96.936823730530705, 32.937331827644599 ], [ -96.936760851155796, 32.937231456762198 ], [ -96.936690418745897, 32.9372107479169 ], [ -96.936623118761503, 32.9371496225667 ] ] ], [ [ [ -96.937195313258101, 32.937432924442199 ], [ -96.937074335342203, 32.937402197493597 ], [ -96.937113716585898, 32.937404312252298 ], [ -96.937186927484902, 32.937427413254603 ], [ -96.937195313258101, 32.937432924442199 ] ] ], [ [ [ -96.938063576302696, 32.9371773173104 ], [ -96.938177294034503, 32.9371621452905 ], [ -96.938271819260294, 32.937189233873298 ], [ -96.938282131919806, 32.9371940574948 ], [ -96.9379479110234, 32.937243144878202 ], [ -96.937911467270595, 32.937386415587099 ], [ -96.937896125842201, 32.937406095284103 ], [ -96.937901476207998, 32.937425693552903 ], [ -96.937858594229596, 32.937594274673799 ], [ -96.937825283800606, 32.937519542775298 ], [ -96.937824706183804, 32.9373748933535 ], [ -96.937847385051498, 32.937291335062902 ], [ -96.937938103217107, 32.937230613118899 ], [ -96.938063576302696, 32.9371773173104 ] ] ], [ [ [ -96.9391600024464, 32.937646365462598 ], [ -96.939277649409206, 32.937618526112701 ], [ -96.939393125143994, 32.937631246297698 ], [ -96.939426787712705, 32.937633750828901 ], [ -96.9391600024464, 32.937646365462598 ] ] ], [ [ [ -96.938379102359804, 32.937303458939901 ], [ -96.938321189769994, 32.937212326638601 ], [ -96.938359061844096, 32.937230040888899 ], [ -96.938438367812296, 32.9373551081 ], [ -96.938381701185904, 32.9374945894061 ], [ -96.938282478669507, 32.937567105545099 ], [ -96.938337148341006, 32.937668891158999 ], [ -96.938458247529596, 32.937679545589603 ], [ -96.938280287678495, 32.937687960116101 ], [ -96.938202171978006, 32.937589620706703 ], [ -96.938237246698307, 32.937536581448597 ], [ -96.938344667240003, 32.937437965934599 ], [ -96.938353529120306, 32.937350951710997 ], [ -96.938345058905398, 32.937344452122304 ], [ -96.938379102359804, 32.937303458939901 ] ] ], [ [ [ -96.939793568046596, 32.9378855810075 ], [ -96.939628913143196, 32.937706888839699 ], [ -96.939631414052897, 32.9377081780464 ], [ -96.939770531649401, 32.937835760415602 ], [ -96.939793568046596, 32.9378855810075 ] ] ], [ [ [ -96.940076918246703, 32.938193086571701 ], [ -96.940020230959107, 32.938131566847296 ], [ -96.9400502113333, 32.938143907737498 ], [ -96.940136526855696, 32.938191055516803 ], [ -96.940205288399198, 32.938218189773501 ], [ -96.940076918246703, 32.938193086571701 ] ] ], [ [ [ -96.941633933992705, 32.939056310849303 ], [ -96.9413986454569, 32.938656041481401 ], [ -96.941447965660899, 32.9386893018984 ], [ -96.941544279432406, 32.938790992735399 ], [ -96.941612637632304, 32.938929488676102 ], [ -96.941633933992705, 32.939056310849303 ] ] ], [ [ [ -96.942349655915606, 32.944653927203397 ], [ -96.941855332777607, 32.940555945377099 ], [ -96.941916140637503, 32.9410174246091 ], [ -96.942043308844106, 32.941980123723702 ], [ -96.942158307573493, 32.942876771161302 ], [ -96.942291911310804, 32.9438567460654 ], [ -96.942389052430698, 32.944536275520001 ], [ -96.9424326755192, 32.9448790137779 ], [ -96.942349655915606, 32.944653927203397 ] ] ], [ [ [ -96.942466436902507, 32.945370094007203 ], [ -96.942492797066194, 32.945351375742398 ], [ -96.942531923188398, 32.945658779959203 ], [ -96.942533270661301, 32.945913666769698 ], [ -96.942633987974304, 32.9461908848928 ], [ -96.942666407274601, 32.9462601252106 ], [ -96.942693661262098, 32.946314318655702 ], [ -96.942929991843599, 32.946659952327103 ], [ -96.943222606369304, 32.946953623755803 ], [ -96.943333877090296, 32.947052530948604 ], [ -96.942942544003103, 32.946749641078704 ], [ -96.942557446122294, 32.946189487255403 ], [ -96.942535912606601, 32.946135322380201 ], [ -96.942466436902507, 32.945370094007203 ] ] ], [ [ [ -96.967669721430696, 32.935977202791797 ], [ -96.967671157836904, 32.935812148527397 ], [ -96.967672594242998, 32.935647093954998 ], [ -96.967674092632905, 32.935475169163503 ], [ -96.967675588327793, 32.935303241776097 ], [ -96.967677024734002, 32.935138187007901 ], [ -96.967678464733396, 32.934973134947498 ], [ -96.967679900241194, 32.934808078055298 ], [ -96.967681340240603, 32.934643027640803 ], [ -96.967682774850104, 32.934478111121201 ], [ -96.967684212154595, 32.934313191278399 ], [ -96.967685649459, 32.934148272635902 ], [ -96.967767509337605, 32.928575227683403 ], [ -96.967767370997095, 32.928292966612403 ], [ -96.967769069711295, 32.927335802241501 ], [ -96.967792313619199, 32.925499911704897 ], [ -96.9691817576321, 32.925553393253402 ], [ -96.973477186012104, 32.925721008475698 ], [ -96.981696644199303, 32.925780808609602 ], [ -96.981713831665701, 32.928233269966803 ], [ -96.979737538040595, 32.927524504471599 ], [ -96.979378211926999, 32.927607445408 ], [ -96.978614643935501, 32.928715830459097 ], [ -96.978381081961601, 32.928798770278704 ], [ -96.977895991708195, 32.931731773900502 ], [ -96.977141406869507, 32.931837330058599 ], [ -96.976692249227497, 32.9304575503404 ], [ -96.976198175821196, 32.9303595323832 ], [ -96.976045462222899, 32.930487709689999 ], [ -96.976225125279697, 32.930744063746303 ], [ -96.975542405663802, 32.931256769630401 ], [ -96.975048332257501, 32.932086140504303 ], [ -96.974877652353499, 32.9321539977771 ], [ -96.974194932737603, 32.932003203766797 ], [ -96.973907471846701, 32.932146458082698 ], [ -96.974132050667706, 32.933021058347599 ], [ -96.974706972449596, 32.933797635817299 ], [ -96.9743476463359, 32.934415877083701 ], [ -96.974742905060893, 32.9353356914581 ], [ -96.974733921908097, 32.936006697549203 ], [ -96.974266797960297, 32.935569413258598 ], [ -96.973817640318302, 32.934468653576999 ], [ -96.973036106021098, 32.9336694633067 ], [ -96.972802544047198, 32.9335789884815 ], [ -96.972344403252293, 32.932591298953199 ], [ -96.971949144527301, 32.932319870891497 ], [ -96.971625751025002, 32.932410347004598 ], [ -96.971499986885206, 32.933247246663903 ], [ -96.971787447776194, 32.933714700684597 ], [ -96.9714820205796, 32.934151994144898 ], [ -96.971356256439805, 32.935441243315502 ], [ -96.970448958002805, 32.936059473093202 ], [ -96.969649457399996, 32.935855910107001 ], [ -96.969272164980595, 32.936014236914602 ], [ -96.968903855714103, 32.9377859699525 ], [ -96.969622507941395, 32.938472035765898 ], [ -96.969892002526706, 32.939308878068999 ], [ -96.969730305775499, 32.939866768538302 ], [ -96.968957754631205, 32.941178551179597 ], [ -96.970260311793197, 32.941970134738298 ], [ -96.970350143321596, 32.943078339815401 ], [ -96.969856069915295, 32.943432660957299 ], [ -96.969326063897697, 32.944163914995201 ], [ -96.969586575330098, 32.946772256425099 ], [ -96.967575415393895, 32.947480492270799 ], [ -96.967616917559994, 32.942571563880499 ], [ -96.967621382187005, 32.942061064618699 ], [ -96.967639006234506, 32.940046247939101 ], [ -96.967640930425901, 32.939826359292802 ], [ -96.967638845436099, 32.938073901867597 ], [ -96.967666845025207, 32.9363073119044 ], [ -96.967668285024601, 32.936142257502098 ], [ -96.967669721430696, 32.935977202791797 ] ] ], [ [ [ -96.967575330952201, 32.947490519079402 ], [ -96.967575411800595, 32.947480899343702 ], [ -96.968328933932298, 32.947503482841903 ], [ -96.968328891711494, 32.9475064710578 ], [ -96.9681105849278, 32.947508417468903 ], [ -96.967575330952201, 32.947490519079402 ] ] ], [ [ [ -96.943867808745694, 32.947465790906399 ], [ -96.943512837664599, 32.9471910456109 ], [ -96.943789276226994, 32.947376025989598 ], [ -96.944024378811505, 32.947499864416798 ], [ -96.944162367225701, 32.947559229938797 ], [ -96.944310785080305, 32.947607302933598 ], [ -96.944906196535499, 32.947876923870503 ], [ -96.945147692429899, 32.947948594738698 ], [ -96.945274862433095, 32.947963970704897 ], [ -96.945089517532097, 32.947970861506903 ], [ -96.943867808745694, 32.947465790906399 ] ] ], [ [ [ -96.947115544586296, 32.948008720578301 ], [ -96.946508855681003, 32.947918093071699 ], [ -96.94601427293, 32.9479364806134 ], [ -96.946361178038202, 32.947894679706899 ], [ -96.946481341182206, 32.947890365507902 ], [ -96.946640979893004, 32.947893988440001 ], [ -96.9469319774512, 32.947953085332301 ], [ -96.947115544586296, 32.948008720578301 ] ] ], [ [ [ -96.948224637873693, 32.948174396604799 ], [ -96.947730004817004, 32.9481005081416 ], [ -96.947873561887604, 32.948116962062898 ], [ -96.948117088872905, 32.948128237901003 ], [ -96.948262560253397, 32.948146199483297 ], [ -96.948368200334201, 32.948154492400597 ], [ -96.948224637873693, 32.948174396604799 ] ] ], [ [ [ -96.970054620051002, 32.949651418678698 ], [ -96.970058391178497, 32.949433118854103 ], [ -96.970071665583504, 32.949433288464 ], [ -96.970054620051002, 32.949651418678698 ] ] ], [ [ [ -96.9619447760913, 32.949234462386698 ], [ -96.961837372617694, 32.949167306461298 ], [ -96.9618105659912, 32.949168536702601 ], [ -96.961780215511098, 32.949124220865599 ], [ -96.961370487621807, 32.949274396946599 ], [ -96.9613843908474, 32.949267665302997 ], [ -96.961441794092394, 32.949237581709397 ], [ -96.961469970649603, 32.949221938357297 ], [ -96.961503864085302, 32.9492023253651 ], [ -96.9615317720462, 32.949184881874501 ], [ -96.961555254906003, 32.949171518831697 ], [ -96.961579333348894, 32.949158822921497 ], [ -96.961614548206398, 32.9491420111274 ], [ -96.961640388245499, 32.949130908798303 ], [ -96.961677760856304, 32.9491165416527 ], [ -96.961715982374997, 32.949103827642801 ], [ -96.961741119033306, 32.949096532878997 ], [ -96.961762405512303, 32.949090245224703 ], [ -96.961786696855796, 32.949085263948803 ], [ -96.961813300463007, 32.949082915783698 ], [ -96.961838346391403, 32.949083109516799 ], [ -96.961864895201302, 32.949085866255103 ], [ -96.961888699658004, 32.949090701288902 ], [ -96.961911378525699, 32.949097472144899 ], [ -96.961934333176202, 32.949107010291499 ], [ -96.961983143137104, 32.949130907290701 ], [ -96.962012703998198, 32.949148576185401 ], [ -96.962035671225095, 32.949166669479702 ], [ -96.962048324894099, 32.949178346972197 ], [ -96.962062544326798, 32.949193179971097 ], [ -96.962080398343005, 32.949215560253101 ], [ -96.962095905061503, 32.949240229892197 ], [ -96.962108272167995, 32.949266116949502 ], [ -96.962117373898494, 32.949293024675903 ], [ -96.962122398175893, 32.949317667155803 ], [ -96.962149256904496, 32.949446543670703 ], [ -96.962153966771496, 32.949466801880298 ], [ -96.962160216350995, 32.949486279125999 ], [ -96.962168047863599, 32.949505338750299 ], [ -96.962180030491197, 32.949528442621798 ], [ -96.962191309737904, 32.949546244863399 ], [ -96.962204027187397, 32.949563331725301 ], [ -96.962218134330598, 32.949579623302903 ], [ -96.962235301135706, 32.949596725234798 ], [ -96.962363225723706, 32.949741424768703 ], [ -96.962397205397707, 32.9497953627965 ], [ -96.962426743800805, 32.949830514123498 ], [ -96.9624690490608, 32.949861809655403 ], [ -96.962533565166197, 32.949893381073601 ], [ -96.962592605141595, 32.9499339281898 ], [ -96.962306369552806, 32.949812665202401 ], [ -96.962283812856001, 32.949777317875203 ], [ -96.962130582726402, 32.9496358002759 ], [ -96.962028637416395, 32.949486948519599 ], [ -96.962016602686504, 32.949453975601301 ], [ -96.961979521129905, 32.9493056542304 ], [ -96.9619447760913, 32.949234462386698 ] ] ], [ [ [ -96.960556410056796, 32.949562795758602 ], [ -96.960615476083404, 32.949551128116497 ], [ -96.960217146916705, 32.949697125802899 ], [ -96.959906007333203, 32.950147636792103 ], [ -96.959943156263506, 32.950040912212103 ], [ -96.960015376320698, 32.949967310251999 ], [ -96.960048928396603, 32.949893319260497 ], [ -96.960139192913005, 32.949748170698797 ], [ -96.960188042399807, 32.949686068018899 ], [ -96.960271483313306, 32.949648827044697 ], [ -96.960291840035893, 32.949638950491199 ], [ -96.960326519497499, 32.949624729669303 ], [ -96.960360626732196, 32.949611935073698 ], [ -96.960395227142001, 32.949600123458403 ], [ -96.960430283895903, 32.949589318946103 ], [ -96.960464613912904, 32.949579829096002 ], [ -96.960556410056796, 32.949562795758602 ] ] ], [ [ [ -96.959603581408004, 32.9503360302865 ], [ -96.958752893003606, 32.950202183655001 ], [ -96.958709473832599, 32.950206091434602 ], [ -96.958668772065394, 32.950177008474 ], [ -96.958601129822895, 32.9502158412838 ], [ -96.958344209854999, 32.950238963061203 ], [ -96.958525718051405, 32.950209299673297 ], [ -96.958590960893801, 32.950170683205698 ], [ -96.958634178842203, 32.950115670465003 ], [ -96.9586938045191, 32.950115564176897 ], [ -96.958736895805004, 32.9501358109259 ], [ -96.958773087131206, 32.950164728814499 ], [ -96.958823047834002, 32.950201827854002 ], [ -96.958939820736106, 32.950219137718598 ], [ -96.958986077684997, 32.9502038443106 ], [ -96.959071188566597, 32.950201178818901 ], [ -96.959162534654595, 32.950209669796799 ], [ -96.959282488491098, 32.950226170815903 ], [ -96.959342334255396, 32.950241929324001 ], [ -96.959411836010602, 32.950265938334802 ], [ -96.959521849090194, 32.950308976637501 ], [ -96.959603581408004, 32.9503360302865 ] ] ], [ [ [ -96.959740746066998, 32.950348275246597 ], [ -96.959782923766198, 32.950325853037697 ], [ -96.9597590061218, 32.9503604847758 ], [ -96.959701206719799, 32.950351390761 ], [ -96.959740746066998, 32.950348275246597 ] ] ], [ [ [ -96.957714358788493, 32.9502325850303 ], [ -96.957880140179199, 32.950218729904499 ], [ -96.958251853162295, 32.950247274627401 ], [ -96.956876248594696, 32.9503710720955 ], [ -96.956937669105599, 32.950356217433601 ], [ -96.957073057795299, 32.950327497860897 ], [ -96.957209200171604, 32.950301439244697 ], [ -96.957346189659205, 32.950278733589599 ], [ -96.957529793625099, 32.9502529493477 ], [ -96.957714358788493, 32.9502325850303 ] ] ], [ [ [ -96.949399280329104, 32.948022227025298 ], [ -96.949585081574298, 32.948011795468098 ], [ -96.949747790726704, 32.9480478144133 ], [ -96.949973818530296, 32.948114824945399 ], [ -96.950162514147294, 32.948180345853302 ], [ -96.950288747207694, 32.948242552865999 ], [ -96.950434348843899, 32.948332050046503 ], [ -96.950573758392807, 32.948433762962502 ], [ -96.950701983916503, 32.948498719015198 ], [ -96.951179766375105, 32.948740761455603 ], [ -96.951393023728599, 32.948826872693601 ], [ -96.951777790131104, 32.948972098904498 ], [ -96.952002000642807, 32.949039790194199 ], [ -96.952175819260404, 32.949089865296898 ], [ -96.952457086267401, 32.949195854539099 ], [ -96.952703859764199, 32.949331682233399 ], [ -96.952912360538306, 32.949486675636201 ], [ -96.953076983102306, 32.949641368746803 ], [ -96.953339813984798, 32.949848303489297 ], [ -96.953490098538495, 32.949930029443898 ], [ -96.953812962034803, 32.9500598006004 ], [ -96.953961245142096, 32.950099354864101 ], [ -96.954465898905795, 32.950185254464003 ], [ -96.954947715698296, 32.950249702666 ], [ -96.955331693380003, 32.950323161919997 ], [ -96.955467394683495, 32.9503567051514 ], [ -96.955616451240203, 32.950396568345901 ], [ -96.9559417105433, 32.950455175847999 ], [ -96.955653705273406, 32.950481094963401 ], [ -96.955587485962198, 32.950466688838901 ], [ -96.955526232537906, 32.9504489674407 ], [ -96.955452175425904, 32.950437250917801 ], [ -96.953470799133001, 32.950006191398302 ], [ -96.952860885275896, 32.9495545964473 ], [ -96.952858337653694, 32.949552172912597 ], [ -96.952731383246203, 32.949430864926001 ], [ -96.952595990963204, 32.949358461789998 ], [ -96.952554517543206, 32.949327753307998 ], [ -96.952495203581606, 32.949304563448202 ], [ -96.952341178443007, 32.949222195411302 ], [ -96.952176113907797, 32.949179809391303 ], [ -96.950973482643107, 32.948709616292597 ], [ -96.949805672773707, 32.9481065516242 ], [ -96.9493253103537, 32.9480404690554 ], [ -96.949399280329104, 32.948022227025298 ] ] ], [ [ [ -96.969757080062607, 32.951731645561999 ], [ -96.969757139351401, 32.951722762753 ], [ -96.969888633844405, 32.951723458512802 ], [ -96.969894067753501, 32.951650098416899 ], [ -96.969898430870899, 32.951650148921701 ], [ -96.969892002526706, 32.951732415948101 ], [ -96.969757080062607, 32.951731645561999 ] ] ], [ [ [ -96.966305432042404, 32.952747977298202 ], [ -96.966231203352194, 32.952674380607299 ], [ -96.966098529371195, 32.952585146374901 ], [ -96.9660750698676, 32.952568800324201 ], [ -96.965591992738695, 32.952172348306703 ], [ -96.965564390205003, 32.952143307451898 ], [ -96.965464547851099, 32.952049215197597 ], [ -96.965230168410301, 32.951863730505202 ], [ -96.965005494367801, 32.951691017859702 ], [ -96.964976791397902, 32.951667462271601 ], [ -96.964904322507294, 32.951605287067302 ], [ -96.964789013859104, 32.951492892622099 ], [ -96.964702500707304, 32.951415427865697 ], [ -96.964611762778802, 32.951341673273802 ], [ -96.964457324415093, 32.951228106323697 ], [ -96.9643665083332, 32.951159073425003 ], [ -96.964278115905898, 32.951085115090997 ], [ -96.964200565245704, 32.951022627400398 ], [ -96.964065715545104, 32.950918974142503 ], [ -96.964058593701594, 32.950913905527798 ], [ -96.963154637895798, 32.950172031028401 ], [ -96.962842829067398, 32.950039934511501 ], [ -96.962944854327503, 32.950058032146302 ], [ -96.963061160105596, 32.9500882978842 ], [ -96.963166067161097, 32.950118420386701 ], [ -96.963245171906706, 32.950157835168298 ], [ -96.963313127661294, 32.950231934487697 ], [ -96.963365060166197, 32.950266622045 ], [ -96.963421096175395, 32.9503082906662 ], [ -96.963474050064704, 32.950351029684001 ], [ -96.963525402257901, 32.950396468842499 ], [ -96.963589446747804, 32.9504610872523 ], [ -96.963643955620896, 32.950511494735103 ], [ -96.963701470257007, 32.950559469636502 ], [ -96.963754729573594, 32.950599532499801 ], [ -96.963827085276407, 32.9506491009112 ], [ -96.963939601062407, 32.950731246751999 ], [ -96.964148024581405, 32.950876027347903 ], [ -96.964284095092395, 32.950978127809599 ], [ -96.964365682781406, 32.951042644783897 ], [ -96.964399839423507, 32.9510712291926 ], [ -96.964452956806198, 32.951115495809901 ], [ -96.964542685926702, 32.951183668648703 ], [ -96.964667569717506, 32.951273692023598 ], [ -96.964732464013593, 32.951324209852601 ], [ -96.964795374829606, 32.951376124454399 ], [ -96.964856469252098, 32.951429561711898 ], [ -96.964915698772003, 32.951484474132698 ], [ -96.964972382466499, 32.951540210427403 ], [ -96.965018058205402, 32.951585410018801 ], [ -96.965068259656704, 32.951627973536702 ], [ -96.965110665528002, 32.9516589985707 ], [ -96.965320441909796, 32.9518205602904 ], [ -96.965532458689907, 32.9519860475069 ], [ -96.965574026433003, 32.9520214391788 ], [ -96.965632880457207, 32.952075384107097 ], [ -96.965685084253295, 32.952128021914803 ], [ -96.965741500249806, 32.952188404972098 ], [ -96.965792747340103, 32.952236774707302 ], [ -96.965853627963597, 32.9522894772455 ], [ -96.965918839365003, 32.9523410761931 ], [ -96.965981701671893, 32.9523886769719 ], [ -96.966046857377805, 32.952439596690901 ], [ -96.966113253657099, 32.952487941413402 ], [ -96.9661814555501, 32.952534206387199 ], [ -96.966271389486394, 32.952590849589299 ], [ -96.966310822832497, 32.952617956059299 ], [ -96.966354059645397, 32.952654074136198 ], [ -96.9663788073332, 32.952678685527403 ], [ -96.968244523736601, 32.952735336928598 ], [ -96.968252763982704, 32.9522205122638 ], [ -96.968266620495996, 32.952220387887003 ], [ -96.968301984473797, 32.953971180980297 ], [ -96.967241972438501, 32.9535264476592 ], [ -96.966346365575006, 32.952791446315999 ], [ -96.966305432042404, 32.952747977298202 ] ] ] ] } },
{ "type": "Feature", "properties": { "OBJECTID": 14, "SHAPEarea": 223073174.55399999, "SHAPElen": 82634.809101399995, "ZipCode": 75041, "Shape__Area": 236267.37890625, "Shape__Length": 5149.8640216951298 }, "geometry": { "type": "MultiPolygon", "coordinates": [ [ [ [ -96.685008372768706, 32.875568426827101 ], [ -96.684996234732594, 32.875546024145798 ], [ -96.6851740670228, 32.875701200357803 ], [ -96.685008372768706, 32.875568426827101 ] ] ], [ [ [ -96.691698331505407, 32.894570745268197 ], [ -96.691701936444602, 32.894413815179902 ], [ -96.692831502337398, 32.894420130857597 ], [ -96.693688657713494, 32.894420308115897 ], [ -96.693689004463195, 32.890323423570401 ], [ -96.690470633651003, 32.890303636849303 ], [ -96.690523631557795, 32.886042108865503 ], [ -96.6832183708689, 32.886015199252803 ], [ -96.683218773314195, 32.885938761937801 ], [ -96.693740901035497, 32.885953776024898 ], [ -96.693911580939499, 32.8944248670498 ], [ -96.693678018965599, 32.8944248670498 ], [ -96.693678018965599, 32.894575725087897 ], [ -96.691698331505407, 32.894570745268197 ] ] ] ] } },
{ "type": "Feature", "properties": { "OBJECTID": 15, "SHAPEarea": 155926277.977, "SHAPElen": 91041.120705399997, "ZipCode": 75039, "Shape__Area": 173050.1953125, "Shape__Length": 16440.768917781901 }, "geometry": { "type": "MultiPolygon", "coordinates": [ [ [ [ -96.916127832772105, 32.8560457838514 ], [ -96.916128189403295, 32.8560226012454 ], [ -96.916154331276402, 32.856024681726197 ], [ -96.916367209540795, 32.856073198344703 ], [ -96.916400975415698, 32.856091040512602 ], [ -96.916443425304493, 32.856113471502297 ], [ -96.916192445895604, 32.856059641645302 ], [ -96.916127832772105, 32.8560457838514 ] ] ], [ [ [ -96.916620911743394, 32.856228190550297 ], [ -96.916593640688006, 32.856192845843502 ], [ -96.916750369755604, 32.856275661915099 ], [ -96.916836009744898, 32.856419942017901 ], [ -96.916929969031997, 32.8566674023321 ], [ -96.916885836598794, 32.857049115285598 ], [ -96.916860500514503, 32.857272765996399 ], [ -96.916810283791804, 32.857406676193399 ], [ -96.916784927046194, 32.857474295646099 ], [ -96.916856571283404, 32.856636025552497 ], [ -96.916864451305102, 32.8565438299755 ], [ -96.916790927792405, 32.856448539630499 ], [ -96.916620911743394, 32.856228190550297 ] ] ], [ [ [ -96.919193089337398, 32.857420636401102 ], [ -96.919417130965897, 32.857413466136798 ], [ -96.919474525227699, 32.857420043280896 ], [ -96.919424676814302, 32.8574307805657 ], [ -96.918428368807398, 32.857645375823097 ], [ -96.918428436181003, 32.857645334319898 ], [ -96.918655506030404, 32.857505450275198 ], [ -96.918931278941102, 32.8574516763491 ], [ -96.919193089337398, 32.857420636401102 ] ] ], [ [ [ -96.920001344921005, 32.857523855844903 ], [ -96.919494053703701, 32.8574222814416 ], [ -96.919698157224403, 32.857445671953002 ], [ -96.920313974809602, 32.857539395422002 ], [ -96.921281760407894, 32.857681977875401 ], [ -96.921772185755799, 32.857768375410998 ], [ -96.922065919582394, 32.857849408396198 ], [ -96.922642903896104, 32.858028538683897 ], [ -96.922741760798104, 32.858072564335401 ], [ -96.922678788896704, 32.858059955719398 ], [ -96.920001344921005, 32.857523855844903 ] ] ], [ [ [ -96.916855468152207, 32.858407705051398 ], [ -96.916850181566801, 32.858389941073 ], [ -96.916898582794303, 32.858429654776799 ], [ -96.916855468152207, 32.858407705051398 ] ] ], [ [ [ -96.918391357319393, 32.857668176175601 ], [ -96.918426391615498, 32.857646593753699 ], [ -96.917532090902398, 32.858467380100301 ], [ -96.917457339392598, 32.858535986510901 ], [ -96.917151912196005, 32.858558624396302 ], [ -96.917144168718295, 32.858554682386298 ], [ -96.9171835257075, 32.858551036932298 ], [ -96.917405627873293, 32.858530466639003 ], [ -96.917454698345693, 32.858485954499997 ], [ -96.917724607952593, 32.858241117716503 ], [ -96.917923315293393, 32.858038786914001 ], [ -96.918205712381095, 32.857804708773998 ], [ -96.918391357319393, 32.857668176175601 ] ] ], [ [ [ -96.924302501857596, 32.8583850671275 ], [ -96.924071067094303, 32.8583387280339 ], [ -96.924360140461204, 32.858383895992098 ], [ -96.924925299352495, 32.858556055751201 ], [ -96.925208424075507, 32.858761162281198 ], [ -96.9253429719422, 32.859017725501701 ], [ -96.925379036605904, 32.859278767226201 ], [ -96.925280206653298, 32.859495143368498 ], [ -96.925106165253496, 32.859666675418602 ], [ -96.924924507038398, 32.859845729596401 ], [ -96.924309837500203, 32.860068470020103 ], [ -96.924029287348802, 32.860199499529799 ], [ -96.923656754203805, 32.860352281904603 ], [ -96.923124143970199, 32.860468773261204 ], [ -96.922995304897199, 32.860496953040602 ], [ -96.924917026767105, 32.859692605276102 ], [ -96.925012170932106, 32.859652781967903 ], [ -96.925038178057804, 32.859617100570503 ], [ -96.925129983184902, 32.8594911432968 ], [ -96.925281665517304, 32.859283033677599 ], [ -96.925271269314507, 32.8590559787892 ], [ -96.925267250251906, 32.8589682114129 ], [ -96.925263699211598, 32.8588906460513 ], [ -96.924976238320696, 32.858618992062397 ], [ -96.924302501857596, 32.8583850671275 ] ] ], [ [ [ -96.922398073455298, 32.860746926043198 ], [ -96.922949810617894, 32.860515994854602 ], [ -96.922898297626304, 32.860555293342699 ], [ -96.922432157333802, 32.860910907648403 ], [ -96.922258769907501, 32.861187678173998 ], [ -96.922201676581295, 32.8612788125224 ], [ -96.922185297598801, 32.861420140903597 ], [ -96.922169878915199, 32.861553183120101 ], [ -96.922158676025305, 32.8615043691794 ], [ -96.922128578870002, 32.861373223129497 ], [ -96.922398073455298, 32.860746926043198 ] ] ], [ [ [ -96.922272309315503, 32.861999515793599 ], [ -96.922267234732502, 32.861977403210503 ], [ -96.922307715514094, 32.862024840561297 ], [ -96.9223154670767, 32.862033924033497 ], [ -96.922309557060402, 32.86202921252 ], [ -96.922272309315503, 32.861999515793599 ] ] ], [ [ [ -96.922802315333101, 32.862422072200999 ], [ -96.922761967502097, 32.862389904410698 ], [ -96.922870442665996, 32.8624424529511 ], [ -96.922883197844698, 32.8624486313131 ], [ -96.923137383340801, 32.862550682125899 ], [ -96.923199883626694, 32.862575775085801 ], [ -96.923493395569395, 32.8626696938476 ], [ -96.924026633725404, 32.862720670472399 ], [ -96.924328913225295, 32.862749831974 ], [ -96.924421485513605, 32.862758762196201 ], [ -96.924489995528802, 32.862776754686003 ], [ -96.924584326718403, 32.862801528402997 ], [ -96.923395203420597, 32.862663532101401 ], [ -96.923104691850995, 32.862545218341502 ], [ -96.922899773558299, 32.862461762971897 ], [ -96.922802315333101, 32.862422072200999 ] ] ], [ [ [ -96.9252588914282, 32.863269873495902 ], [ -96.924853140380705, 32.862905136974298 ], [ -96.924977500453707, 32.862974843871697 ], [ -96.925121865109702, 32.863061148723403 ], [ -96.925215115626102, 32.863159699196402 ], [ -96.9252588914282, 32.863269873495902 ] ] ], [ [ [ -96.925227766600202, 32.863682183819698 ], [ -96.925270728528702, 32.863299664871001 ], [ -96.925296306259796, 32.863364037507701 ], [ -96.9253023052093, 32.863598911367198 ], [ -96.925191512392004, 32.8639153689072 ], [ -96.924840499287995, 32.864383418372398 ], [ -96.924567436594501, 32.864711577596204 ], [ -96.925227766600202, 32.863682183819698 ] ] ], [ [ [ -96.924167754565005, 32.865334638389399 ], [ -96.924190730774995, 32.865298820442597 ], [ -96.924180969681103, 32.865401237699402 ], [ -96.924167754565005, 32.865334638389399 ] ] ], [ [ [ -96.925676074436097, 32.865489443132503 ], [ -96.926118833378297, 32.865386091859499 ], [ -96.926186652588996, 32.865390760185903 ], [ -96.924997400832197, 32.865752433637198 ], [ -96.925085226422595, 32.865704613467102 ], [ -96.925136202221694, 32.8656768578822 ], [ -96.925303470324195, 32.865609753240001 ], [ -96.925502134545894, 32.865530045520103 ], [ -96.925676074436097, 32.865489443132503 ] ] ], [ [ [ -96.924240075233598, 32.865699113659197 ], [ -96.924210100249198, 32.865548048765703 ], [ -96.924218726770803, 32.865575374305202 ], [ -96.924277529590995, 32.865709244804599 ], [ -96.924280706932194, 32.865716477779202 ], [ -96.924363844215094, 32.865763598489103 ], [ -96.924248602940594, 32.865742088208798 ], [ -96.924240075233598, 32.865699113659197 ] ] ], [ [ [ -96.926599110458497, 32.8656023210591 ], [ -96.926352133044105, 32.865402152199302 ], [ -96.926373753696396, 32.865403640148003 ], [ -96.926459992861993, 32.865461667107702 ], [ -96.926651320542803, 32.865590402405097 ], [ -96.926800251335393, 32.865765339955402 ], [ -96.926599110458497, 32.8656023210591 ] ] ], [ [ [ -96.927663860208497, 32.869315197304402 ], [ -96.927777375819403, 32.869294893584197 ], [ -96.927959117577799, 32.869311982360401 ], [ -96.928331171920703, 32.869412913891502 ], [ -96.9286379609633, 32.869515655360097 ], [ -96.928692035950107, 32.869538495667797 ], [ -96.928012543980998, 32.869341146976197 ], [ -96.927663860208497, 32.869315197304402 ] ] ], [ [ [ -96.926736480831707, 32.869516806731497 ], [ -96.926832313106203, 32.869460152603303 ], [ -96.9264841467634, 32.869770451364701 ], [ -96.926588309115502, 32.869657560635702 ], [ -96.926736480831707, 32.869516806731497 ] ] ], [ [ [ -96.930918830182094, 32.870546776364002 ], [ -96.930209482704498, 32.870208908741198 ], [ -96.930214333606997, 32.870210839499002 ], [ -96.930282361226901, 32.8702309332593 ], [ -96.930663762540306, 32.870343590119198 ], [ -96.9309164900707, 32.870492279993897 ], [ -96.931051192447597, 32.8706061557833 ], [ -96.931078728505994, 32.870639505902297 ], [ -96.931140573021693, 32.8707144089473 ], [ -96.9310723837051, 32.870635826238399 ], [ -96.9310488496413, 32.870608705217002 ], [ -96.930918830182094, 32.870546776364002 ] ] ], [ [ [ -96.926828466520206, 32.865834210089901 ], [ -96.926810378043598, 32.865777234440699 ], [ -96.926903920512501, 32.865887111974899 ], [ -96.927029933485599, 32.8662437823725 ], [ -96.927093358137896, 32.866493708996998 ], [ -96.927074959742598, 32.866765519954001 ], [ -96.927002705549299, 32.867013731583697 ], [ -96.926949494741805, 32.867143354210697 ], [ -96.926732197664407, 32.867342491482198 ], [ -96.926388948699397, 32.867564377071297 ], [ -96.926172054067393, 32.8677069554818 ], [ -96.925927609902104, 32.867844400683502 ], [ -96.925583128448594, 32.868038118205398 ], [ -96.925207778186902, 32.8681565038614 ], [ -96.925200377865593, 32.868573074824702 ], [ -96.925215820803601, 32.869231888643597 ], [ -96.925197197829405, 32.870806176333097 ], [ -96.925196562720501, 32.870859871994902 ], [ -96.924966246359801, 32.870889308472897 ], [ -96.924563924181697, 32.870940729294801 ], [ -96.924446232303097, 32.870955771575296 ], [ -96.924167433866401, 32.8708067595553 ], [ -96.923881084191507, 32.8706537115009 ], [ -96.923853344215502, 32.870638884954303 ], [ -96.923786125977799, 32.870469514626897 ], [ -96.923526742829395, 32.869815944726803 ], [ -96.923467068643404, 32.869665583251397 ], [ -96.923507145183194, 32.8695361204934 ], [ -96.923679438461406, 32.868979537204503 ], [ -96.923700630617205, 32.868911078456101 ], [ -96.923718922113096, 32.868900929568298 ], [ -96.924810044603205, 32.868295515490402 ], [ -96.926370118214507, 32.867429894438096 ], [ -96.926665071054799, 32.867266235749 ], [ -96.926997447709994, 32.866843702421697 ], [ -96.927024397168495, 32.8664513482437 ], [ -96.926892088801907, 32.866034607352397 ], [ -96.926828466520206, 32.865834210089901 ] ] ], [ [ [ -96.931594106357593, 32.871971855606198 ], [ -96.9316011239966, 32.871903806588598 ], [ -96.931600573329305, 32.871945908213199 ], [ -96.931594106357593, 32.871971855606198 ] ] ], [ [ [ -96.928371870094693, 32.883456799465499 ], [ -96.928039493439499, 32.883207852326301 ], [ -96.927787965159993, 32.882604341207497 ], [ -96.928084409203706, 32.881812226627098 ], [ -96.928461701623107, 32.881397306640501 ], [ -96.928838994042394, 32.881253970193697 ], [ -96.929413915824199, 32.8802204321102 ], [ -96.929297134837299, 32.877806281605302 ], [ -96.929521713658303, 32.876071070316698 ], [ -96.930015787064605, 32.875120461905702 ], [ -96.930528240001607, 32.874454988457401 ], [ -96.930790253417101, 32.874114734269902 ], [ -96.930858333139298, 32.874135810211499 ], [ -96.930837371850401, 32.874210595624398 ], [ -96.930769580487507, 32.8742529715324 ], [ -96.930745473298501, 32.8742727127972 ], [ -96.930707203270799, 32.874326635716002 ], [ -96.930665319320696, 32.8743919705854 ], [ -96.930613563783893, 32.8744400026007 ], [ -96.930571837937293, 32.874496744836499 ], [ -96.930534054796397, 32.874522051700602 ], [ -96.930488944097803, 32.8745787395628 ], [ -96.930450812410598, 32.874624081074799 ], [ -96.930362388542207, 32.874721281797001 ], [ -96.930340069899003, 32.874745816031499 ], [ -96.9302558636209, 32.874892318896897 ], [ -96.930242026870602, 32.874916392865501 ], [ -96.930235011926499, 32.8749257986792 ], [ -96.930193366029997, 32.874981638274399 ], [ -96.930147939124396, 32.875055527434803 ], [ -96.9301202979631, 32.875083809711697 ], [ -96.9300782541128, 32.875157731228597 ], [ -96.930046513040594, 32.875226058405502 ], [ -96.930045322772798, 32.875230365584798 ], [ -96.930028371563395, 32.875291692884602 ], [ -96.929987070619902, 32.875325534653598 ], [ -96.929989789820297, 32.875362794082399 ], [ -96.929909583740098, 32.875484912795201 ], [ -96.929898241611397, 32.875550637616897 ], [ -96.929859449662402, 32.875633191170898 ], [ -96.929817419286906, 32.875707106194 ], [ -96.929774677445707, 32.875821114858397 ], [ -96.929760245112405, 32.875869612348801 ], [ -96.9296822057687, 32.8760604778792 ], [ -96.929670863639899, 32.8761261969929 ], [ -96.929620926293296, 32.876263051992602 ], [ -96.929633428147099, 32.876323318582799 ], [ -96.929608896953297, 32.876368819144702 ], [ -96.929577165762495, 32.876434281519003 ], [ -96.929557475589803, 32.876588669292403 ], [ -96.9295582355645, 32.876594108823902 ], [ -96.929563490708901, 32.876631707972898 ], [ -96.929545872949603, 32.876668690726902 ], [ -96.929506002124, 32.877003234569898 ], [ -96.929482711503596, 32.877169032978401 ], [ -96.929481849121004, 32.877217707778499 ], [ -96.929440577821893, 32.877248675916 ], [ -96.929485900522906, 32.877372378609799 ], [ -96.929471551732902, 32.8777988821329 ], [ -96.929494486620399, 32.877844994536197 ], [ -96.929479775809298, 32.877910654235798 ], [ -96.929455339836906, 32.877947571575099 ], [ -96.929491950676294, 32.877988123746498 ], [ -96.929505918580702, 32.878349100777697 ], [ -96.929535181201103, 32.878612922238197 ], [ -96.929561407515806, 32.878664801043001 ], [ -96.929559987279305, 32.878744960171701 ], [ -96.929634979537596, 32.8789177216632 ], [ -96.929699593559306, 32.879101798383402 ], [ -96.929657966527401, 32.879152824406397 ], [ -96.929569089009803, 32.8791889256998 ], [ -96.929564982810604, 32.879228962788702 ], [ -96.929605193199393, 32.8792581233878 ], [ -96.929674518884795, 32.879367810699698 ], [ -96.9296990168409, 32.879517008250801 ], [ -96.929703481467897, 32.879648786827097 ], [ -96.929728301919198, 32.879780823971899 ], [ -96.929722816806006, 32.879898160400302 ], [ -96.929728021644806, 32.879986998698698 ], [ -96.929723280336702, 32.880064258176702 ], [ -96.929772987714699, 32.880130753630198 ], [ -96.929778865391597, 32.880182359203701 ], [ -96.929733636115301, 32.8802447935713 ], [ -96.929705330200704, 32.880310293066799 ], [ -96.929690142384203, 32.880401737439499 ], [ -96.929664050816797, 32.880533133723702 ], [ -96.929659384967195, 32.880604659975802 ], [ -96.929641413271597, 32.880661701537697 ], [ -96.929588492619899, 32.880775589914201 ], [ -96.929573551840093, 32.880852707630901 ], [ -96.9295458954075, 32.8808809948479 ], [ -96.929503360178799, 32.8809835464955 ], [ -96.929427743591404, 32.881037003636401 ], [ -96.929437520855004, 32.8810600378754 ], [ -96.929380224509501, 32.881181276648903 ], [ -96.928993068588397, 32.881455146603102 ], [ -96.928798330004497, 32.881583997488399 ], [ -96.928297511148699, 32.882178749485 ], [ -96.928203594082404, 32.882276561280797 ], [ -96.928205078997607, 32.8826848075824 ], [ -96.928217332916304, 32.8827978823902 ], [ -96.9283183520633, 32.8829954983551 ], [ -96.928623002217194, 32.8832312903521 ], [ -96.928718749151699, 32.8832760465611 ], [ -96.9288396974233, 32.883259799353802 ], [ -96.929512942507898, 32.883034725775197 ], [ -96.930041595662701, 32.882886763799803 ], [ -96.930536820709193, 32.882901596596298 ], [ -96.931030927353106, 32.882979414798598 ], [ -96.931286993023207, 32.883076364200299 ], [ -96.930959018112901, 32.883238027774397 ], [ -96.930042736523106, 32.883222940051603 ], [ -96.928758145666805, 32.883554869358697 ], [ -96.928371870094693, 32.883456799465499 ] ] ], [ [ [ -96.928201190190705, 32.894824640289002 ], [ -96.927239992836704, 32.893572514308602 ], [ -96.927024397168495, 32.893097305237198 ], [ -96.926934565640096, 32.892486318399797 ], [ -96.927051346626996, 32.8920111035019 ], [ -96.927401689587796, 32.891415195503797 ], [ -96.927823897771404, 32.8911436411626 ], [ -96.930087652287298, 32.891000320480202 ], [ -96.9308152876675, 32.8906835055176 ], [ -96.931003933877093, 32.890095131867099 ], [ -96.930047414949101, 32.888041705123797 ], [ -96.929970871300398, 32.8878773806805 ], [ -96.929970871300398, 32.887641211801899 ], [ -96.929970871300398, 32.887435143894997 ], [ -96.929970871300398, 32.887266357844901 ], [ -96.930159517510106, 32.886979703704498 ], [ -96.930317615610207, 32.886739467961903 ], [ -96.9303481637197, 32.8866930486369 ], [ -96.931058483174397, 32.886096558712502 ], [ -96.931785468174297, 32.885486069758599 ], [ -96.932003765974898, 32.884876806225499 ], [ -96.932090895370905, 32.884633631020499 ], [ -96.932034652749294, 32.884422908409199 ], [ -96.931937893413405, 32.884060385497797 ], [ -96.931857333397005, 32.883758552636102 ], [ -96.931438918798904, 32.883133885470201 ], [ -96.931445586993306, 32.883136410403303 ], [ -96.931700465988897, 32.883308568879201 ], [ -96.931877340675101, 32.883524912789703 ], [ -96.932056042534498, 32.883835312443701 ], [ -96.932183776679693, 32.884050660796703 ], [ -96.932270718327899, 32.884159743955401 ], [ -96.932249750750799, 32.8841938478797 ], [ -96.932269148971102, 32.884248497263698 ], [ -96.932274775119694, 32.884314430584602 ], [ -96.932277897663596, 32.884343709456402 ], [ -96.932280610575802, 32.884368909405197 ], [ -96.932283365708699, 32.884403318017 ], [ -96.932316349150994, 32.884458133234503 ], [ -96.932312351647994, 32.884492467882801 ], [ -96.932290928625093, 32.884552312462702 ], [ -96.932280276402494, 32.884577946117602 ], [ -96.932279566733399, 32.884618059981399 ], [ -96.932282161966299, 32.884663881420501 ], [ -96.932298573288193, 32.8846955930319 ], [ -96.932287940828502, 32.884721225136701 ], [ -96.932249653732796, 32.8847751530149 ], [ -96.932252235490907, 32.884821002284497 ], [ -96.932244686049202, 32.884863870251401 ], [ -96.932236634449396, 32.884935362078998 ], [ -96.932231821276005, 32.885015463485097 ], [ -96.932158042641802, 32.885157707555798 ], [ -96.932140768038906, 32.885174673329502 ], [ -96.932133375802394, 32.885208937543801 ], [ -96.932063693485802, 32.885311149998202 ], [ -96.932035481894303, 32.885370931412702 ], [ -96.931959066704593, 32.885470194104997 ], [ -96.931934699902598, 32.885504255280502 ], [ -96.931895710324298, 32.885598257629603 ], [ -96.931860606857896, 32.885663677732097 ], [ -96.931836205021597, 32.885700593350897 ], [ -96.931791437479404, 32.8857372547333 ], [ -96.931701189132696, 32.885850668127503 ], [ -96.931618633059799, 32.885912645129601 ], [ -96.9315700539658, 32.885972146269701 ], [ -96.931511676947096, 32.886011502876897 ], [ -96.931446311933698, 32.886062236001102 ], [ -96.931353717187505, 32.886115456980797 ], [ -96.931302124245803, 32.8861548927322 ], [ -96.931202396876202, 32.886228098180098 ], [ -96.931130473262996, 32.886264434215001 ], [ -96.931006608161695, 32.886360217554902 ], [ -96.930955258663502, 32.886385350546597 ], [ -96.930851938931099, 32.886469958688799 ], [ -96.930783008504406, 32.886529209762202 ], [ -96.930676344344207, 32.886610907456301 ], [ -96.930634717312202, 32.886661933682198 ], [ -96.930606927030595, 32.886698803623702 ], [ -96.930565334134599, 32.886746953438802 ], [ -96.930510449765706, 32.886780641471702 ], [ -96.930389552698102, 32.8868993724872 ], [ -96.9303200644176, 32.886990133405398 ], [ -96.9302780349404, 32.887064065360001 ], [ -96.930253271083004, 32.887121021294199 ], [ -96.930148936254298, 32.887262878774401 ], [ -96.930130446230805, 32.887348551222402 ], [ -96.930118335144201, 32.887457239568199 ], [ -96.930114633186903, 32.887666217699802 ], [ -96.930197986963805, 32.887942160169203 ], [ -96.930366027617495, 32.888227770956199 ], [ -96.9305086800846, 32.888412836140297 ], [ -96.930606685383793, 32.888628855292602 ], [ -96.930632259521602, 32.888717940560198 ], [ -96.930643951095007, 32.8888240292844 ], [ -96.930680261897095, 32.888881780668299 ], [ -96.930733087327397, 32.8889654887654 ], [ -96.930759317235399, 32.889017338879903 ], [ -96.9308126996211, 32.889069560097703 ], [ -96.930885075086906, 32.889199328498499 ], [ -96.930911402911306, 32.889245480230301 ], [ -96.930940176848196, 32.889346066964599 ], [ -96.930992434543199, 32.889461273315703 ], [ -96.931038418404299, 32.889547762843002 ], [ -96.931090180229205, 32.889691566384101 ], [ -96.931122637258795, 32.889775042891003 ], [ -96.9311312530007, 32.889863913530903 ], [ -96.931133328108999, 32.889938393747798 ], [ -96.931164519412306, 32.890093411245601 ], [ -96.931187570182402, 32.890133811520002 ], [ -96.931156210894201, 32.890179219753001 ], [ -96.931171864936303, 32.890253864902299 ], [ -96.931150810222704, 32.890293692570097 ], [ -96.9311324531499, 32.890370783900202 ], [ -96.931106689467498, 32.890484998490898 ], [ -96.931071683917594, 32.890544694193501 ], [ -96.9310402869001, 32.890592971662301 ], [ -96.931018652773105, 32.890664287636397 ], [ -96.930983500797694, 32.890732572686197 ], [ -96.930931894381203, 32.890772015434699 ], [ -96.930897453871594, 32.890800213492803 ], [ -96.930829540337797, 32.890802219988402 ], [ -96.930750574830995, 32.890852767069603 ], [ -96.930657485113102, 32.890934639551297 ], [ -96.930533913760897, 32.891013260838697 ], [ -96.930424919370907, 32.8910348034576 ], [ -96.930349814823202, 32.891059616800497 ], [ -96.930240814144994, 32.891081154127903 ], [ -96.930145503791607, 32.891097132117899 ], [ -96.930060266247594, 32.891118987758801 ], [ -96.929951424571101, 32.891131916030801 ], [ -96.929838935734594, 32.891159128834197 ], [ -96.929723212963097, 32.891177717506501 ], [ -96.929628353563999, 32.891167929469297 ], [ -96.929509784031396, 32.891154977064303 ], [ -96.929421562283906, 32.891153864444298 ], [ -96.929360537930094, 32.891150254274997 ], [ -96.929275450404702, 32.891163478235399 ], [ -96.929245086449697, 32.891154506369404 ], [ -96.929190770714399, 32.891153820693802 ], [ -96.929133338723403, 32.891138779577901 ], [ -96.929048602439195, 32.891131978639301 ], [ -96.928919404938398, 32.891144688911297 ], [ -96.928746295091599, 32.891145344414298 ], [ -96.928627724660601, 32.8911323995492 ], [ -96.928556476580496, 32.891131500401102 ], [ -96.928352519485102, 32.8911489689159 ], [ -96.928280998317106, 32.891162382964801 ], [ -96.928223014760505, 32.891178849738502 ], [ -96.928141118949299, 32.891203567997003 ], [ -96.928025287481603, 32.891227879671199 ], [ -96.927908751734805, 32.891292276534301 ], [ -96.927864175533699, 32.891317482050198 ], [ -96.927829384681104, 32.891365719119101 ], [ -96.927791701253199, 32.891385286096899 ], [ -96.927743839014894, 32.891404730116598 ], [ -96.927606686932293, 32.8914831805115 ], [ -96.927564799388904, 32.891548501979599 ], [ -96.927460657698006, 32.8916789147057 ], [ -96.927416189294803, 32.891698415234501 ], [ -96.927333127470405, 32.891789002270798 ], [ -96.927256086154998, 32.891922597085703 ], [ -96.927237019413099, 32.892039783170503 ], [ -96.927170931256001, 32.892322429138503 ], [ -96.927178155507505, 32.8924886016881 ], [ -96.927193585869105, 32.892766557464697 ], [ -96.927177570704202, 32.892903802390201 ], [ -96.927174979064603, 32.893049814362001 ], [ -96.927213064039407, 32.893199210642898 ], [ -96.927321078367498, 32.893423916705899 ], [ -96.927456803027098, 32.893617502898103 ], [ -96.927669453119506, 32.893875060493002 ], [ -96.927712462658704, 32.893938581203997 ], [ -96.927864142296102, 32.894189625301301 ], [ -96.927904146072294, 32.894230222086698 ], [ -96.928058785658607, 32.8943152187408 ], [ -96.928158555248999, 32.894431009239902 ], [ -96.928219019952394, 32.894466141080301 ], [ -96.928288449842398, 32.894570110156302 ], [ -96.928280597668504, 32.894630159130699 ], [ -96.928285758489807, 32.894721843675697 ], [ -96.9283455404737, 32.894814056881501 ], [ -96.928374926163301, 32.894810289969499 ], [ -96.928399051318493, 32.8948284750862 ], [ -96.928412184688, 32.894913859623998 ], [ -96.928527853560595, 32.895042745247601 ], [ -96.928530064314501, 32.895066559548397 ], [ -96.928555313262194, 32.8951122164301 ], [ -96.928511645257899, 32.895185896464803 ], [ -96.928514267440207, 32.895221669147197 ], [ -96.928506984798204, 32.895262973732102 ], [ -96.928526508782596, 32.895357894250097 ], [ -96.928550147050998, 32.895403569838599 ], [ -96.928540951895798, 32.895439156879704 ], [ -96.928539104061201, 32.895779093864597 ], [ -96.9285207065642, 32.895979265787901 ], [ -96.928450896686797, 32.896056379324499 ], [ -96.928380853247504, 32.896046577495099 ], [ -96.928328513805795, 32.895690605544203 ], [ -96.928201190190705, 32.894824640289002 ] ] ], [ [ [ -96.927527453727606, 32.901386697838802 ], [ -96.927350430819402, 32.900340093561098 ], [ -96.927539517203499, 32.900644409453903 ], [ -96.927572643478001, 32.900828450090998 ], [ -96.927570003329294, 32.901016339205199 ], [ -96.9275972043161, 32.901204876561401 ], [ -96.927588051381704, 32.901422079587803 ], [ -96.927536174572396, 32.901542117672001 ], [ -96.927435176086703, 32.901684499630797 ], [ -96.9270621928857, 32.902174820291002 ], [ -96.926933901785105, 32.902343470083103 ], [ -96.926872652852396, 32.902467235039602 ], [ -96.926870100738697, 32.902472392411802 ], [ -96.926821515356494, 32.902566750096703 ], [ -96.926820743703701, 32.902547318331997 ], [ -96.926817784653096, 32.902472784607397 ], [ -96.927501163632499, 32.901426932311502 ], [ -96.927527453727606, 32.901386697838802 ] ] ], [ [ [ -96.931686653493102, 32.907096046601502 ], [ -96.931319997126707, 32.906714244446 ], [ -96.931362465880099, 32.906740572327102 ], [ -96.931478803997607, 32.906846710360298 ], [ -96.931569642537397, 32.906923693011002 ], [ -96.931655358883503, 32.907030998300698 ], [ -96.931726130856504, 32.907146600222397 ], [ -96.931772018597897, 32.9072324970412 ], [ -96.931827102392802, 32.907340417368196 ], [ -96.931858031388003, 32.907438472135603 ], [ -96.931874004332101, 32.907549234712498 ], [ -96.931853899137707, 32.907697004663298 ], [ -96.9317862155726, 32.907847096477099 ], [ -96.931727138766306, 32.907930439731203 ], [ -96.931651120631997, 32.908019338914599 ], [ -96.931573154051904, 32.908110452264602 ], [ -96.931486691205805, 32.908196627192503 ], [ -96.931400199613606, 32.9082706636244 ], [ -96.931352259221796, 32.908328324649901 ], [ -96.931298998108602, 32.908440658561098 ], [ -96.931279674448504, 32.908518418130299 ], [ -96.931274077045998, 32.908610484991698 ], [ -96.931223330317295, 32.908700146711602 ], [ -96.931217204705405, 32.908710969793901 ], [ -96.931186070894299, 32.908988888990599 ], [ -96.931177715663793, 32.909121699172204 ], [ -96.931175478858705, 32.909187504627099 ], [ -96.931175756438194, 32.909191406677301 ], [ -96.931181847914104, 32.909276957613301 ], [ -96.931198965311793, 32.909342707144603 ], [ -96.931235652507993, 32.909468026451698 ], [ -96.931084782252697, 32.909433982785998 ], [ -96.931093864220202, 32.909379339134503 ], [ -96.931246479003804, 32.908461107163902 ], [ -96.931807405931906, 32.907636992452801 ], [ -96.931857333397005, 32.907563638777198 ], [ -96.931816107911999, 32.907450698146803 ], [ -96.9317425125341, 32.907249076971397 ], [ -96.931686653493102, 32.907096046601502 ] ] ] ] } },
{ "type": "Feature", "properties": { "OBJECTID": 16, "SHAPEarea": 144114.669972, "SHAPElen": 2308.8008529600002, "ZipCode": 75390, "Shape__Area": 18674.5, "Shape__Length": 825.23342946190996 }, "geometry": { "type": "Polygon", "coordinates": [ [ [ -96.839483572730998, 32.813595949087201 ], [ -96.839923747220297, 32.813384554902598 ], [ -96.840606466836206, 32.813490252057797 ], [ -96.840687315211795, 32.813996086702701 ], [ -96.841217321229394, 32.8142980761627 ], [ -96.841343085369203, 32.814532117288401 ], [ -96.841738344094196, 32.814826555248203 ], [ -96.842349198487398, 32.8149096016759 ], [ -96.841783259858403, 32.815037946002299 ], [ -96.8411454560067, 32.814886952657901 ], [ -96.839483572730998, 32.813595949087201 ] ] ] } },
{ "type": "Feature", "properties": { "OBJECTID": 17, "SHAPEarea": 159809.000474, "SHAPElen": 1697.5707788699999, "ZipCode": 75270, "Shape__Area": 20677.0, "Shape__Length": 616.71297731251298 }, "geometry": { "type": "Polygon", "coordinates": [ [ [ -96.801197375321905, 32.781020215909102 ], [ -96.803056887959997, 32.780650140196798 ], [ -96.803281466781002, 32.7813449749599 ], [ -96.801493819365604, 32.781752810228298 ], [ -96.801197375321905, 32.781020215909102 ] ] ] } },
{ "type": "Feature", "properties": { "OBJECTID": 18, "SHAPEarea": 92521776.538200006, "SHAPElen": 72666.326440100005, "ZipCode": 75254, "Shape__Area": 9792191.953125, "Shape__Length": 28694.510528089701 }, "geometry": { "type": "MultiPolygon", "coordinates": [ [ [ [ -96.822178840322806, 32.933015721804303 ], [ -96.822182020358895, 32.932915503602104 ], [ -96.822186169677195, 32.933015791168799 ], [ -96.822178840322806, 32.933015721804303 ] ] ], [ [ [ -96.807979655717006, 32.955267678908001 ], [ -96.807126256197094, 32.954611894542502 ], [ -96.807081340432802, 32.954091786241001 ], [ -96.804494192414595, 32.954099324064401 ], [ -96.804476226108903, 32.953903340448903 ], [ -96.804170798912295, 32.953895802608798 ], [ -96.804215714676502, 32.954091786241001 ], [ -96.8032545173225, 32.9539862566469 ], [ -96.801978909619095, 32.953435993150499 ], [ -96.800999745959402, 32.952471139297998 ], [ -96.800146346439405, 32.9530741741901 ], [ -96.800002615994003, 32.953473682540398 ], [ -96.800065498063901, 32.953933491802601 ], [ -96.799005486028605, 32.954061634941297 ], [ -96.798933620805897, 32.953036484629898 ], [ -96.799301930072403, 32.952599284556797 ], [ -96.798915654500206, 32.951197214562399 ], [ -96.799059384945707, 32.950232336271299 ], [ -96.798071238133105, 32.949832813270497 ], [ -96.795609854254593, 32.949780045946703 ], [ -96.791989643659605, 32.950006191398302 ], [ -96.780572056398498, 32.949991115052903 ], [ -96.776601502842695, 32.950654471819597 ], [ -96.771588903557301, 32.950624319347298 ], [ -96.771597886710097, 32.9507600053917 ], [ -96.770358211618003, 32.9507901578177 ], [ -96.769073924392302, 32.950981590053999 ], [ -96.769073041348406, 32.950474520958601 ], [ -96.769073596507297, 32.949924715027898 ], [ -96.769070897069795, 32.949367709686697 ], [ -96.769082413471807, 32.947214439562202 ], [ -96.769085570151702, 32.945662412029002 ], [ -96.769090468664899, 32.944890734806897 ], [ -96.769090097660694, 32.942997889117699 ], [ -96.769096694888106, 32.941617722613103 ], [ -96.769096284358099, 32.940422163852098 ], [ -96.769092556349605, 32.939879249412499 ], [ -96.769092529400197, 32.939875360777897 ], [ -96.770421093687901, 32.939889385645202 ], [ -96.770789402954406, 32.9394295033335 ], [ -96.773906556990298, 32.937424086939799 ], [ -96.774167068422699, 32.937770891523201 ], [ -96.774185034728404, 32.939346573481799 ], [ -96.778532880703494, 32.939444581479997 ], [ -96.778389150258107, 32.940002471093202 ], [ -96.780841550983695, 32.940703597643001 ], [ -96.780971477916495, 32.940708553758597 ], [ -96.7828178446088, 32.940778987263599 ], [ -96.785018717054896, 32.939904463713297 ], [ -96.7861236448543, 32.939821534307001 ], [ -96.7861236448543, 32.934611903899999 ], [ -96.786249408994095, 32.934604364415101 ], [ -96.786276358452596, 32.933239707062597 ], [ -96.787623831378795, 32.933239707062597 ], [ -96.7874082357106, 32.934574206469001 ], [ -96.786752465553207, 32.935305533761401 ], [ -96.787245941579798, 32.936533233972099 ], [ -96.787255522112304, 32.936557069531602 ], [ -96.7881987531606, 32.936489215636698 ], [ -96.788674860261196, 32.936783248805398 ], [ -96.789833686977701, 32.937024506059799 ], [ -96.790193013091397, 32.937333615955303 ], [ -96.790776918026097, 32.937514557831797 ], [ -96.791980660506795, 32.937627646316699 ], [ -96.793462880725599, 32.937303458939901 ], [ -96.794648656900605, 32.937514557831797 ], [ -96.794729074983195, 32.937560666286302 ], [ -96.795555955337605, 32.938034763664703 ], [ -96.795897315145595, 32.938487114075599 ], [ -96.795600871101797, 32.9396405971506 ], [ -96.797523265809801, 32.9388489927384 ], [ -96.798322766412696, 32.938668053592103 ], [ -96.809713404215302, 32.9387359058153 ], [ -96.809830185202301, 32.934807930281799 ], [ -96.812614962582998, 32.9348682460042 ], [ -96.813414463185893, 32.934762693463 ], [ -96.813899553439299, 32.939421964259303 ], [ -96.817932989065, 32.939421964259303 ], [ -96.817924005912204, 32.936112248605802 ], [ -96.821714896411194, 32.936036855006797 ], [ -96.821768795328197, 32.939497354972602 ], [ -96.821912525773698, 32.939497354972602 ], [ -96.821939475232199, 32.936036855006797 ], [ -96.822019662447701, 32.936032648796001 ], [ -96.822019321087893, 32.936095354413702 ], [ -96.822017073503105, 32.936508504242497 ], [ -96.822014187216098, 32.941076725125697 ], [ -96.822000984676293, 32.943197543406399 ], [ -96.822441068435694, 32.943204905751898 ], [ -96.822750002655198, 32.9432087082984 ], [ -96.822747156792403, 32.943589060119301 ], [ -96.822941991495995, 32.944136298580197 ], [ -96.822970440242699, 32.944206217479298 ], [ -96.823361313392496, 32.945019035795703 ], [ -96.823427923470803, 32.9451575498747 ], [ -96.823436657790396, 32.945173716369901 ], [ -96.823447125858394, 32.945193086005801 ], [ -96.823508213992596, 32.945332476547897 ], [ -96.823597656550504, 32.945568399569602 ], [ -96.823643521834001, 32.945783453045699 ], [ -96.823670461410998, 32.945886110455497 ], [ -96.823681138786498, 32.945978501796198 ], [ -96.823672488908599, 32.946794508412701 ], [ -96.823675984253398, 32.9478377575916 ], [ -96.823693663098197, 32.948852236716 ], [ -96.823699376383402, 32.948966140663401 ], [ -96.823702252788905, 32.949349221430502 ], [ -96.823706078713698, 32.949763712192201 ], [ -96.8237222169478, 32.950243256792596 ], [ -96.823350056603701, 32.950192098356403 ], [ -96.8228717567155, 32.9501504847089 ], [ -96.821440981216398, 32.950036077984102 ], [ -96.820361831472297, 32.949948791214503 ], [ -96.819960650154698, 32.9499698370483 ], [ -96.819676353130205, 32.949984749065202 ], [ -96.818113322265006, 32.950066719130199 ], [ -96.817942749260595, 32.950077528861001 ], [ -96.817816983324207, 32.950081131350402 ], [ -96.817300776327599, 32.949056306508197 ], [ -96.817200281796801, 32.948856795108 ], [ -96.816395143367203, 32.947258282944603 ], [ -96.816363377142096, 32.947193580778801 ], [ -96.816125476305402, 32.946867188801697 ], [ -96.8159494720868, 32.9466256990776 ], [ -96.815699116108604, 32.9463006589164 ], [ -96.815349180084695, 32.945828199499701 ], [ -96.815038877730998, 32.945403065433297 ], [ -96.814175921034803, 32.945854943178801 ], [ -96.814072459368603, 32.945907453520398 ], [ -96.814030093921502, 32.945941226844397 ], [ -96.813962096844307, 32.945993421270998 ], [ -96.813610534869696, 32.9459072115338 ], [ -96.812818166890196, 32.945725719932199 ], [ -96.812606186940997, 32.945667041447798 ], [ -96.812342314012795, 32.9458297840984 ], [ -96.812162053576301, 32.945760305225903 ], [ -96.811801636009605, 32.945814802026099 ], [ -96.811654988734404, 32.945701029712097 ], [ -96.810885280758001, 32.9455565791216 ], [ -96.8104821950119, 32.945480935002003 ], [ -96.809814352395406, 32.945357386243202 ], [ -96.809678056407193, 32.945558849733402 ], [ -96.809698159804896, 32.945750982320199 ], [ -96.809668519892099, 32.945969645547699 ], [ -96.809509458798004, 32.946029052051401 ], [ -96.809554595547795, 32.946155662010497 ], [ -96.809631210163403, 32.946234017903002 ], [ -96.809682582119606, 32.946389349937697 ], [ -96.809805918113199, 32.946371343521399 ], [ -96.809823607737698, 32.9464743093259 ], [ -96.809852253215496, 32.946574921501799 ], [ -96.809828491877894, 32.9467521415825 ], [ -96.809537405386493, 32.946967257763497 ], [ -96.809539087032704, 32.947323796948901 ], [ -96.809524663682495, 32.947688660826003 ], [ -96.809727668563696, 32.947838322968401 ], [ -96.809744072699104, 32.947883546313903 ], [ -96.809705411904204, 32.947951748029503 ], [ -96.809695835863295, 32.948097661666402 ], [ -96.809547530298104, 32.948215917707202 ], [ -96.8090167921535, 32.948530868353899 ], [ -96.808881253445094, 32.9486922556259 ], [ -96.808778213987097, 32.948841190133699 ], [ -96.8087402969973, 32.948959519808703 ], [ -96.808806429171895, 32.949142253105101 ], [ -96.808703105846206, 32.949573248993602 ], [ -96.808603825837594, 32.9497924017953 ], [ -96.808400149016606, 32.949964310812 ], [ -96.808119482084194, 32.9502554527676 ], [ -96.807966392091799, 32.950712975878503 ], [ -96.808066330565495, 32.9509047633262 ], [ -96.808342517599598, 32.951203462868797 ], [ -96.808625235385804, 32.951694107697499 ], [ -96.808619440353894, 32.951997572359303 ], [ -96.808512626175002, 32.952166504858702 ], [ -96.808354716721098, 32.952698419862998 ], [ -96.808493438160596, 32.953348907984797 ], [ -96.808459934593699, 32.953858166163897 ], [ -96.810035461024398, 32.953882412388197 ], [ -96.811513012698697, 32.953879980680497 ], [ -96.812318108907505, 32.953873260694301 ], [ -96.813335129369904, 32.9538856024027 ], [ -96.814565012825398, 32.953867878674799 ], [ -96.815615642855803, 32.953880282947999 ], [ -96.817174436367694, 32.9538913251316 ], [ -96.818909918614594, 32.953899006190902 ], [ -96.820923677376896, 32.953918998801903 ], [ -96.822551362688003, 32.953896206637097 ], [ -96.822547552034493, 32.954173129873801 ], [ -96.822283999804895, 32.954174683417797 ], [ -96.822280835040203, 32.9541747022623 ], [ -96.822298801345795, 32.954031483631297 ], [ -96.822101171983306, 32.954023945802199 ], [ -96.822092188830496, 32.9541747022623 ], [ -96.8217328627168, 32.954159626627899 ], [ -96.821463368131603, 32.9561118998922 ], [ -96.819585889187806, 32.956074211627403 ], [ -96.818256382567299, 32.9548455653917 ], [ -96.818498927693994, 32.9545289789314 ], [ -96.818534860305405, 32.9541520888097 ], [ -96.815408723116605, 32.954114399709098 ], [ -96.815498554645004, 32.954551592287601 ], [ -96.8148338013348, 32.954913405199903 ], [ -96.814501424679705, 32.955448584083499 ], [ -96.813845654522297, 32.955478734910102 ], [ -96.813692940924, 32.955471197204403 ], [ -96.813674974618294, 32.954121937530502 ], [ -96.810539854276698, 32.954114399709098 ], [ -96.810548837429593, 32.9539561053112 ], [ -96.808114403009597, 32.953948567475599 ], [ -96.808356948136307, 32.954664658981798 ], [ -96.808599493263003, 32.954770187765902 ], [ -96.809533741158504, 32.954732498928898 ], [ -96.810656635263598, 32.955184763912101 ], [ -96.811087826600001, 32.955508885726402 ], [ -96.8116447820762, 32.956149588141002 ], [ -96.811995125037001, 32.956978725547202 ], [ -96.8117346136046, 32.957822930186502 ], [ -96.811689697840393, 32.958576677513904 ], [ -96.8112674896568, 32.959451016359097 ], [ -96.810575786888094, 32.959827883882902 ], [ -96.810207477621603, 32.960378107581199 ], [ -96.808976785682304, 32.9604233312945 ], [ -96.808940853070993, 32.960091690193202 ], [ -96.809542724311299, 32.9599107945225 ], [ -96.810135612398895, 32.959307806278701 ], [ -96.810135612398895, 32.958523915410197 ], [ -96.808949836223803, 32.956488781656503 ], [ -96.808509661734604, 32.956081749281701 ], [ -96.807979655717006, 32.955267678908001 ] ] ] ] } },
{ "type": "Feature", "properties": { "OBJECTID": 19, "SHAPEarea": 400991957.12900001, "SHAPElen": 134466.77403599999, "ZipCode": 75253, "Shape__Area": 49727803.7734375, "Shape__Length": 50259.623201807801 }, "geometry": { "type": "Polygon", "coordinates": [ [ [ -96.5815792722765, 32.703763389159597 ], [ -96.579754184876606, 32.703659304810998 ], [ -96.579165526955805, 32.703627291974399 ], [ -96.579213548195995, 32.703599398844098 ], [ -96.578411372410201, 32.703556837992402 ], [ -96.577752661168503, 32.703569645406297 ], [ -96.576116170570998, 32.703359600714201 ], [ -96.574934054132498, 32.703282584429999 ], [ -96.573363230382199, 32.701919424885403 ], [ -96.571592924045106, 32.701790296801398 ], [ -96.570608937330604, 32.701714877193503 ], [ -96.570047941232303, 32.701657478090198 ], [ -96.5677403704901, 32.701412355262597 ], [ -96.567465599200801, 32.701385072987499 ], [ -96.567262740745093, 32.701363725514298 ], [ -96.567222853749797, 32.701396254707298 ], [ -96.567482237796497, 32.701622554211802 ], [ -96.566816801766706, 32.702168025836897 ], [ -96.566354075072198, 32.701769173935404 ], [ -96.566099028091699, 32.701549337994798 ], [ -96.565703502567104, 32.701746803028598 ], [ -96.5657042302024, 32.7017370205741 ], [ -96.565704763801705, 32.701727226779703 ], [ -96.565705090788498, 32.701717426180899 ], [ -96.565705213857697, 32.701707625580902 ], [ -96.565705137500899, 32.701697818932502 ], [ -96.565704858124803, 32.701688020598297 ], [ -96.565704379322796, 32.701678224530703 ], [ -96.565703693908205, 32.701668439045001 ], [ -96.565702808169405, 32.701658662629299 ], [ -96.565700433023693, 32.701639161953999 ], [ -96.565698942718697, 32.701629439961998 ], [ -96.565697248496093, 32.701619740646798 ], [ -96.565695362034006, 32.701610066276103 ], [ -96.565691632228905, 32.701593446433698 ], [ -96.565663664080901, 32.701514977241203 ], [ -96.565615022104794, 32.701514699059302 ], [ -96.565569276297296, 32.7012144389534 ], [ -96.563731077985906, 32.701233936697903 ], [ -96.563416673026396, 32.701180881626698 ], [ -96.562631785318203, 32.698160422589602 ], [ -96.555526111420804, 32.691878194045202 ], [ -96.556695668513399, 32.690778625535103 ], [ -96.557796000531894, 32.689858254780802 ], [ -96.558677271181807, 32.689126019868098 ], [ -96.556508302403003, 32.687286050577697 ], [ -96.559726704656299, 32.684603685935997 ], [ -96.5615459601933, 32.683089391677399 ], [ -96.562018795629598, 32.682648399359003 ], [ -96.562457882258997, 32.6822094689959 ], [ -96.562674831688298, 32.681981375210597 ], [ -96.562909862407693, 32.681733123307403 ], [ -96.562970413349404, 32.681669168846597 ], [ -96.563013593568499, 32.681639342318398 ], [ -96.563067364026494, 32.681621265537999 ], [ -96.563174557294403, 32.681612948463702 ], [ -96.563298529295196, 32.681654483168998 ], [ -96.562768074119901, 32.6812063272681 ], [ -96.562809609523697, 32.681163381468998 ], [ -96.562835669650099, 32.681153980858497 ], [ -96.564597575841006, 32.681011507767003 ], [ -96.570280959725494, 32.680531963405897 ], [ -96.573706678773206, 32.680247884536797 ], [ -96.574556902748597, 32.680963619227697 ], [ -96.572793601474103, 32.682403953959899 ], [ -96.572922196205297, 32.682516710496202 ], [ -96.574637700818499, 32.681094253349897 ], [ -96.576514644366398, 32.679564012852801 ], [ -96.575327990537403, 32.678539018171598 ], [ -96.5777208940451, 32.676554975880499 ], [ -96.578887960109398, 32.675667372143401 ], [ -96.580342777220494, 32.676348528864899 ], [ -96.582491249139395, 32.674543186937697 ], [ -96.582633805486793, 32.6744236421303 ], [ -96.582852862363794, 32.674246281939801 ], [ -96.583876941787693, 32.675130984828897 ], [ -96.585799336495697, 32.673558173635399 ], [ -96.586455106653105, 32.674110173025298 ], [ -96.585197465255305, 32.675161230926598 ], [ -96.587128843116204, 32.676809627765003 ], [ -96.587883427954793, 32.677225502896 ], [ -96.587946310024705, 32.677785040926402 ], [ -96.587640882828097, 32.678435310449998 ], [ -96.5877217312037, 32.678798249520902 ], [ -96.588063091011705, 32.679183870667899 ], [ -96.588431400278196, 32.678881422850303 ], [ -96.588404450819596, 32.678518484117298 ], [ -96.588844625308894, 32.677301116348197 ], [ -96.588584113876493, 32.676771820838901 ], [ -96.5886290296407, 32.676378627858803 ], [ -96.587847495343496, 32.675970310239997 ], [ -96.587730714356496, 32.675766150730702 ], [ -96.588179871998605, 32.675418322343802 ], [ -96.588539198112301, 32.675327584281099 ], [ -96.588727844321895, 32.674329459507597 ], [ -96.589374631326507, 32.6742311587373 ], [ -96.590290912916302, 32.673769899832003 ], [ -96.590228030846404, 32.673384255312797 ], [ -96.589841755274193, 32.673059102758003 ], [ -96.590057350942402, 32.6727717576548 ], [ -96.589653109064599, 32.671917278598301 ], [ -96.590416677056098, 32.670949363246699 ], [ -96.588179871998605, 32.669913379729401 ], [ -96.588368518208298, 32.669784826192497 ], [ -96.590533458042998, 32.670798125525799 ], [ -96.590659222182794, 32.670609078014699 ], [ -96.589455479702096, 32.670049495037603 ], [ -96.588606275314504, 32.6694635466527 ], [ -96.588649862470405, 32.6694276702233 ], [ -96.590793969475399, 32.6704200301036 ], [ -96.590844501506794, 32.6703673998502 ], [ -96.595716139852698, 32.6726532630707 ], [ -96.598110239018098, 32.670674173167498 ], [ -96.592649067792195, 32.6681433332624 ], [ -96.592561465882298, 32.668083221216897 ], [ -96.592318860568497, 32.667969928455001 ], [ -96.592321105458396, 32.667962370860202 ], [ -96.592141442401598, 32.667765755200499 ], [ -96.591171261894701, 32.667425457843997 ], [ -96.593409851904596, 32.665534477447899 ], [ -96.593787518023106, 32.6652199032997 ], [ -96.593784947044796, 32.665217623246797 ], [ -96.593785359371495, 32.665217274621803 ], [ -96.591760987912394, 32.663418787798399 ], [ -96.594562718299201, 32.661071349447603 ], [ -96.594498901981495, 32.661037031350403 ], [ -96.5945938431272, 32.6609595618539 ], [ -96.592267206541294, 32.659764643314297 ], [ -96.591000581990698, 32.659530195397103 ], [ -96.590228030846404, 32.659522632550903 ], [ -96.586949180059406, 32.6565806368124 ], [ -96.590894766738501, 32.6565475596081 ], [ -96.591121218546903, 32.656730269506397 ], [ -96.592957271681399, 32.658298799799198 ], [ -96.593112977567898, 32.658445919478403 ], [ -96.593197018555998, 32.658516126201398 ], [ -96.593268111227502, 32.658604818170701 ], [ -96.593749822018907, 32.6588143668924 ], [ -96.594249285316806, 32.659045410362801 ], [ -96.596030680457901, 32.660119439740697 ], [ -96.597425447887105, 32.660911170232303 ], [ -96.598425943839899, 32.661460586444299 ], [ -96.601494200778205, 32.663155617115599 ], [ -96.603400899223303, 32.664235750668198 ], [ -96.606588788401297, 32.661755708302501 ], [ -96.607781071073902, 32.6628406239466 ], [ -96.608741741116802, 32.6636742900927 ], [ -96.608824892772802, 32.663744286253099 ], [ -96.610603304608802, 32.665289146551103 ], [ -96.613525319412105, 32.662886498459301 ], [ -96.6153654212536, 32.661366581493702 ], [ -96.615923677490301, 32.660903964463699 ], [ -96.616031624444702, 32.660762419545897 ], [ -96.616098901971299, 32.660623111466499 ], [ -96.6161247743498, 32.660520412240203 ], [ -96.616568028263799, 32.656059694570402 ], [ -96.615213970686597, 32.654878546722301 ], [ -96.6160960426337, 32.654211146582298 ], [ -96.616028801039803, 32.654029712760398 ], [ -96.615490623048004, 32.653547591962798 ], [ -96.614122366699405, 32.652302567804703 ], [ -96.615244901478405, 32.651398398792502 ], [ -96.6172224051342, 32.652534289149202 ], [ -96.617393085038202, 32.653404080267002 ], [ -96.618336316086499, 32.6557486924359 ], [ -96.621832939159702, 32.655109779613497 ], [ -96.621841037471896, 32.655133805691001 ], [ -96.623636687978205, 32.654838089432502 ], [ -96.624866189649694, 32.653828958050298 ], [ -96.6267142586494, 32.652303010266898 ], [ -96.628251234778006, 32.651001145226203 ], [ -96.629019577315304, 32.650330621864001 ], [ -96.6453644014519, 32.636658532567097 ], [ -96.645962930959499, 32.637127104434498 ], [ -96.646465375765899, 32.637378025780897 ], [ -96.646840324480607, 32.637575491222499 ], [ -96.647191649299998, 32.637769738967101 ], [ -96.647636403400597, 32.638028386572799 ], [ -96.648275735286603, 32.638370116620301 ], [ -96.648992707664306, 32.638721592357903 ], [ -96.649469715775098, 32.638894798218402 ], [ -96.650679741971203, 32.639299434861798 ], [ -96.651057567091499, 32.639359473975503 ], [ -96.651154768398499, 32.639405307585001 ], [ -96.651310380860295, 32.639409058087899 ], [ -96.651473866157104, 32.639359943734199 ], [ -96.651926386193296, 32.639083172231501 ], [ -96.652394516254105, 32.638869633845097 ], [ -96.652545697326602, 32.638715259269503 ], [ -96.652873453047903, 32.638461516285297 ], [ -96.653136608222198, 32.638176196215802 ], [ -96.653307220752495, 32.637946772124998 ], [ -96.653583546127194, 32.6376788287875 ], [ -96.654014269441305, 32.637310085494903 ], [ -96.654148667289206, 32.637194671918003 ], [ -96.654448559965402, 32.6369328023412 ], [ -96.654697925101701, 32.636821960422601 ], [ -96.654948777848205, 32.636802779198199 ], [ -96.655289379478106, 32.636862251873801 ], [ -96.655629265150594, 32.6369560783399 ], [ -96.656208726119601, 32.637248194672601 ], [ -96.656712432160703, 32.637633336974297 ], [ -96.6534061522147, 32.640474526637 ], [ -96.652993319747793, 32.640825320872104 ], [ -96.652996634531206, 32.640826432086598 ], [ -96.652994645661195, 32.640828140890903 ], [ -96.656826611626499, 32.642113553376497 ], [ -96.661362271971399, 32.644008063199799 ], [ -96.660406225557196, 32.644772614109101 ], [ -96.657031656581694, 32.647458294729397 ], [ -96.656627893505899, 32.647777918980601 ], [ -96.663769021212602, 32.653850360754099 ], [ -96.666755509900497, 32.656391559224801 ], [ -96.666756587878893, 32.656390709131102 ], [ -96.666760297022705, 32.656393862948597 ], [ -96.667023053345005, 32.656180685813901 ], [ -96.667175862164697, 32.656060244410703 ], [ -96.667254607584198, 32.656128305833697 ], [ -96.670698830130206, 32.659242550407498 ], [ -96.670569995548803, 32.659479164323201 ], [ -96.669719950338106, 32.661035189072102 ], [ -96.669064180180698, 32.664158537286603 ], [ -96.6676268757261, 32.662963661514503 ], [ -96.6668363582761, 32.6631602877397 ], [ -96.662740040580502, 32.659673889354799 ], [ -96.655670299294499, 32.665459269965901 ], [ -96.652508229494401, 32.664551784046701 ], [ -96.6411086085389, 32.675970310239997 ], [ -96.640785215036601, 32.6770818371606 ], [ -96.640255209019003, 32.678095053731603 ], [ -96.640129444879193, 32.678730198557503 ], [ -96.640111478573601, 32.686434750470298 ], [ -96.636545166895601, 32.687296651149403 ], [ -96.635691767375704, 32.687667114674298 ], [ -96.634425142825094, 32.688476080702102 ], [ -96.637443482179705, 32.690479563141402 ], [ -96.637120088677406, 32.690487123367397 ], [ -96.637874673516095, 32.6909936570474 ], [ -96.637712976764902, 32.6925132408441 ], [ -96.637982471350199, 32.692702241995299 ], [ -96.637605178930897, 32.693435562673699 ], [ -96.637586638601704, 32.693616558898199 ], [ -96.637515347402399, 32.694312515575497 ], [ -96.637485248450503, 32.694295997188803 ], [ -96.637436163605102, 32.694269059738097 ], [ -96.637460497169499, 32.694064706946598 ], [ -96.630927433688697, 32.690433303616999 ], [ -96.630452383006897, 32.690436271763303 ], [ -96.630310858823805, 32.6903585994392 ], [ -96.624605614436902, 32.690423010362998 ], [ -96.6235889488091, 32.690416011100801 ], [ -96.6231588085016, 32.690418104528902 ], [ -96.623021532451403, 32.6904408940878 ], [ -96.622944673494004, 32.690441762002102 ], [ -96.622944512695597, 32.690453680703101 ], [ -96.622795174067804, 32.690478472956798 ], [ -96.622750614934802, 32.694442507990097 ], [ -96.622172122349696, 32.6944485937019 ], [ -96.622172122349696, 32.694717106232503 ], [ -96.622170759605396, 32.695023235734403 ], [ -96.619827519458099, 32.695181900034498 ], [ -96.617644613317694, 32.695144100886303 ], [ -96.617644610622804, 32.6951443201214 ], [ -96.617643544322505, 32.695144301221802 ], [ -96.617643478745507, 32.695231461497499 ], [ -96.617627621684093, 32.696452460708002 ], [ -96.617625777442797, 32.696526359968601 ], [ -96.614313737499302, 32.696489772456403 ], [ -96.614240028933594, 32.699587773989698 ], [ -96.614186230627894, 32.701270807251397 ], [ -96.613386538683898, 32.701278380926098 ], [ -96.612533130180793, 32.701352762254402 ], [ -96.610824287473704, 32.701517229154199 ], [ -96.609996056053106, 32.7016019967406 ], [ -96.609167945905099, 32.701681035825999 ], [ -96.608889298385407, 32.701707655062101 ], [ -96.607709246275306, 32.7018040637398 ], [ -96.607709077392101, 32.701810188257802 ], [ -96.6074337105198, 32.701822762341102 ], [ -96.606873877739801, 32.701810765029897 ], [ -96.606262691868295, 32.7018028829823 ], [ -96.606258421277403, 32.701685402820601 ], [ -96.605316457751996, 32.701681723720299 ], [ -96.605321159534199, 32.701525623747003 ], [ -96.604939445607002, 32.701403700619203 ], [ -96.604809413571303, 32.701379643140299 ], [ -96.604688232636093, 32.701348356691099 ], [ -96.604425505059893, 32.701568010947902 ], [ -96.604609958832199, 32.701722032046703 ], [ -96.603573927323396, 32.701857804821699 ], [ -96.602848369746496, 32.7018925471858 ], [ -96.602589655843005, 32.702111968790398 ], [ -96.602221006115002, 32.702141848197698 ], [ -96.600733948468402, 32.702288634127001 ], [ -96.600447781151502, 32.702286432124403 ], [ -96.600446992430705, 32.7023233135819 ], [ -96.598418984591305, 32.702541910173998 ], [ -96.598238164504494, 32.7025614673462 ], [ -96.595508039727207, 32.702713819929002 ], [ -96.595525404161705, 32.702772793686997 ], [ -96.593671212244999, 32.702920476608199 ], [ -96.591435944205003, 32.7032269445927 ], [ -96.590069744998402, 32.703283270044203 ], [ -96.5899206399326, 32.703207952990603 ], [ -96.588466097706004, 32.703277220462702 ], [ -96.588126948651905, 32.703297778303998 ], [ -96.585728756762094, 32.703592565403802 ], [ -96.585385416169004, 32.703650278477298 ], [ -96.583085724550003, 32.703722204899101 ], [ -96.582998988616097, 32.703660728947298 ], [ -96.5815792722765, 32.703763389159597 ] ] ] } },
{ "type": "Feature", "properties": { "OBJECTID": 20, "SHAPEarea": 140910177.33399999, "SHAPElen": 65360.8543536, "ZipCode": 75252, "Shape__Area": 18187745.3359375, "Shape__Length": 23329.1064187259 }, "geometry": { "type": "Polygon", "coordinates": [ [ [ -96.770645672509005, 32.999811927939099 ], [ -96.767744114141294, 32.999314687688901 ], [ -96.767740249588897, 32.999431378926403 ], [ -96.7677050940203, 32.999426734243301 ], [ -96.766762641811297, 32.9993105455152 ], [ -96.766099212617803, 32.9992626603755 ], [ -96.764739550451495, 32.999193628098702 ], [ -96.763063636389404, 32.999221833035399 ], [ -96.762299829446107, 32.999267030830801 ], [ -96.761568050137498, 32.9993255509115 ], [ -96.760748814446202, 32.999424373855199 ], [ -96.759662839302607, 32.9996082368231 ], [ -96.7587945178675, 32.999783675727301 ], [ -96.757551951098506, 33.000066988498197 ], [ -96.756804629138898, 33.000282643867003 ], [ -96.756640937229506, 32.999887267126503 ], [ -96.756470257325603, 32.997483915342499 ], [ -96.756430626350195, 32.997475857600001 ], [ -96.756433345550505, 32.997388274901702 ], [ -96.756433822555906, 32.997368664315402 ], [ -96.756433826149205, 32.997368449592699 ], [ -96.756414816001197, 32.997363834937602 ], [ -96.756374157353093, 32.9973528509273 ], [ -96.756333729572006, 32.997341272472703 ], [ -96.756293551522603, 32.997329098819797 ], [ -96.756253632188006, 32.997316334489199 ], [ -96.756213985941301, 32.997302985507602 ], [ -96.756174617273999, 32.997289057148997 ], [ -96.756135539660804, 32.997274554686697 ], [ -96.756096776457994, 32.997259478120696 ], [ -96.756058326767203, 32.997243831970998 ], [ -96.756020205859798, 32.9972276215112 ], [ -96.755982429905501, 32.997210852768298 ], [ -96.755945006090698, 32.997193534783101 ], [ -96.755907946991996, 32.997175665294897 ], [ -96.755871263388997, 32.997157253344398 ], [ -96.755834966959995, 32.9971383079722 ], [ -96.755799068484606, 32.997118829178 ], [ -96.755763574251105, 32.997098826755902 ], [ -96.755728508513997, 32.997078304472403 ], [ -96.755693866781698, 32.997057270614903 ], [ -96.755659665223902, 32.997035729703498 ], [ -96.755625920010203, 32.997013688518599 ], [ -96.755592632937393, 32.996991156100798 ], [ -96.755559818378401, 32.996968136970096 ], [ -96.7555274907062, 32.996944635646699 ], [ -96.755495645429406, 32.996920667952097 ], [ -96.755469291553894, 32.996900179531004 ], [ -96.755469616744094, 32.996863175444503 ], [ -96.755513640481198, 32.996828355500199 ], [ -96.755544675477594, 32.996803057237997 ], [ -96.755576371634106, 32.996776564800903 ], [ -96.755655991114395, 32.996706844214501 ], [ -96.755733465417705, 32.9966343155792 ], [ -96.755775188569402, 32.996593152504602 ], [ -96.755802900697603, 32.996564928645498 ], [ -96.755834945400395, 32.996531371315797 ], [ -96.755869048143595, 32.996494512484801 ], [ -96.755903847979297, 32.996455600566499 ], [ -96.755947224031203, 32.996405122861603 ], [ -96.755987018499894, 32.996356732106101 ], [ -96.756033241312906, 32.996297756495998 ], [ -96.756063764269598, 32.996257034016601 ], [ -96.756093003533806, 32.996216571449303 ], [ -96.756141419134295, 32.996146107544902 ], [ -96.756173319208401, 32.996097043086401 ], [ -96.756205063873907, 32.996045879560299 ], [ -96.756231888466601, 32.996000608539497 ], [ -96.756256950564705, 32.9959564450306 ], [ -96.756276330818693, 32.995920926303199 ], [ -96.756297477160402, 32.995880672280698 ], [ -96.756318569603295, 32.995838783305203 ], [ -96.756343222967999, 32.995787368738299 ], [ -96.756382252970397, 32.995699557582398 ], [ -96.756402315944001, 32.995650757328697 ], [ -96.756436288431402, 32.995560884656598 ], [ -96.756454168498806, 32.995509061569301 ], [ -96.756472539944696, 32.995451659306902 ], [ -96.756489086912197, 32.995395508454102 ], [ -96.756494342954994, 32.9951862769542 ], [ -96.756528366646293, 32.994889761906798 ], [ -96.756565335015196, 32.992408974786898 ], [ -96.756591299021906, 32.990745591028997 ], [ -96.756616812972595, 32.989105107444601 ], [ -96.756646828381193, 32.987235601380299 ], [ -96.756659440727802, 32.986402902819698 ], [ -96.778676611148995, 32.986679324804001 ], [ -96.778685594301805, 32.9879452029788 ], [ -96.781784782032005, 32.9879452029788 ], [ -96.7838419240327, 32.986950585941102 ], [ -96.783859890338405, 32.986747140166401 ], [ -96.785620588295203, 32.986769745275602 ], [ -96.785845167116307, 32.987907528295203 ], [ -96.787012976985594, 32.987937668043301 ], [ -96.787021960138404, 32.987538315545201 ], [ -96.790228945702793, 32.9875081756607 ], [ -96.790687086497698, 32.987884923477303 ], [ -96.791720149074393, 32.987372546053102 ], [ -96.792169306716502, 32.986860165654697 ], [ -96.792322020314799, 32.986860165654697 ], [ -96.793049655694901, 32.985918282163702 ], [ -96.794073735118801, 32.9854511042236 ], [ -96.796157826577996, 32.985270260486203 ], [ -96.796148843425101, 32.985164768135 ], [ -96.798538362080905, 32.985127092264698 ], [ -96.800631436692896, 32.9849085719001 ], [ -96.801395004684395, 32.985127092264698 ], [ -96.8034611298378, 32.986875235708801 ], [ -96.8052128446419, 32.986988261033098 ], [ -96.805149962572003, 32.983431661460301 ], [ -96.806138109384506, 32.983868708960301 ], [ -96.807009475210094, 32.983461802736699 ], [ -96.807755076895901, 32.982715803122296 ], [ -96.806856761611797, 32.981449849957997 ], [ -96.806551334415204, 32.980161271845901 ], [ -96.806569300720895, 32.978910353467199 ], [ -96.807000492057298, 32.977855348287903 ], [ -96.808392880747704, 32.9762049934765 ], [ -96.808554577498796, 32.975519220534302 ], [ -96.8084018639005, 32.974856050426197 ], [ -96.809623572686903, 32.976302960604997 ], [ -96.810845281473306, 32.976476286796803 ], [ -96.8105937531938, 32.977026406804299 ], [ -96.809695952644304, 32.977706437059602 ], [ -96.809668488451095, 32.977727239657902 ], [ -96.809673128249599, 32.977760048295799 ], [ -96.809731370521007, 32.9781718511653 ], [ -96.810099679787498, 32.978556174562598 ], [ -96.809991881953394, 32.979159031423698 ], [ -96.810064780238704, 32.979258805344401 ], [ -96.810096916569705, 32.979302789570198 ], [ -96.810162561857396, 32.979392637350898 ], [ -96.810683584722199, 32.979712902537003 ], [ -96.811204607587001, 32.980033166561398 ], [ -96.811220054118294, 32.980087921796901 ], [ -96.811483085324994, 32.981020326010103 ], [ -96.8125520805131, 32.9826931969749 ], [ -96.8126688615001, 32.983635114876002 ], [ -96.813648025159793, 32.9844790647793 ], [ -96.813645646420895, 32.984512988382598 ], [ -96.813638974633307, 32.984608130381702 ], [ -96.813630058854102, 32.984735262260699 ], [ -96.813532777597004, 32.984811034783903 ], [ -96.813378530574496, 32.9849311774801 ], [ -96.813378530574496, 32.985105743602404 ], [ -96.813378530574496, 32.985285330811799 ], [ -96.813028187613696, 32.985775114993203 ], [ -96.813396668458395, 32.9871391066659 ], [ -96.813410095576998, 32.987188807537699 ], [ -96.813441412644394, 32.987304731171101 ], [ -96.813501300629497, 32.987390127429499 ], [ -96.813608329505698, 32.987542744600397 ], [ -96.813621075701207, 32.987560920451799 ], [ -96.814690070889299, 32.9881260412361 ], [ -96.8156512682433, 32.989143249530102 ], [ -96.816028560662701, 32.990823501258703 ], [ -96.815965678592804, 32.991313254710498 ], [ -96.815130245378597, 32.9922701497661 ], [ -96.814923632863199, 32.992368099068301 ], [ -96.813450395797304, 32.9922098732184 ], [ -96.812444282678996, 32.992887982006501 ], [ -96.812372417456302, 32.993566085584199 ], [ -96.811797495674497, 32.994108564694798 ], [ -96.812722760417103, 32.994982551803197 ], [ -96.812902423473901, 32.996165434362403 ], [ -96.813486328408601, 32.997431176481598 ], [ -96.813674974618294, 32.998583890114197 ], [ -96.814240913247303, 32.999962606249603 ], [ -96.814923632863199, 33.000919407515603 ], [ -96.814851767640505, 33.001341300840402 ], [ -96.813683957771104, 33.003330199339203 ], [ -96.813674974618294, 33.003978088410101 ], [ -96.813890570286503, 33.004746508813803 ], [ -96.814294812164306, 33.005311519546098 ], [ -96.814483458373999, 33.005876526659399 ], [ -96.814357694234204, 33.006863397069303 ], [ -96.8146002393609, 33.007209929097698 ], [ -96.815803981841597, 33.007827656728402 ], [ -96.816531617221798, 33.008724107424399 ], [ -96.817079589545102, 33.009032966478202 ], [ -96.817196370532002, 33.009258960222503 ], [ -96.817133488462105, 33.009530151951303 ], [ -96.816504667763297, 33.010283457933802 ], [ -96.816253139483706, 33.012437877527198 ], [ -96.815983469727001, 33.012656655893203 ], [ -96.814524648824701, 33.012652470655603 ], [ -96.812339358555505, 33.012645815404198 ], [ -96.810517859925298, 33.012632602826599 ], [ -96.807605307076798, 33.012621738982901 ], [ -96.803877262715105, 33.012599709224801 ], [ -96.801532324752003, 33.012587835224402 ], [ -96.800302286786305, 33.012571072414403 ], [ -96.799142261717193, 33.0125366375716 ], [ -96.797850598424603, 33.012454583112998 ], [ -96.796827651776297, 33.012361863569502 ], [ -96.795426747955304, 33.0122167212471 ], [ -96.793392271347599, 33.0119683940583 ], [ -96.792354509683605, 33.011851096434498 ], [ -96.791651247393801, 33.011748395914502 ], [ -96.791068640524699, 33.0116459144826 ], [ -96.790058777838496, 33.011404412782802 ], [ -96.789467643262398, 33.011215899453802 ], [ -96.788839571758501, 33.0110039702531 ], [ -96.788278122909304, 33.010774336521798 ], [ -96.787725643738199, 33.010520482070497 ], [ -96.787432152456802, 33.010367876014499 ], [ -96.787202411017802, 33.010248418048697 ], [ -96.786738502140395, 33.009984320898397 ], [ -96.785913014174696, 33.009437485078102 ], [ -96.785442305949005, 33.009085951516802 ], [ -96.785187793466093, 33.008890590875303 ], [ -96.784702997860094, 33.008477297377098 ], [ -96.784596720873793, 33.008389452899003 ], [ -96.783529372297593, 33.007507204280103 ], [ -96.783413470761303, 33.007411399933197 ], [ -96.783410732696296, 33.007247595540498 ], [ -96.778254402965501, 33.003209661312702 ], [ -96.776242176728999, 33.001959069568798 ], [ -96.774319782020996, 33.001047482488197 ], [ -96.770645672509005, 32.999811927939099 ] ] ] } },
{ "type": "Feature", "properties": { "OBJECTID": 21, "SHAPEarea": 12366487.469699999, "SHAPElen": 24213.961345600001, "ZipCode": 75251, "Shape__Area": 1631842.98046875, "Shape__Length": 8776.0183528523394 }, "geometry": { "type": "Polygon", "coordinates": [ [ [ -96.775020467942596, 32.9236789756851 ], [ -96.769334132194103, 32.923543248086197 ], [ -96.769316165888497, 32.9239805918263 ], [ -96.764276617144503, 32.923882566693202 ], [ -96.764419346866802, 32.923583771844797 ], [ -96.764729156943602, 32.922935203230502 ], [ -96.765022218830396, 32.922321690327202 ], [ -96.767330889110596, 32.916100532731598 ], [ -96.768489715827101, 32.913483745495199 ], [ -96.766917664079898, 32.918196923174001 ], [ -96.768247170700405, 32.918023482683402 ], [ -96.769127519678804, 32.918129055196403 ], [ -96.769325149041293, 32.913559158313703 ], [ -96.769037688150405, 32.912933229973902 ], [ -96.768597513661206, 32.913182093578797 ], [ -96.768992772386198, 32.912096138168401 ], [ -96.768795143023695, 32.911786940094203 ], [ -96.769037688150405, 32.909351024816601 ], [ -96.769040427113694, 32.909351082133099 ], [ -96.769397014264001, 32.909358566453399 ], [ -96.769352098499795, 32.910406847717603 ], [ -96.771517038334594, 32.909750730681701 ], [ -96.771723650849907, 32.910323890659797 ], [ -96.771031948081102, 32.910399306170099 ], [ -96.770960082858394, 32.910504887776703 ], [ -96.771022964928306, 32.913544075755098 ], [ -96.772343488395904, 32.913544075755098 ], [ -96.772523151452802, 32.913679818689602 ], [ -96.773385534125495, 32.9134762042098 ], [ -96.775999631602303, 32.913559158313703 ], [ -96.775703187558506, 32.914531977912098 ], [ -96.775864884309698, 32.9154519990132 ], [ -96.775676238100004, 32.917005455560201 ], [ -96.776053530519405, 32.917706764388797 ], [ -96.776808115357994, 32.918325118100697 ], [ -96.777149475165999, 32.918890681737402 ], [ -96.776987778414806, 32.920248019719601 ], [ -96.777131508860293, 32.921024709311503 ], [ -96.777742363253495, 32.921748608036403 ], [ -96.7793683139178, 32.922201041732301 ], [ -96.779889336782503, 32.922555446511701 ], [ -96.7808595172894, 32.9240786168508 ], [ -96.780809824284503, 32.924075215384299 ], [ -96.775020467942596, 32.9236789756851 ] ] ] } },
{ "type": "Feature", "properties": { "OBJECTID": 22, "SHAPEarea": 128594102.358, "SHAPElen": 60618.691456100001, "ZipCode": 75249, "Shape__Area": 16845108.933593798, "Shape__Length": 21957.616502665202 }, "geometry": { "type": "Polygon", "coordinates": [ [ [ -96.948664812362907, 32.664945029076399 ], [ -96.948664812362907, 32.660490671673102 ], [ -96.946266310554293, 32.660483108907997 ], [ -96.943230004894005, 32.662230090626302 ], [ -96.9429784766144, 32.6502122835902 ], [ -96.942957665344295, 32.647246559901298 ], [ -96.942870678780395, 32.634849223027103 ], [ -96.942884154407906, 32.634760477992003 ], [ -96.943319836422404, 32.631891285144398 ], [ -96.943252355876595, 32.626471052038603 ], [ -96.943322672403795, 32.626472467570103 ], [ -96.943325123906206, 32.626218362272397 ], [ -96.943321674375497, 32.626027764100698 ], [ -96.943316890846603, 32.625963771292902 ], [ -96.943305846060198, 32.625896387497001 ], [ -96.943289910845394, 32.625759111722999 ], [ -96.943245051675007, 32.6255283612984 ], [ -96.943212970141303, 32.625406816387198 ], [ -96.943184910365105, 32.6252974188655 ], [ -96.9431325843981, 32.625144164814998 ], [ -96.943044942962302, 32.624973311013399 ], [ -96.942990678431002, 32.624856788268801 ], [ -96.9429247070548, 32.6246897417819 ], [ -96.942891504423599, 32.624568779055302 ], [ -96.943346785880905, 32.624159333527601 ], [ -96.944577477820204, 32.6221997602443 ], [ -96.945143416449199, 32.621624742182497 ], [ -96.945646473008296, 32.621390194280899 ], [ -96.945736304536695, 32.621155645764702 ], [ -96.946499872528193, 32.620936228854497 ], [ -96.946580720903796, 32.620815171018698 ], [ -96.946706485043507, 32.621011889918798 ], [ -96.947874294912907, 32.620792472656198 ], [ -96.948673795515802, 32.620958927180503 ], [ -96.949098645644597, 32.620748061023598 ], [ -96.949577563573698, 32.621429103550398 ], [ -96.950348656752297, 32.6225306557401 ], [ -96.950985946767702, 32.623448578558097 ], [ -96.952195387262293, 32.625161157496699 ], [ -96.953183338241999, 32.626618196841299 ], [ -96.953255203464806, 32.632640235183203 ], [ -96.953257694493104, 32.632640502231901 ], [ -96.953256849178402, 32.632734581260998 ], [ -96.953352068801905, 32.6327334011036 ], [ -96.953434546721397, 32.632716243426998 ], [ -96.953491644539099, 32.632698842150603 ], [ -96.953564414365403, 32.632690431255 ], [ -96.953664299838394, 32.63269167496 ], [ -96.953740063749507, 32.6326922037616 ], [ -96.953749276870994, 32.632693191009203 ], [ -96.9538342161744, 32.632692860413698 ], [ -96.953865086779103, 32.6326930760195 ], [ -96.957635038447194, 32.6326809967983 ], [ -96.957633094492905, 32.632678083471802 ], [ -96.957638982051293, 32.632678060776399 ], [ -96.957053729643704, 32.631809937445098 ], [ -96.956850028568198, 32.6315047011595 ], [ -96.971733548859106, 32.624280386840901 ], [ -96.975688787935994, 32.622156541712499 ], [ -96.975675710262095, 32.623422026794302 ], [ -96.975617591958098, 32.624147231970198 ], [ -96.975572378851595, 32.624514647991198 ], [ -96.975527751446506, 32.624847708577903 ], [ -96.975456304838701, 32.6252649149232 ], [ -96.975393534159906, 32.625570548507902 ], [ -96.975068268568606, 32.626975438337098 ], [ -96.974797909804096, 32.6280554702752 ], [ -96.974687822164299, 32.628538580362502 ], [ -96.974537269014306, 32.629128062209702 ], [ -96.974241602013194, 32.6302856157523 ], [ -96.974147642726095, 32.630535022799698 ], [ -96.973495117283505, 32.6320762037614 ], [ -96.9732616325647, 32.6325673020987 ], [ -96.972777845766799, 32.633543563475698 ], [ -96.972332536507395, 32.634544635592 ], [ -96.972126308471005, 32.635024612055403 ], [ -96.971917672051305, 32.635546081559902 ], [ -96.971611382472005, 32.636334095185902 ], [ -96.971473246734206, 32.636986723915001 ], [ -96.972029408997898, 32.637198406627597 ], [ -96.972062944005799, 32.637211170603898 ], [ -96.972023764883005, 32.637457437903102 ], [ -96.972003043444303, 32.637587687035698 ], [ -96.972010850702503, 32.638050115313 ], [ -96.972027721063498, 32.639049256451003 ], [ -96.972029992902904, 32.639183824903199 ], [ -96.972105358860205, 32.639576363037598 ], [ -96.9721751525679, 32.639939877481901 ], [ -96.9722725380296, 32.640447098665199 ], [ -96.972407748852902, 32.640832143229602 ], [ -96.972565483135298, 32.641281325375303 ], [ -96.972766611435901, 32.641854077184199 ], [ -96.973172279838394, 32.642702036564003 ], [ -96.973530179427399, 32.643450138926298 ], [ -96.973799674012596, 32.643344239977303 ], [ -96.979862854819402, 32.6562051691729 ], [ -96.979872285333201, 32.656225170616999 ], [ -96.975266155747605, 32.658406217828201 ], [ -96.972748645130196, 32.659598260984801 ], [ -96.9687331758102, 32.661534327107098 ], [ -96.9648165211714, 32.662041024988497 ], [ -96.963028873756002, 32.662593095529701 ], [ -96.961968861720706, 32.663190537889797 ], [ -96.959489511536603, 32.6651567756834 ], [ -96.958367743020503, 32.665586664370302 ], [ -96.958285769055806, 32.665618079054298 ], [ -96.957387453771702, 32.665580267392201 ], [ -96.957387453771702, 32.665096276703999 ], [ -96.957413342319896, 32.6650790004567 ], [ -96.958124072304699, 32.664604720978403 ], [ -96.958743909850696, 32.663833351158701 ], [ -96.958752893003606, 32.663598913913901 ], [ -96.958348651125704, 32.662948536402297 ], [ -96.957549150522894, 32.662948536402297 ], [ -96.956156761832503, 32.662706534259698 ], [ -96.954476912251195, 32.662003211813001 ], [ -96.954431996487003, 32.661791457734303 ], [ -96.953389950757398, 32.6614057615161 ], [ -96.952922826809697, 32.661383073451503 ], [ -96.952850961586904, 32.6616023911686 ], [ -96.952473669167603, 32.661730956476802 ], [ -96.951665185411898, 32.662933411287597 ], [ -96.951701118023294, 32.6653533970835 ], [ -96.952392820791999, 32.665716389300897 ], [ -96.952177225123805, 32.666139878357797 ], [ -96.950326695638495, 32.665232399350003 ], [ -96.948664812362907, 32.664945029076399 ] ] ] } },
{ "type": "Feature", "properties": { "OBJECTID": 23, "SHAPEarea": 207360026.54499999, "SHAPElen": 84330.552310200001, "ZipCode": 75248, "Shape__Area": 27334960.4609375, "Shape__Length": 30526.339983212802 }, "geometry": { "type": "Polygon", "coordinates": [ [ [ -96.778685594301805, 32.9879452029788 ], [ -96.778676611148995, 32.986679324804001 ], [ -96.768157339171907, 32.986543693922798 ], [ -96.768183293297099, 32.983063124749201 ], [ -96.768327771140903, 32.9830654019325 ], [ -96.768309964735394, 32.9829216664901 ], [ -96.768277573282802, 32.982298074494103 ], [ -96.768306502628207, 32.982035026254003 ], [ -96.768290711143905, 32.9814076926517 ], [ -96.768287745805097, 32.980388199351303 ], [ -96.768275015779196, 32.979475968956997 ], [ -96.768264534236494, 32.978795720982703 ], [ -96.768266258103495, 32.9781843673236 ], [ -96.768288622560803, 32.977737957835899 ], [ -96.768314127528399, 32.976955121241197 ], [ -96.768372830635599, 32.9765593280083 ], [ -96.768416724117003, 32.9763995779414 ], [ -96.768546135416798, 32.976036265943598 ], [ -96.768796204832299, 32.975409748825399 ], [ -96.768890890856596, 32.975084616334399 ], [ -96.768946567539501, 32.974867542905102 ], [ -96.768984620175004, 32.974634900928002 ], [ -96.769009110944594, 32.974424769392499 ], [ -96.769018137216506, 32.9737891748618 ], [ -96.7690447992142, 32.969107604605398 ], [ -96.769029305970506, 32.969047218036003 ], [ -96.769044803705697, 32.966563318556197 ], [ -96.769028424723203, 32.966485720042897 ], [ -96.769036238269507, 32.965738430662299 ], [ -96.769048209218994, 32.963970312550103 ], [ -96.769065006816504, 32.963919013581197 ], [ -96.769074632264804, 32.962336984671701 ], [ -96.769046908458506, 32.962064580662201 ], [ -96.769057932583607, 32.960577104559697 ], [ -96.769068290158899, 32.960101882899501 ], [ -96.769080492873698, 32.9599989631187 ], [ -96.769080721944107, 32.959639584486801 ], [ -96.769056688416995, 32.959478886521303 ], [ -96.769067132230404, 32.958156008908198 ], [ -96.769066118032498, 32.957785252450101 ], [ -96.769058737474097, 32.957636189799899 ], [ -96.7690636018514, 32.956865951256901 ], [ -96.769068203920597, 32.956337669598597 ], [ -96.769095139904394, 32.956295097796001 ], [ -96.769078055744302, 32.955431486298899 ], [ -96.769070050856797, 32.9544505927025 ], [ -96.769063542562606, 32.953567082809499 ], [ -96.769098451992804, 32.953518883404499 ], [ -96.769089466145005, 32.9529360154907 ], [ -96.769074985302694, 32.951591351499701 ], [ -96.769073924392302, 32.950981590053999 ], [ -96.770358211618003, 32.9507901578177 ], [ -96.771597886710097, 32.9507600053917 ], [ -96.771588903557301, 32.950624319347298 ], [ -96.776601502842695, 32.950654471819597 ], [ -96.780572056398498, 32.949991115052903 ], [ -96.791989643659605, 32.950006191398302 ], [ -96.795609854254593, 32.949780045946703 ], [ -96.798071238133105, 32.949832813270497 ], [ -96.799059384945707, 32.950232336271299 ], [ -96.798915654500206, 32.951197214562399 ], [ -96.799301930072403, 32.952599284556797 ], [ -96.798933620805897, 32.953036484629898 ], [ -96.799005486028605, 32.954061634941297 ], [ -96.800065498063901, 32.953933491802601 ], [ -96.800002615994003, 32.953473682540398 ], [ -96.800146346439405, 32.9530741741901 ], [ -96.800999745959402, 32.952471139297998 ], [ -96.801978909619095, 32.953435993150499 ], [ -96.8032545173225, 32.9539862566469 ], [ -96.804215714676502, 32.954091786241001 ], [ -96.804170798912295, 32.953895802608798 ], [ -96.804476226108903, 32.953903340448903 ], [ -96.804494192414595, 32.954099324064401 ], [ -96.807081340432802, 32.954091786241001 ], [ -96.807126256197094, 32.954611894542502 ], [ -96.807979655717006, 32.955267678908001 ], [ -96.808509661734604, 32.956081749281701 ], [ -96.808949836223803, 32.956488781656503 ], [ -96.810135612398895, 32.958523915410197 ], [ -96.810135612398895, 32.959307806278701 ], [ -96.809542724311299, 32.9599107945225 ], [ -96.808940853070993, 32.960091690193202 ], [ -96.808976785682304, 32.9604233312945 ], [ -96.810207477621603, 32.960378107581199 ], [ -96.810575786888094, 32.959827883882902 ], [ -96.8112674896568, 32.959451016359097 ], [ -96.811689697840393, 32.958576677513904 ], [ -96.8117346136046, 32.957822930186502 ], [ -96.811995125037001, 32.956978725547202 ], [ -96.8116447820762, 32.956149588141002 ], [ -96.811087826600001, 32.955508885726402 ], [ -96.810656635263598, 32.955184763912101 ], [ -96.809533741158504, 32.954732498928898 ], [ -96.808599493263003, 32.954770187765902 ], [ -96.808356948136307, 32.954664658981798 ], [ -96.808114403009597, 32.953948567475599 ], [ -96.810548837429593, 32.9539561053112 ], [ -96.810539854276698, 32.954114399709098 ], [ -96.813674974618294, 32.954121937530502 ], [ -96.813692940924, 32.955471197204403 ], [ -96.813845654522297, 32.955478734910102 ], [ -96.814501424679705, 32.955448584083499 ], [ -96.8148338013348, 32.954913405199903 ], [ -96.815498554645004, 32.954551592287601 ], [ -96.815408723116605, 32.954114399709098 ], [ -96.818534860305405, 32.9541520888097 ], [ -96.818498927693994, 32.9545289789314 ], [ -96.818256382567299, 32.9548455653917 ], [ -96.819585889187806, 32.956074211627403 ], [ -96.821463368131603, 32.9561118998922 ], [ -96.8217328627168, 32.954159626627899 ], [ -96.822092188830496, 32.9541747022623 ], [ -96.822101171983306, 32.954023945802199 ], [ -96.822298801345795, 32.954031483631297 ], [ -96.822283999804895, 32.954174683417797 ], [ -96.822146087747498, 32.955508885726402 ], [ -96.822223461439606, 32.955514972421099 ], [ -96.822166231569497, 32.955729597679898 ], [ -96.822101617547702, 32.9560924014935 ], [ -96.821946164087805, 32.956745065614399 ], [ -96.821879668993802, 32.957075697181303 ], [ -96.821869220688797, 32.957127866943303 ], [ -96.821831298308993, 32.957425010058301 ], [ -96.821797341991299, 32.9575633607312 ], [ -96.821714896411194, 32.957566654630597 ], [ -96.822020323607802, 32.9561118998922 ], [ -96.821526250201501, 32.957506354391803 ], [ -96.821157940934995, 32.959488703183801 ], [ -96.821256755616304, 32.960717284866298 ], [ -96.821463368131603, 32.961418247129799 ], [ -96.821607098577104, 32.961365486722897 ], [ -96.822191003511705, 32.9644180013061 ], [ -96.8218496437038, 32.967244309662902 ], [ -96.821625064882696, 32.967093575499803 ], [ -96.821589132271399, 32.968600905556301 ], [ -96.821723879564004, 32.968593368969998 ], [ -96.821687946952594, 32.9697916781152 ], [ -96.821831677398094, 32.970643296745102 ], [ -96.821759812175401, 32.972610278301801 ], [ -96.821948458384995, 32.973416652716303 ], [ -96.822774908446405, 32.974569679976398 ], [ -96.827733608814796, 32.978443138442898 ], [ -96.828551075723297, 32.979550886176298 ], [ -96.829018199670998, 32.981103216759301 ], [ -96.828937351295494, 32.983311096252002 ], [ -96.828969132791897, 32.983311096252002 ], [ -96.828955904200996, 32.983603624085603 ], [ -96.828878855699102, 32.984985691566102 ], [ -96.828837535890997, 32.985876032802302 ], [ -96.828808861667099, 32.986614520394902 ], [ -96.828790845954103, 32.987089554205802 ], [ -96.828786686754299, 32.987219790697502 ], [ -96.829888311448499, 32.987228648839498 ], [ -96.829873774012299, 32.987386592769099 ], [ -96.829871599190994, 32.987410220965003 ], [ -96.813396668458395, 32.9871391066659 ], [ -96.813387513727406, 32.987138961240298 ], [ -96.813028187613696, 32.985775114993203 ], [ -96.813378530574496, 32.985105743602404 ], [ -96.813532777597004, 32.984811034783903 ], [ -96.813638974633307, 32.984608130381702 ], [ -96.813674974618294, 32.984539346606503 ], [ -96.813645646420895, 32.984512988382598 ], [ -96.8126688615001, 32.983635114876002 ], [ -96.8125520805131, 32.9826931969749 ], [ -96.811483085324994, 32.981020326010103 ], [ -96.811249523351194, 32.9801085226336 ], [ -96.811220054118294, 32.980087921796901 ], [ -96.810683584722199, 32.979712902537003 ], [ -96.810096916569705, 32.979302789570198 ], [ -96.810063747176102, 32.979279602302 ], [ -96.810064780238704, 32.979258805344401 ], [ -96.810099679787498, 32.978556174562598 ], [ -96.809731370521007, 32.9781718511653 ], [ -96.809632555839698, 32.977855348287903 ], [ -96.809673128249599, 32.977760048295799 ], [ -96.809695952644304, 32.977706437059602 ], [ -96.809722387368197, 32.977644345739499 ], [ -96.8105937531938, 32.977026406804299 ], [ -96.810845281473306, 32.976476286796803 ], [ -96.809623572686903, 32.976302960604997 ], [ -96.8084018639005, 32.974856050426197 ], [ -96.808554577498796, 32.975519220534302 ], [ -96.808392880747704, 32.9762049934765 ], [ -96.807000492057298, 32.977855348287903 ], [ -96.806569300720895, 32.978910353467199 ], [ -96.806551334415204, 32.980161271845901 ], [ -96.806856761611797, 32.981449849957997 ], [ -96.807755076895901, 32.982715803122296 ], [ -96.807009475210094, 32.983461802736699 ], [ -96.806138109384506, 32.983868708960301 ], [ -96.805149962572003, 32.983431661460301 ], [ -96.8052128446419, 32.986988261033098 ], [ -96.8034611298378, 32.986875235708801 ], [ -96.801395004684395, 32.985127092264698 ], [ -96.800631436692896, 32.9849085719001 ], [ -96.798538362080905, 32.985127092264698 ], [ -96.796148843425101, 32.985164768135 ], [ -96.796157826577996, 32.985270260486203 ], [ -96.794073735118801, 32.9854511042236 ], [ -96.793049655694901, 32.985918282163702 ], [ -96.792322020314799, 32.986860165654697 ], [ -96.792169306716502, 32.986860165654697 ], [ -96.791720149074393, 32.987372546053102 ], [ -96.790687086497698, 32.987884923477303 ], [ -96.790228945702793, 32.9875081756607 ], [ -96.787021960138404, 32.987538315545201 ], [ -96.787012976985594, 32.987937668043301 ], [ -96.785845167116307, 32.987907528295203 ], [ -96.785620588295203, 32.986769745275602 ], [ -96.783859890338405, 32.986747140166401 ], [ -96.7838419240327, 32.986950585941102 ], [ -96.781784782032005, 32.9879452029788 ], [ -96.778685594301805, 32.9879452029788 ] ] ] } },
{ "type": "Feature", "properties": { "OBJECTID": 24, "SHAPEarea": 183247763.35299999, "SHAPElen": 87360.727850199997, "ZipCode": 75247, "Shape__Area": 24083416.332031298, "Shape__Length": 32501.992403169301 }, "geometry": { "type": "Polygon", "coordinates": [ [ [ -96.8731009094017, 32.843867270395002 ], [ -96.865480817053495, 32.837291558330399 ], [ -96.866109637752302, 32.8369670036519 ], [ -96.872128350155904, 32.836982099244601 ], [ -96.872811069771899, 32.836846238817401 ], [ -96.8736285366804, 32.838506740891098 ], [ -96.874769397091299, 32.838295405988397 ], [ -96.874607700340107, 32.835691416792201 ], [ -96.874931093842406, 32.835661225165303 ], [ -96.874922110689596, 32.835578198138101 ], [ -96.873871081807096, 32.835797087405801 ], [ -96.872757170854797, 32.836733021636 ], [ -96.872559541492294, 32.836295247175897 ], [ -96.872505642575305, 32.835464979339598 ], [ -96.872559541492294, 32.834906431153897 ], [ -96.872972766523006, 32.8339025451765 ], [ -96.872847002383196, 32.832868455272198 ], [ -96.872631406715001, 32.8322872461708 ], [ -96.871957670252002, 32.831668292035701 ], [ -96.871760040889498, 32.830196371580698 ], [ -96.871427664234304, 32.829290562250897 ], [ -96.869837646181395, 32.827826150958899 ], [ -96.866163536669404, 32.826867476880402 ], [ -96.865346069760804, 32.826437202472803 ], [ -96.8652652213853, 32.825946536130701 ], [ -96.862300780947706, 32.822896795315899 ], [ -96.861941454833996, 32.822277775733198 ], [ -96.861689926554504, 32.822277775733198 ], [ -96.862183999960706, 32.820760404607299 ], [ -96.861519246650502, 32.8194543878096 ], [ -96.861177886842498, 32.819356247043402 ], [ -96.856228169627002, 32.819310951268598 ], [ -96.856129354945793, 32.817302815378497 ], [ -96.856497664212299, 32.8171971227586 ], [ -96.857072585994104, 32.817718035168298 ], [ -96.857674457234495, 32.818027561385499 ], [ -96.857943951819706, 32.818027561385499 ], [ -96.858707519811205, 32.817053682573203 ], [ -96.859093795383401, 32.816796999558299 ], [ -96.859965161209004, 32.816608261574203 ], [ -96.861411448816398, 32.8166158111013 ], [ -96.861451081588399, 32.816586480430097 ], [ -96.862275318201, 32.8159764914733 ], [ -96.862575616017295, 32.815754250402797 ], [ -96.862615191297095, 32.815724962479898 ], [ -96.862685494349606, 32.815711630636002 ], [ -96.863742090990101, 32.815511265441302 ], [ -96.864366906101196, 32.815392779351797 ], [ -96.864581126448599, 32.815423122067301 ], [ -96.864981846032293, 32.815479881663002 ], [ -96.865166406704006, 32.815506023739601 ], [ -96.865274112910001, 32.8156064170335 ], [ -96.865660480110293, 32.815966549429398 ], [ -96.866810323674002, 32.815581519917899 ], [ -96.8680140661547, 32.816736603446998 ], [ -96.867025919342097, 32.815294634099097 ], [ -96.868103897683099, 32.816087342657802 ], [ -96.867708638958106, 32.815536222218597 ], [ -96.866936087813698, 32.8145774154995 ], [ -96.8652382719267, 32.8132713078111 ], [ -96.853404382905097, 32.8130162899322 ], [ -96.852976268298505, 32.813007064036299 ], [ -96.851929797467804, 32.8128450505045 ], [ -96.848879950602907, 32.812372875770897 ], [ -96.849525708138202, 32.811364948783101 ], [ -96.849948945790999, 32.810704335026102 ], [ -96.850721496935407, 32.8090961642989 ], [ -96.852383380210995, 32.806295008711899 ], [ -96.853488308010498, 32.802746248190701 ], [ -96.851646761677998, 32.8025876832439 ], [ -96.848987748436997, 32.8017948542673 ], [ -96.834273344083101, 32.794258850637597 ], [ -96.835261490895704, 32.789720327897697 ], [ -96.838297796556006, 32.791411917525103 ], [ -96.844480299683696, 32.794152409450902 ], [ -96.844550070933494, 32.794183336347103 ], [ -96.844612177757298, 32.794221142584597 ], [ -96.848197230986997, 32.796403429715703 ], [ -96.8509999746734, 32.797566313644502 ], [ -96.851458302317894, 32.797675645850099 ], [ -96.852026066323603, 32.797811082916503 ], [ -96.852329481293907, 32.797883461167402 ], [ -96.852780797587599, 32.7979059189447 ], [ -96.856578512587802, 32.798094892220803 ], [ -96.872002586016194, 32.797906114518597 ], [ -96.883995095059205, 32.798125096615998 ], [ -96.896578094586204, 32.798103466494503 ], [ -96.897173380277195, 32.798102443320602 ], [ -96.898529836356204, 32.798200607558996 ], [ -96.898541632134197, 32.798206623513103 ], [ -96.898353502455805, 32.798217164079702 ], [ -96.898727482786697, 32.798347979816398 ], [ -96.899218267460697, 32.798583370032503 ], [ -96.899834201826906, 32.799022285555999 ], [ -96.900394819734402, 32.7994924214712 ], [ -96.9015481757109, 32.8006773309409 ], [ -96.903153529802296, 32.803433809710498 ], [ -96.903197241824003, 32.803565625781197 ], [ -96.903604769739204, 32.8043506052502 ], [ -96.903311870447496, 32.804615956001697 ], [ -96.902024295387804, 32.805766568740403 ], [ -96.901860042929698, 32.805916461627099 ], [ -96.901277623808497, 32.806448074136703 ], [ -96.901179767629699, 32.806536791936701 ], [ -96.901077827709599, 32.806632549618001 ], [ -96.9009778721679, 32.806729781782799 ], [ -96.900883164584101, 32.806825232711702 ], [ -96.900918545629906, 32.806839991396302 ], [ -96.901024732784705, 32.806886747726502 ], [ -96.901129717095301, 32.806935398414801 ], [ -96.901233391662302, 32.806985993290198 ], [ -96.901335773553498, 32.807038472701898 ], [ -96.901452253604802, 32.8071015874851 ], [ -96.901845272829803, 32.8073747068457 ], [ -96.901891302505007, 32.807411007227699 ], [ -96.901936583883497, 32.807447984102197 ], [ -96.901981089117598, 32.807485621612798 ], [ -96.902024813715798, 32.807523912963397 ], [ -96.902067732525097, 32.807562835502203 ], [ -96.902151138404307, 32.8076425582856 ], [ -96.902191587744895, 32.807683330592397 ], [ -96.904594716775506, 32.805577046996497 ], [ -96.904702970953807, 32.805736677264903 ], [ -96.904710879721506, 32.805750252219703 ], [ -96.9047902845045, 32.805881734901199 ], [ -96.904833066769896, 32.805949793019302 ], [ -96.9048758652049, 32.806018986669599 ], [ -96.904917980920402, 32.806088196121898 ], [ -96.904960100229104, 32.806157400990102 ], [ -96.905002892376004, 32.8062254483266 ], [ -96.905044998210002, 32.806294651577801 ], [ -96.905087801136702, 32.806362698809302 ], [ -96.905129897987507, 32.806431902708702 ], [ -96.905172023584399, 32.806501112594503 ], [ -96.905214133011697, 32.806569167973301 ], [ -96.905256258608603, 32.8066383641615 ], [ -96.905299036382502, 32.8067064186802 ], [ -96.905341152996201, 32.806774461066198 ], [ -96.905383962211104, 32.806843670685303 ], [ -96.905426729205203, 32.806911712211203 ], [ -96.905429637051697, 32.806916567841903 ], [ -96.905923676322004, 32.807993943515903 ], [ -96.905956262708898, 32.808142359593198 ], [ -96.906165516271201, 32.809654874798703 ], [ -96.906147466422198, 32.812759743230998 ], [ -96.906138182333805, 32.812900559228297 ], [ -96.906144716679094, 32.813232791687398 ], [ -96.906140151440894, 32.814018017211801 ], [ -96.906091552584002, 32.814140565383198 ], [ -96.906085420683894, 32.814255303193001 ], [ -96.9060797154835, 32.814347754085603 ], [ -96.906105913052102, 32.814495801695799 ], [ -96.905913987991696, 32.815702313669703 ], [ -96.905707375476297, 32.816200586160299 ], [ -96.9046473634411, 32.817582145268901 ], [ -96.899966257766906, 32.8220470509332 ], [ -96.899756599064403, 32.822205731387299 ], [ -96.899717569960302, 32.822298784724701 ], [ -96.898112329056602, 32.823943859385103 ], [ -96.897758761143905, 32.8242469005611 ], [ -96.897631285713501, 32.824364849440897 ], [ -96.897529261351707, 32.8245147215248 ], [ -96.897389486188501, 32.824684629491998 ], [ -96.897087928934098, 32.8249936634096 ], [ -96.896940779500696, 32.825099570198397 ], [ -96.896879900673895, 32.825142046563499 ], [ -96.896339838016601, 32.8253303701063 ], [ -96.8962297476819, 32.825348805749996 ], [ -96.895994505858496, 32.825450789771502 ], [ -96.895655227446994, 32.825569098638503 ], [ -96.895341710023004, 32.825810599938102 ], [ -96.8951081202013, 32.825976245677403 ], [ -96.894932188746196, 32.826126051633103 ], [ -96.894577249106106, 32.8263994590042 ], [ -96.892991610340204, 32.827782550384498 ], [ -96.892679279590695, 32.8280382875272 ], [ -96.892506967447801, 32.828205281055602 ], [ -96.892214679908903, 32.828460228915503 ], [ -96.892093159410507, 32.828614254826 ], [ -96.892064297438694, 32.828644753053901 ], [ -96.892009262152797, 32.828716903140098 ], [ -96.892003212897706, 32.828728261364802 ], [ -96.890606695550304, 32.830498305970799 ], [ -96.889025660650205, 32.829486821723101 ], [ -96.888953795427497, 32.829554757593201 ], [ -96.886186984352406, 32.832521239902803 ], [ -96.885665961487604, 32.835525362716801 ], [ -96.885180871234198, 32.836582065169402 ], [ -96.884498151618303, 32.8373670359925 ], [ -96.883734583626804, 32.837933116413403 ], [ -96.882818302036995, 32.838363335119098 ], [ -96.876030039760394, 32.840553053372901 ], [ -96.875775510209493, 32.8406351572186 ], [ -96.875641354008295, 32.840648634007003 ], [ -96.875083632269195, 32.840704660472603 ], [ -96.874949060148097, 32.840718179516401 ], [ -96.874857570329695, 32.8407002436876 ], [ -96.873871081807096, 32.840506849878302 ], [ -96.874293289990703, 32.841065362829397 ], [ -96.875335335720294, 32.841133289840599 ], [ -96.875631779764007, 32.841291785997697 ], [ -96.875928907425703, 32.841893855222999 ], [ -96.8759372069606, 32.841910673044097 ], [ -96.875911686721693, 32.841937260183997 ], [ -96.875765060107796, 32.842090017401603 ], [ -96.875712628139595, 32.842144641413199 ], [ -96.874086677475304, 32.842989941349799 ], [ -96.873107513815597, 32.843872969293301 ], [ -96.8731009094017, 32.843867270395002 ] ] ] } },
{ "type": "Feature", "properties": { "OBJECTID": 25, "SHAPEarea": 12612164.951099999, "SHAPElen": 16787.721123800002, "ZipCode": 75246, "Shape__Area": 1667203.48828125, "Shape__Length": 6080.4591055020101 }, "geometry": { "type": "Polygon", "coordinates": [ [ [ -96.769495828945296, 32.800292235188898 ], [ -96.764213735074705, 32.795670956057897 ], [ -96.764216630344805, 32.795668498862902 ], [ -96.771651785627199, 32.789357840220198 ], [ -96.772208741103299, 32.789871363993903 ], [ -96.776071496824997, 32.786548510629501 ], [ -96.777634565419405, 32.786858145392202 ], [ -96.779467128598995, 32.786971426133597 ], [ -96.779628825350102, 32.787371683597897 ], [ -96.782871743525803, 32.7902565048784 ], [ -96.7794850949047, 32.793073268877201 ], [ -96.778712543760307, 32.7923936288935 ], [ -96.775227080457995, 32.795308492634703 ], [ -96.775981665296598, 32.7959654565013 ], [ -96.774741990204504, 32.796735683818703 ], [ -96.773933506448799, 32.796365673489099 ], [ -96.770888217635701, 32.798849999021598 ], [ -96.771184661679399, 32.799114284886798 ], [ -96.770448043146402, 32.800126114937697 ], [ -96.769504349465805, 32.800290748414 ], [ -96.769495828945296, 32.800292235188898 ] ] ] } },
{ "type": "Feature", "properties": { "OBJECTID": 26, "SHAPEarea": 128578065.807, "SHAPElen": 54649.694396300001, "ZipCode": 75244, "Shape__Area": 8548741.0703125, "Shape__Length": 14042.801730962799 }, "geometry": { "type": "MultiPolygon", "coordinates": [ [ [ [ -96.8212545987613, 32.927760670289501 ], [ -96.821248877391199, 32.927610058800298 ], [ -96.821216391615593, 32.927611836751502 ], [ -96.820942345266801, 32.926544287515704 ], [ -96.818831304349104, 32.921484687312201 ], [ -96.814625166711707, 32.909591005417802 ], [ -96.814616890533003, 32.909567600761498 ], [ -96.813881587133594, 32.907488220851398 ], [ -96.814923632863199, 32.909139858725403 ], [ -96.814636171972296, 32.908363064841602 ], [ -96.818373163554199, 32.908332897951396 ], [ -96.818373163554199, 32.909622523336601 ], [ -96.856165287557104, 32.909660231398597 ], [ -96.856102206959605, 32.915809021937697 ], [ -96.856073161731501, 32.9186400236255 ], [ -96.8560585632098, 32.9186474015887 ], [ -96.855802338537899, 32.918776892886399 ], [ -96.855378564590893, 32.9189554860504 ], [ -96.855089899059195, 32.919076756662299 ], [ -96.854833821710997, 32.919154468430598 ], [ -96.854587996835207, 32.919228194820199 ], [ -96.854342200705503, 32.919300544200397 ], [ -96.854096374931302, 32.919374269714197 ], [ -96.853857097875604, 32.919446707955998 ], [ -96.8536932209133, 32.919495397985798 ], [ -96.8535790674986, 32.919543370107597 ], [ -96.853345817240097, 32.919642001800099 ], [ -96.853112567879904, 32.919740629612399 ], [ -96.852879342774301, 32.919837883391203 ], [ -96.852646091617501, 32.919936516263697 ], [ -96.852412839562405, 32.920035145255902 ], [ -96.852179612660194, 32.920132395694701 ], [ -96.852090075779202, 32.920171074294103 ], [ -96.851945443425194, 32.920236512597299 ], [ -96.851716136770804, 32.920342064372797 ], [ -96.851486852574297, 32.920446239092001 ], [ -96.8512575441233, 32.9205517936335 ], [ -96.8510290495459, 32.920657357098001 ], [ -96.850799768942693, 32.920761533708301 ], [ -96.850567275963996, 32.920862914874697 ], [ -96.850335524095499, 32.9209684342323 ], [ -96.850102924217197, 32.9210753130412 ], [ -96.849871166958806, 32.921180832145502 ], [ -96.849638569775493, 32.921287709943797 ], [ -96.849406811618707, 32.921393228040799 ], [ -96.849174242283297, 32.921498732438899 ], [ -96.848942459872006, 32.9216056189019 ], [ -96.848709886044901, 32.921711125309002 ], [ -96.848449354849606, 32.921830002537 ], [ -96.848270450869194, 32.921897729683998 ], [ -96.847886171353593, 32.922010841150502 ], [ -96.847537960094897, 32.9221120602719 ], [ -96.847277410035005, 32.9221883246068 ], [ -96.847214141689506, 32.922216352802202 ], [ -96.846980090133798, 32.922313585763 ], [ -96.846746825502294, 32.922412203811298 ], [ -96.846513559972493, 32.922510819487499 ], [ -96.845574793551094, 32.9229052124752 ], [ -96.844618757916706, 32.923307610907202 ], [ -96.843733338846803, 32.923680706210703 ], [ -96.843431094381302, 32.923807266728403 ], [ -96.842573453016598, 32.9241711998787 ], [ -96.841750569266907, 32.9245184243917 ], [ -96.839982131425501, 32.925404307927501 ], [ -96.839137979163098, 32.925696599953802 ], [ -96.838682394973503, 32.925909582949998 ], [ -96.838054777118799, 32.926061568144704 ], [ -96.837244210169999, 32.926192505360497 ], [ -96.836696272880999, 32.926259638017001 ], [ -96.836299716988705, 32.926298202343403 ], [ -96.835172345680107, 32.9264068036791 ], [ -96.834543480065506, 32.926444204491403 ], [ -96.832533464582994, 32.926438793657503 ], [ -96.831980008044894, 32.926438544831498 ], [ -96.831273823535398, 32.926434810933699 ], [ -96.829898598955097, 32.926437854904997 ], [ -96.829282961931398, 32.926494023959499 ], [ -96.828753022389094, 32.9265069621474 ], [ -96.828535659734698, 32.926509773878699 ], [ -96.827995434482403, 32.926528294809003 ], [ -96.827359739875007, 32.926496158583397 ], [ -96.827265857842903, 32.926499703220202 ], [ -96.8271234182765, 32.926503277263599 ], [ -96.8269805008064, 32.926506863371102 ], [ -96.826166775380997, 32.926530296725097 ], [ -96.824124506786603, 32.926578435441002 ], [ -96.824045401142598, 32.926581495241599 ], [ -96.823966242498102, 32.926587304187599 ], [ -96.823887847421602, 32.926595868310599 ], [ -96.823809432582095, 32.926605808513301 ], [ -96.823730985403301, 32.926617124041101 ], [ -96.823654087818397, 32.926632582888097 ], [ -96.823582082458401, 32.926648107331701 ], [ -96.823510866717697, 32.926665015392402 ], [ -96.823440411849901, 32.926684687672697 ], [ -96.823031415189305, 32.926863010774497 ], [ -96.822737039067306, 32.926991358276197 ], [ -96.822450530390597, 32.927188185717696 ], [ -96.821613517938104, 32.9276662361587 ], [ -96.821390703408298, 32.9277983857042 ], [ -96.821528915502896, 32.9281622941443 ], [ -96.821318547131398, 32.928220942019699 ], [ -96.821299024045302, 32.928173632847198 ], [ -96.821292688227601, 32.927909048157701 ], [ -96.8212545987613, 32.927760670289501 ] ] ], [ [ [ -96.821328620838997, 32.929409506555402 ], [ -96.821320327592304, 32.929063190952199 ], [ -96.821356075150703, 32.929167854548702 ], [ -96.821436654929997, 32.929395338275498 ], [ -96.821328620838997, 32.929409506555402 ] ] ], [ [ [ -96.822514397014004, 32.9329305828591 ], [ -96.822090333809399, 32.931250628487099 ], [ -96.822388825113705, 32.932082021566103 ], [ -96.822637961179694, 32.932783627849801 ], [ -96.822708787051596, 32.933020747715297 ], [ -96.822567909655504, 32.933019411694502 ], [ -96.822514397014004, 32.9329305828591 ] ] ] ] } },
{ "type": "Feature", "properties": { "OBJECTID": 27, "SHAPEarea": 242764657.97099999, "SHAPElen": 91105.871041100007, "ZipCode": 75243, "Shape__Area": 31836724.277343798, "Shape__Length": 32690.974386838199 }, "geometry": { "type": "Polygon", "coordinates": [ [ [ -96.748501553070099, 32.934150368623598 ], [ -96.745574983808297, 32.933915832572303 ], [ -96.745567406518802, 32.933991886934898 ], [ -96.7443430009899, 32.933925808142298 ], [ -96.743651298221195, 32.934257547414902 ], [ -96.743193157426305, 32.934890864389502 ], [ -96.742236105797303, 32.934817172160997 ], [ -96.7414600835627, 32.934755185656698 ], [ -96.742148348478906, 32.933682263979101 ], [ -96.742868892558207, 32.932519400756597 ], [ -96.744411360986405, 32.930090558487002 ], [ -96.7460437588595, 32.927519941209901 ], [ -96.746080120865599, 32.927462680247103 ], [ -96.746782705825694, 32.926368206977202 ], [ -96.748709908317096, 32.923364042848199 ], [ -96.745708338712205, 32.923322935358399 ], [ -96.7457174233746, 32.923083280786003 ], [ -96.738674631547099, 32.923105902184503 ], [ -96.737650552123199, 32.923219009090403 ], [ -96.735943753083404, 32.9238750262938 ], [ -96.733742880637294, 32.925036240224003 ], [ -96.732143879431604, 32.925375553105603 ], [ -96.724454300599504, 32.925360472560698 ], [ -96.723502086398398, 32.925224747541101 ], [ -96.723115810826201, 32.925232287825402 ], [ -96.722855642550201, 32.925465728678198 ], [ -96.722113138255494, 32.925461271628002 ], [ -96.718157110457895, 32.925435875259502 ], [ -96.718130420612397, 32.931238027266701 ], [ -96.717780322891699, 32.931232018068101 ], [ -96.705911878376, 32.9311752224503 ], [ -96.705769342689806, 32.924146480265698 ], [ -96.705886123676805, 32.916613323470401 ], [ -96.705735918174796, 32.916612085235201 ], [ -96.705740199545403, 32.916538748799503 ], [ -96.702610726013702, 32.916491905449298 ], [ -96.700529987965496, 32.916467587136403 ], [ -96.700551732585296, 32.915814989199703 ], [ -96.700595846153902, 32.914395252156801 ], [ -96.700625352217699, 32.9129019477692 ], [ -96.700534755324696, 32.912892364994903 ], [ -96.700628973326701, 32.9098669406754 ], [ -96.700693646637205, 32.909865653325497 ], [ -96.700701768305706, 32.909298768797598 ], [ -96.700544494859002, 32.909298737122697 ], [ -96.700550130889098, 32.909034275490903 ], [ -96.700331697442905, 32.909032848608099 ], [ -96.700334499288303, 32.908963843107699 ], [ -96.698241460608898, 32.9089484317035 ], [ -96.698241460608898, 32.908883442080402 ], [ -96.697846201883905, 32.908890983757097 ], [ -96.697980949176497, 32.902276686592899 ], [ -96.717761851732803, 32.896197432771302 ], [ -96.720236861257604, 32.895356750757202 ], [ -96.720537645960803, 32.895254583079797 ], [ -96.720905198845799, 32.8950619538818 ], [ -96.721700728895101, 32.894645025412999 ], [ -96.721876135734107, 32.894553096398603 ], [ -96.727194162216094, 32.894583267983002 ], [ -96.727113313840505, 32.895390354053902 ], [ -96.726610257281394, 32.896921534520999 ], [ -96.728038578583195, 32.896966790683798 ], [ -96.728514685683706, 32.894575725087897 ], [ -96.733141009397002, 32.894530467703497 ], [ -96.734290852960598, 32.894349437934501 ], [ -96.7367702031448, 32.892999245905202 ], [ -96.736644439005005, 32.892539119897798 ], [ -96.736815118909007, 32.891256788905899 ], [ -96.740776689312, 32.891294504788199 ], [ -96.740920419757401, 32.891219073007498 ], [ -96.741019234438696, 32.8903516029131 ], [ -96.741791785583004, 32.8903440596576 ], [ -96.741755852971707, 32.890939974860402 ], [ -96.7417109372075, 32.891181357093103 ], [ -96.741549240456294, 32.891151184349901 ], [ -96.740740756700603, 32.893127477317499 ], [ -96.742752982937006, 32.893663030033103 ], [ -96.745340130955299, 32.893979834340797 ], [ -96.747810497986606, 32.893904404846502 ], [ -96.751520540110107, 32.893316052586698 ], [ -96.753137507621503, 32.893557428345503 ], [ -96.757009246495997, 32.8956015529333 ], [ -96.756982297037496, 32.8954506966423 ], [ -96.761464890305206, 32.898083102046797 ], [ -96.762309306672293, 32.898377262834103 ], [ -96.763333386096207, 32.8985130290218 ], [ -96.764231701380297, 32.900376021798102 ], [ -96.764716791633802, 32.9010171236093 ], [ -96.765426460708198, 32.901175512753703 ], [ -96.766064264559901, 32.898656337549703 ], [ -96.769199968806504, 32.898716516502702 ], [ -96.769208368054393, 32.8987166779131 ], [ -96.769040427113694, 32.909351082133099 ], [ -96.769037688150405, 32.909524482300398 ], [ -96.768795143023695, 32.911786940094203 ], [ -96.768992772386198, 32.912096138168401 ], [ -96.768597513661206, 32.913182093578797 ], [ -96.769037688150405, 32.912933229973902 ], [ -96.769325149041293, 32.913559158313703 ], [ -96.769127519678804, 32.918129055196403 ], [ -96.768247170700405, 32.918023482683402 ], [ -96.766917664079898, 32.918196923174001 ], [ -96.768489715827101, 32.913483745495199 ], [ -96.767330889110596, 32.916100532731598 ], [ -96.764729156943602, 32.922935203230502 ], [ -96.764555094882596, 32.923392439398803 ], [ -96.764419346866802, 32.923583771844797 ], [ -96.763653194422204, 32.924663633217399 ], [ -96.762875245301302, 32.925760106131797 ], [ -96.762317908041197, 32.926336545725498 ], [ -96.759973686933606, 32.9287610703703 ], [ -96.760009619545002, 32.929484905803399 ], [ -96.759686226042703, 32.930080557602999 ], [ -96.758805877064304, 32.931083354737503 ], [ -96.758455534103504, 32.932749631604601 ], [ -96.756793650827802, 32.932727012671698 ], [ -96.756667886688106, 32.932116299298599 ], [ -96.754700576215797, 32.933488513563702 ], [ -96.752760215202102, 32.935117047924301 ], [ -96.754269384879507, 32.936406283027701 ], [ -96.752059529280501, 32.938200625750703 ], [ -96.752230209184503, 32.938358948360801 ], [ -96.752140377656104, 32.939399347032797 ], [ -96.751942748293601, 32.939399347032797 ], [ -96.751942748293601, 32.939941034048999 ], [ -96.751880857963798, 32.939951250942201 ], [ -96.749374463099699, 32.939957579203302 ], [ -96.748276644567397, 32.939964041658598 ], [ -96.748275787574599, 32.938654547977798 ], [ -96.748290810999407, 32.936724706879403 ], [ -96.748292962464504, 32.936562543830803 ], [ -96.748309402532499, 32.9353247427075 ], [ -96.748501553070099, 32.934150368623598 ] ] ] } },
{ "type": "Feature", "properties": { "OBJECTID": 28, "SHAPEarea": 753369201.38699996, "SHAPElen": 221272.27693399999, "ZipCode": 75241, "Shape__Area": 89250583.964843795, "Shape__Length": 73158.319724123707 }, "geometry": { "type": "MultiPolygon", "coordinates": [ [ [ [ -96.730990054534601, 32.6322233469132 ], [ -96.731690573369605, 32.630290066429602 ], [ -96.731640822872507, 32.630506845842 ], [ -96.730872094059706, 32.632561061625701 ], [ -96.730990054534601, 32.6322233469132 ] ] ], [ [ [ -96.729760975969597, 32.635480425233098 ], [ -96.729825079748295, 32.635358843153902 ], [ -96.729773083463002, 32.635497782848802 ], [ -96.729760975969597, 32.635480425233098 ] ] ], [ [ [ -96.788496097316298, 32.644824047666503 ], [ -96.788526076792294, 32.644816134871597 ], [ -96.788523141996293, 32.644863671386602 ], [ -96.788496097316298, 32.644824047666503 ] ] ], [ [ [ -96.693027949517003, 32.674495697206503 ], [ -96.693105342073693, 32.674494108518701 ], [ -96.693153324686193, 32.674561305226803 ], [ -96.693355672898903, 32.6747675711147 ], [ -96.693636346119604, 32.6751181642611 ], [ -96.693663541716504, 32.675147070461101 ], [ -96.693939494290305, 32.675440386045999 ], [ -96.693929547245105, 32.675433445345298 ], [ -96.693613524419803, 32.675106858265501 ], [ -96.693039120965807, 32.674513250655401 ], [ -96.693022248808205, 32.674495814411003 ], [ -96.693027949517003, 32.674495697206503 ] ] ], [ [ [ -96.6946122668611, 32.675909818582099 ], [ -96.694039375271799, 32.675510078847701 ], [ -96.694232256139699, 32.675604301813898 ], [ -96.694245955447798, 32.675610993728398 ], [ -96.694460494697196, 32.675717204553202 ], [ -96.694640959051299, 32.675834376353698 ], [ -96.695230317658002, 32.6766819317832 ], [ -96.695472304032606, 32.677246810773397 ], [ -96.695452669555493, 32.677713309102899 ], [ -96.695398407719097, 32.6778843426818 ], [ -96.695263493339795, 32.678191664087599 ], [ -96.695103094654201, 32.678387921840297 ], [ -96.694884389018497, 32.6786071902605 ], [ -96.694711890924395, 32.678772347062001 ], [ -96.694491044603396, 32.679027521152598 ], [ -96.694249658303406, 32.679409061306004 ], [ -96.694175688327903, 32.679548138972201 ], [ -96.694396671192905, 32.679040208082299 ], [ -96.695250070712802, 32.678049686071198 ], [ -96.695348885394097, 32.677285993662899 ], [ -96.695160239184403, 32.676718891115399 ], [ -96.6946122668611, 32.675909818582099 ] ] ], [ [ [ -96.751637321096993, 32.717420143031802 ], [ -96.7401029528489, 32.6974498196372 ], [ -96.739276502787504, 32.697752204563798 ], [ -96.738548867407403, 32.697623691095103 ], [ -96.7376775015818, 32.697805121820601 ], [ -96.735934769930594, 32.697820241031103 ], [ -96.7357191742624, 32.697616131473602 ], [ -96.7352789997732, 32.697835360238997 ], [ -96.732709818060599, 32.697850479444298 ], [ -96.730490979308797, 32.696656054330901 ], [ -96.727697218775205, 32.695590129815599 ], [ -96.726062284958104, 32.695597689608803 ], [ -96.7313623451344, 32.693813560670499 ], [ -96.732611003379304, 32.693193643115698 ], [ -96.729646562941696, 32.6889448240184 ], [ -96.720402898668198, 32.693299483003003 ], [ -96.718705082781199, 32.693654801706799 ], [ -96.717896599025494, 32.6940025590687 ], [ -96.715929288553198, 32.694244476434498 ], [ -96.714563849321394, 32.694652710502602 ], [ -96.713063662796898, 32.6961041942916 ], [ -96.713054679644102, 32.696414143500803 ], [ -96.713001302648195, 32.696432490948297 ], [ -96.712537056902605, 32.696592065956303 ], [ -96.7124168757923, 32.696633375218497 ], [ -96.710871773503598, 32.697691727660398 ], [ -96.708823614655898, 32.698704710386401 ], [ -96.708705322702599, 32.698736603280501 ], [ -96.708375904199698, 32.698825419362798 ], [ -96.707898349913194, 32.698954174517297 ], [ -96.707654152784698, 32.698946893198404 ], [ -96.705616629091594, 32.698886138914403 ], [ -96.705588832521698, 32.6988941875289 ], [ -96.705378726458207, 32.698955024961997 ], [ -96.704781195877302, 32.699128043044702 ], [ -96.704768737142601, 32.699140242555004 ], [ -96.704287122471101, 32.699611849338297 ], [ -96.704185499656205, 32.700752069101299 ], [ -96.704179324636996, 32.7008213535983 ], [ -96.704130879391997, 32.7008600816539 ], [ -96.703644607854002, 32.701248820232799 ], [ -96.703640335466503, 32.701252235531001 ], [ -96.703602343916501, 32.701257259450799 ], [ -96.703083401549904, 32.701325882116301 ], [ -96.703011514767596, 32.7013353879452 ], [ -96.702869281813705, 32.701285195645397 ], [ -96.702539885768701, 32.7011689560427 ], [ -96.702454559291397, 32.7011388457504 ], [ -96.702411841704702, 32.701054677179002 ], [ -96.702247146377204, 32.700730170399403 ], [ -96.702086250025005, 32.700413147743099 ], [ -96.701897461881501, 32.699563818073898 ], [ -96.701852688051105, 32.699362387045703 ], [ -96.701831636032395, 32.699344258669299 ], [ -96.701629748655407, 32.699170416265403 ], [ -96.701466412478894, 32.699029769570799 ], [ -96.701434501625101, 32.699016827702202 ], [ -96.700720810793101, 32.6987273889726 ], [ -96.700127922705605, 32.698765186603403 ], [ -96.699049944364603, 32.6994531006873 ], [ -96.6980617975521, 32.6998764297959 ], [ -96.697441960006103, 32.700004940020797 ], [ -96.696498728957707, 32.6999747023374 ], [ -96.695977706092904, 32.699581611521801 ], [ -96.695699228354897, 32.698409888241798 ], [ -96.695169222337199, 32.697714406503998 ], [ -96.694603283708204, 32.6972381495791 ], [ -96.694208024983197, 32.697177672327399 ], [ -96.693615136895701, 32.697351544315502 ], [ -96.692743771070099, 32.697941194622601 ], [ -96.691953253620099, 32.697926075432598 ], [ -96.691918066610398, 32.697876723354902 ], [ -96.691844114601295, 32.697773001805402 ], [ -96.691737657951904, 32.697623691095103 ], [ -96.691693942336897, 32.697241354872297 ], [ -96.691486129672299, 32.695423814204197 ], [ -96.691647826423505, 32.693458242598602 ], [ -96.691540028589401, 32.6920293960737 ], [ -96.689833229549606, 32.681074146324697 ], [ -96.693695985271304, 32.680650728054601 ], [ -96.6936996225499, 32.680642367791798 ], [ -96.697032293202199, 32.680384833964801 ], [ -96.718345680310705, 32.669559186308597 ], [ -96.718586958812907, 32.669457107604899 ], [ -96.718823812213998, 32.669376926863698 ], [ -96.718911711466205, 32.669348397653799 ], [ -96.719001230380897, 32.6693212545525 ], [ -96.719090735820899, 32.669295485462001 ], [ -96.719181047049602, 32.669271091895801 ], [ -96.719271352888498, 32.6692480730988 ], [ -96.719362465414505, 32.669226429828399 ], [ -96.719454385526006, 32.669206164354101 ], [ -96.719546292162704, 32.669187274408202 ], [ -96.719638194307805, 32.669169762260204 ], [ -96.7197309040384, 32.669152249352599 ], [ -96.719824417761203, 32.669137487509303 ], [ -96.719917113118697, 32.669124095147801 ], [ -96.720010611570103, 32.669112083611999 ], [ -96.720104912216996, 32.669101451389999 ], [ -96.720198402583605, 32.6690908123608 ], [ -96.720292687959201, 32.669082925155998 ], [ -96.720386965249901, 32.669076412728899 ], [ -96.720482053719394, 32.669071278104902 ], [ -96.720576319332096, 32.6690675167468 ], [ -96.720670573266602, 32.669065125630098 ], [ -96.720765635684899, 32.669064114585403 ], [ -96.720859878839704, 32.669064473782299 ], [ -96.720954925986703, 32.6690662100265 ], [ -96.721049164649799, 32.669067941733402 ], [ -96.721144200118701, 32.669072428290903 ], [ -96.721238411832402, 32.669078285089597 ], [ -96.721332617258, 32.669085515153803 ], [ -96.721426814598701, 32.669094123776802 ], [ -96.721521008346102, 32.669104101883597 ], [ -96.721614374745101, 32.6691168257641 ], [ -96.721707741144201, 32.669129549642797 ], [ -96.721801092271903, 32.669143649809698 ], [ -96.721893634915901, 32.669159120970598 ], [ -96.721986164085095, 32.6691759631248 ], [ -96.7220786905593, 32.669194183833604 ], [ -96.722170392380093, 32.669213775534097 ], [ -96.722262089709403, 32.669234740493998 ], [ -96.722352967775095, 32.669257073418898 ], [ -96.722443022085699, 32.669280781869901 ], [ -96.722533072803103, 32.669305861308501 ], [ -96.722622304256902, 32.669332316270904 ], [ -96.722711534812404, 32.669358766688298 ], [ -96.722799936222799, 32.669387966645402 ], [ -96.722887520166395, 32.669418533804297 ], [ -96.722974283049794, 32.6694504742131 ], [ -96.723061048628196, 32.669482416878999 ], [ -96.723146174781107, 32.669517098490303 ], [ -96.723231297340803, 32.669551780088099 ], [ -96.723315597043694, 32.669589208189002 ], [ -96.723399080177998, 32.669626633249401 ], [ -96.723481744048797, 32.669665431551202 ], [ -96.723563589554303, 32.669705599311698 ], [ -96.723651502281299, 32.669750601428802 ], [ -96.723724824571406, 32.669790048494498 ], [ -96.723804211388, 32.669834328400498 ], [ -96.723894932248498, 32.669886210332898 ], [ -96.723959724136705, 32.669925628603302 ], [ -96.724035845577305, 32.6699726466287 ], [ -96.724111145957593, 32.670021034100003 ], [ -96.724185631566002, 32.670070792527397 ], [ -96.724259299707597, 32.6701205501708 ], [ -96.724331333813595, 32.670173052016601 ], [ -96.724402553147598, 32.670225547025801 ], [ -96.724472950523094, 32.670279416764203 ], [ -96.724539154563004, 32.670340243447001 ], [ -96.724842917181306, 32.669276574361298 ], [ -96.724568411793399, 32.668781526783398 ], [ -96.724080217860703, 32.667798027422002 ], [ -96.723657408704298, 32.666931442084397 ], [ -96.7232380499768, 32.666062038950997 ], [ -96.722816630514103, 32.664957783042503 ], [ -96.721982737012297, 32.663033882839201 ], [ -96.722563720625601, 32.662932872077199 ], [ -96.723541599694499, 32.662337851810797 ], [ -96.724479803770393, 32.661638209482 ], [ -96.725615130559106, 32.661057595135702 ], [ -96.726349745849006, 32.6617385191362 ], [ -96.730176568959394, 32.659817583081399 ], [ -96.729792182544202, 32.659233942348202 ], [ -96.7298732599902, 32.659166696298897 ], [ -96.729205415577098, 32.6581792090576 ], [ -96.729067660724894, 32.658019169112301 ], [ -96.728872272659004, 32.6577308022881 ], [ -96.7261686571658, 32.653714005974997 ], [ -96.726923977724695, 32.653348850295302 ], [ -96.726662165531806, 32.652962544343097 ], [ -96.731284515996506, 32.650795858423201 ], [ -96.729464900235101, 32.648130981701001 ], [ -96.733029263467202, 32.646426850354203 ], [ -96.730237189071403, 32.642340789018903 ], [ -96.732060178006705, 32.641470142173802 ], [ -96.733123292822896, 32.640958746694899 ], [ -96.733461649562898, 32.640785541805002 ], [ -96.732022701191397, 32.638722768654198 ], [ -96.733464402899301, 32.640787498723398 ], [ -96.733212874619696, 32.640916093963803 ], [ -96.733644065956099, 32.641392651183999 ], [ -96.733886611082795, 32.641468294953697 ], [ -96.740902453451795, 32.6411203330834 ], [ -96.741728903513206, 32.6397662946626 ], [ -96.742231960072203, 32.638260942973901 ], [ -96.744660111675103, 32.623404019195 ], [ -96.744853240478093, 32.623311631173102 ], [ -96.745566726494204, 32.618869357209697 ], [ -96.746350350272706, 32.618869864150703 ], [ -96.746434860181395, 32.618869920141201 ], [ -96.751542300001205, 32.618873167590401 ], [ -96.752052290655996, 32.618873479321302 ], [ -96.753282613387597, 32.618874302533001 ], [ -96.753608258966295, 32.618874760293203 ], [ -96.760882197197901, 32.618877924513001 ], [ -96.765825398932606, 32.618881109161698 ], [ -96.766042604381795, 32.619319880639203 ], [ -96.766185820092602, 32.619596790447197 ], [ -96.766253256620999, 32.619720072127301 ], [ -96.766333984622307, 32.619869654508499 ], [ -96.767241459129096, 32.621476821971797 ], [ -96.768306406508501, 32.6233817118896 ], [ -96.768506702070795, 32.6237308935169 ], [ -96.768589795336197, 32.623884628149703 ], [ -96.768661814170898, 32.624023091610702 ], [ -96.769537818896595, 32.625999558487401 ], [ -96.769617970179496, 32.626179370349199 ], [ -96.769922960794901, 32.626866780379601 ], [ -96.770082458470199, 32.627226389665601 ], [ -96.770150944230906, 32.627379920076599 ], [ -96.770185930017902, 32.627460134699703 ], [ -96.770258313568604, 32.627621967895202 ], [ -96.770408470561506, 32.627960828748201 ], [ -96.770485023193402, 32.628117221442103 ], [ -96.771612566080194, 32.630695113445398 ], [ -96.771700447366101, 32.6308956462221 ], [ -96.771884712492195, 32.631318828142398 ], [ -96.772524595943807, 32.632788897994203 ], [ -96.772729645390498, 32.633271474155002 ], [ -96.772902515387102, 32.6336546333808 ], [ -96.772972767235601, 32.633801312470702 ], [ -96.773032841171897, 32.633928608250201 ], [ -96.773082777620303, 32.634033765628203 ], [ -96.773271213624199, 32.634410272737199 ], [ -96.773474809596806, 32.634800730277398 ], [ -96.774408004666796, 32.636394454768002 ], [ -96.775175355463901, 32.637704081246198 ], [ -96.7752563062474, 32.637844032479201 ], [ -96.775401763254806, 32.638092102207601 ], [ -96.775473314965595, 32.638214058048398 ], [ -96.775834969512402, 32.638832132364897 ], [ -96.776327521172604, 32.6396733274482 ], [ -96.777081839211604, 32.641011893515604 ], [ -96.7770870162026, 32.641036448351201 ], [ -96.777135834248398, 32.641107709606501 ], [ -96.777356087681298, 32.6414985524437 ], [ -96.777393445919003, 32.641480485697599 ], [ -96.777482189587602, 32.641607999751002 ], [ -96.778138587667499, 32.641297930721798 ], [ -96.778511836769695, 32.641121612223998 ], [ -96.779160080841606, 32.640824842800299 ], [ -96.780578860238407, 32.640143776159199 ], [ -96.781089159015394, 32.639885073397203 ], [ -96.781403133681906, 32.639740101759799 ], [ -96.7836748508646, 32.6386291649277 ], [ -96.788064005867994, 32.645265529983 ], [ -96.788503419484201, 32.6451475594275 ], [ -96.788225256156494, 32.647575924888798 ], [ -96.788943906587093, 32.647649473537101 ], [ -96.790062829240398, 32.647786236178902 ], [ -96.790270316714896, 32.647811085657104 ], [ -96.791107519610193, 32.647913329769899 ], [ -96.791540311744399, 32.6479660224105 ], [ -96.792375080205304, 32.648068227770601 ], [ -96.792837062196398, 32.648124064596203 ], [ -96.796993132231407, 32.648631989693598 ], [ -96.797079155801299, 32.6486415419756 ], [ -96.794990016708596, 32.649660136586597 ], [ -96.802796376527596, 32.649561808680403 ], [ -96.805733867506703, 32.647875090069398 ], [ -96.805733867506703, 32.647774720988998 ], [ -96.805780957193903, 32.647757034459197 ], [ -96.805898711056201, 32.647754943056803 ], [ -96.806131207628198, 32.647750813955398 ], [ -96.814282242038601, 32.6477600282278 ], [ -96.814282442362895, 32.647723819353999 ], [ -96.814285829011496, 32.647723813303003 ], [ -96.814285829011496, 32.6471130254616 ], [ -96.814298007471805, 32.6449162924525 ], [ -96.814285829011496, 32.644830167771502 ], [ -96.814285829011496, 32.642058314162 ], [ -96.823125251407205, 32.642088571452398 ], [ -96.823179150324293, 32.654062090533898 ], [ -96.822891689433405, 32.658176435720002 ], [ -96.822604228542403, 32.658214250514497 ], [ -96.822029306760598, 32.658713404302198 ], [ -96.821589132271399, 32.659719266346002 ], [ -96.820681833834399, 32.6600066534224 ], [ -96.819307411449699, 32.660180597782997 ], [ -96.817852140689396, 32.660195723363501 ], [ -96.817618578715596, 32.660626801333798 ], [ -96.815875847064405, 32.661178880610301 ], [ -96.815669234549006, 32.661488951037299 ], [ -96.815264992671203, 32.661594828497698 ], [ -96.814555323596693, 32.662222528008499 ], [ -96.8169089096411, 32.662199840151096 ], [ -96.816917892793995, 32.6612318195398 ], [ -96.820412339249202, 32.661027626353203 ], [ -96.822568295931106, 32.661148629779397 ], [ -96.822900672586201, 32.659371375490998 ], [ -96.822909655738997, 32.662207402770903 ], [ -96.822505413861194, 32.66221496539 ], [ -96.822505413861194, 32.662343529817001 ], [ -96.821301671380496, 32.6623208419904 ], [ -96.821283705074805, 32.668446346025497 ], [ -96.822325750804396, 32.668446346025497 ], [ -96.822568295931106, 32.6659508209911 ], [ -96.822505413861194, 32.663908975945198 ], [ -96.822819824210598, 32.666283561688999 ], [ -96.8224335486385, 32.671009858263403 ], [ -96.822442531791296, 32.674843646389697 ], [ -96.822047273066303, 32.674843646389697 ], [ -96.822244902428807, 32.678276524142703 ], [ -96.821319637686102, 32.678299207918201 ], [ -96.821283705074805, 32.679312410680303 ], [ -96.821337603991793, 32.680318040862701 ], [ -96.822406599179899, 32.680272674331398 ], [ -96.822577279083902, 32.684431177271001 ], [ -96.821310654533306, 32.6865405983702 ], [ -96.818813338043398, 32.684899941821499 ], [ -96.817025690628, 32.683947288702299 ], [ -96.815399739963794, 32.683788512194297 ], [ -96.811015961377294, 32.683780951401197 ], [ -96.810972688631693, 32.683773667332503 ], [ -96.809848151507893, 32.683584370555103 ], [ -96.8085186448874, 32.683032429712398 ], [ -96.808949836223803, 32.6822536580638 ], [ -96.808123386162407, 32.682155366013902 ], [ -96.807916773647094, 32.681989025375202 ], [ -96.807997622022597, 32.681353903723299 ], [ -96.807782026354502, 32.680771704907997 ], [ -96.807835925271505, 32.679138503560601 ], [ -96.805913530563501, 32.679055330470597 ], [ -96.805895564257796, 32.680726338607201 ], [ -96.806838795306106, 32.680960730913498 ], [ -96.806847778459002, 32.682291462669603 ], [ -96.805886581105, 32.682155366013902 ], [ -96.8048625016811, 32.682215853442003 ], [ -96.793903055214798, 32.685073837722598 ], [ -96.7939569541319, 32.684831895507202 ], [ -96.793624577476706, 32.684499223890597 ], [ -96.792528632830098, 32.684060700320799 ], [ -96.792483717065906, 32.682971942837298 ], [ -96.792941857860797, 32.6826846296212 ], [ -96.791136244139693, 32.683168525031597 ], [ -96.7923489697733, 32.685489674373798 ], [ -96.789905552200494, 32.686124766612998 ], [ -96.789537242934003, 32.685376264570003 ], [ -96.788468247745897, 32.683969971037499 ], [ -96.7883155341476, 32.6840380180086 ], [ -96.789627074462402, 32.686200372530998 ], [ -96.788324517300396, 32.6865935222731 ], [ -96.785351093710005, 32.687992214052301 ], [ -96.785036683360602, 32.687440300453702 ], [ -96.781865630407594, 32.688959944729604 ], [ -96.781641051586604, 32.689436245820701 ], [ -96.780024084075194, 32.690313238008599 ], [ -96.780149848214904, 32.690517364264799 ], [ -96.771939246518102, 32.694539312337596 ], [ -96.771526021487404, 32.693677481576003 ], [ -96.771543987793095, 32.691061698666097 ], [ -96.770564824133402, 32.691273383370302 ], [ -96.765147982970106, 32.693919399822803 ], [ -96.765534258542303, 32.6945317524549 ], [ -96.765345612332695, 32.695378455347402 ], [ -96.765974433031502, 32.696330986501501 ], [ -96.764240684533206, 32.696814807956898 ], [ -96.760180299449004, 32.6982662565878 ], [ -96.759228085247798, 32.696814807956898 ], [ -96.760090467920506, 32.696391464326901 ], [ -96.759021472732499, 32.690305677768002 ], [ -96.758051292225602, 32.6919537950915 ], [ -96.753730395708999, 32.694546872219803 ], [ -96.752751232049306, 32.694554432101299 ], [ -96.754997020259594, 32.7001788065011 ], [ -96.753299204372595, 32.700828912948403 ], [ -96.754925155036901, 32.704941104471203 ], [ -96.755338731308797, 32.706186130594602 ], [ -96.755920286250699, 32.707936806633803 ], [ -96.755967200766406, 32.708078034918799 ], [ -96.756030082836304, 32.708947285286499 ], [ -96.755527026277207, 32.708244326948602 ], [ -96.754844306661298, 32.706687216714897 ], [ -96.755607874652796, 32.7095519761994 ], [ -96.754682609910105, 32.709491507292597 ], [ -96.756128897517598, 32.712749211272602 ], [ -96.755194649622098, 32.712522460787397 ], [ -96.755293464303406, 32.712666069495 ], [ -96.754017856599901, 32.712295709725701 ], [ -96.753335136984006, 32.7125300191462 ], [ -96.749346617122498, 32.705961563828097 ], [ -96.7492837350526, 32.706173213196401 ], [ -96.751861899917998, 32.710587499868701 ], [ -96.7536405641806, 32.713414342704297 ], [ -96.7552485485391, 32.715644008482599 ], [ -96.751637321096993, 32.717420143031802 ] ] ] ] } },
{ "type": "Feature", "properties": { "OBJECTID": 29, "SHAPEarea": 105364064.46799999, "SHAPElen": 79678.667972399999, "ZipCode": 75240, "Shape__Area": 13756286.7734375, "Shape__Length": 26925.319871321401 }, "geometry": { "type": "MultiPolygon", "coordinates": [ [ [ [ -96.821267371008005, 32.9280969265468 ], [ -96.8212545987613, 32.927760670289501 ], [ -96.821292688227601, 32.927909048157701 ], [ -96.821299024045302, 32.928173632847198 ], [ -96.821267371008005, 32.9280969265468 ] ] ], [ [ [ -96.774167068422699, 32.937770891523201 ], [ -96.773906556990298, 32.937424086939799 ], [ -96.770789402954406, 32.9394295033335 ], [ -96.770421093687901, 32.939889385645202 ], [ -96.769092556349605, 32.939879249412499 ], [ -96.769092529400197, 32.939875360777897 ], [ -96.769091869138407, 32.939779223694003 ], [ -96.768775966687301, 32.9397838933778 ], [ -96.766378656943104, 32.939768696926102 ], [ -96.764439309229004, 32.939780352288899 ], [ -96.761770910389899, 32.9397359887734 ], [ -96.761048706224003, 32.9398504759248 ], [ -96.760487166645007, 32.939911361928601 ], [ -96.759997431203203, 32.939947476904003 ], [ -96.756843197407306, 32.9399134019909 ], [ -96.7520886912896, 32.939916940812701 ], [ -96.751942748293601, 32.939941034048999 ], [ -96.751942748293601, 32.939399347032797 ], [ -96.752140377656104, 32.939399347032797 ], [ -96.752230209184503, 32.938358948360801 ], [ -96.752059529280501, 32.938200625750703 ], [ -96.754269384879507, 32.936406283027701 ], [ -96.752760215202102, 32.935117047924301 ], [ -96.754700576215797, 32.933488513563702 ], [ -96.756667886688106, 32.932116299298599 ], [ -96.756793650827802, 32.932727012671698 ], [ -96.758455534103504, 32.932749631604601 ], [ -96.758805877064304, 32.931083354737503 ], [ -96.759686226042703, 32.930080557602999 ], [ -96.760009619545002, 32.929484905803399 ], [ -96.759973686933606, 32.9287610703703 ], [ -96.761851165877403, 32.926921295322401 ], [ -96.762317908041197, 32.926336545725498 ], [ -96.763653194422204, 32.924663633217399 ], [ -96.764276617144503, 32.923882566693202 ], [ -96.769316165888497, 32.9239805918263 ], [ -96.769334132194103, 32.923543248086197 ], [ -96.775020467942596, 32.9236789756851 ], [ -96.780809824284503, 32.924075215384299 ], [ -96.7808595172894, 32.9240786168508 ], [ -96.7809762982763, 32.924350070198102 ], [ -96.786168560618506, 32.924855272821702 ], [ -96.786159577465696, 32.924025834158797 ], [ -96.797235804918898, 32.924161561017499 ], [ -96.7972627543774, 32.922540365486199 ], [ -96.803559944519094, 32.922547905999302 ], [ -96.803586893977595, 32.925006079015901 ], [ -96.799697188797396, 32.924417933404797 ], [ -96.795546972184795, 32.924478256211501 ], [ -96.801502802518499, 32.925073941719504 ], [ -96.803586893977595, 32.925428334992503 ], [ -96.803577910824799, 32.925647002474001 ], [ -96.805895564257796, 32.925956152129302 ], [ -96.811330371726697, 32.926061715178903 ], [ -96.811240540198298, 32.924478256211501 ], [ -96.815040413850198, 32.9244933369067 ], [ -96.815049397002994, 32.922238744435901 ], [ -96.8187504559736, 32.921477146708497 ], [ -96.818759877504306, 32.9214989284946 ], [ -96.820942345266801, 32.926544287515704 ], [ -96.821216391615593, 32.927611836751502 ], [ -96.820831812062707, 32.927632884885597 ], [ -96.821320327592304, 32.929063190952199 ], [ -96.821328620838997, 32.929409506555402 ], [ -96.821436654929997, 32.929395338275498 ], [ -96.821486559937298, 32.929536224756703 ], [ -96.821672218350301, 32.930086028532997 ], [ -96.822090333809399, 32.931250628487099 ], [ -96.822514397014004, 32.9329305828591 ], [ -96.822567909655504, 32.933019411694502 ], [ -96.822186169677195, 32.933015791168799 ], [ -96.822178840322806, 32.933015721804303 ], [ -96.822133472706, 32.933015291291902 ], [ -96.822119138288997, 32.932915503602104 ], [ -96.822116011253499, 32.933015125420297 ], [ -96.822036079159503, 32.933014366934401 ], [ -96.822019662447701, 32.936032648796001 ], [ -96.822019321087893, 32.936095354413702 ], [ -96.821912525773698, 32.939497354972602 ], [ -96.821768795328197, 32.939497354972602 ], [ -96.821714896411194, 32.936036855006797 ], [ -96.817924005912204, 32.936112248605802 ], [ -96.817932989065, 32.939421964259303 ], [ -96.813899553439299, 32.939421964259303 ], [ -96.813414463185893, 32.934762693463 ], [ -96.812614962582998, 32.9348682460042 ], [ -96.809830185202301, 32.934807930281799 ], [ -96.809713404215302, 32.9387359058153 ], [ -96.798322766412696, 32.938668053592103 ], [ -96.797523265809801, 32.9388489927384 ], [ -96.795600871101797, 32.9396405971506 ], [ -96.795897315145595, 32.938487114075599 ], [ -96.795555955337605, 32.938034763664703 ], [ -96.794873235721695, 32.937589950171102 ], [ -96.794729074983195, 32.937560666286302 ], [ -96.793462880725599, 32.937303458939901 ], [ -96.791980660506795, 32.937627646316699 ], [ -96.790776918026097, 32.937514557831797 ], [ -96.790193013091397, 32.937333615955303 ], [ -96.789833686977701, 32.937024506059799 ], [ -96.788674860261196, 32.936783248805398 ], [ -96.7881987531606, 32.936489215636698 ], [ -96.787245941579798, 32.936533233972099 ], [ -96.787219589501007, 32.936534451572399 ], [ -96.786752465553207, 32.935305533761401 ], [ -96.7874082357106, 32.934574206469001 ], [ -96.787623831378795, 32.933239707062597 ], [ -96.786276358452596, 32.933239707062597 ], [ -96.786249408994095, 32.934604364415101 ], [ -96.7861236448543, 32.934611903899999 ], [ -96.7861236448543, 32.939821534307001 ], [ -96.785018717054896, 32.939904463713297 ], [ -96.7828178446088, 32.940778987263599 ], [ -96.781173927638804, 32.940763909344597 ], [ -96.780971477916495, 32.940708553758597 ], [ -96.778389150258107, 32.940002471093202 ], [ -96.778532880703494, 32.939444581479997 ], [ -96.774185034728404, 32.939346573481799 ], [ -96.774167068422699, 32.937770891523201 ] ] ] ] } },
{ "type": "Feature", "properties": { "OBJECTID": 30, "SHAPEarea": 183303632.873, "SHAPElen": 75668.348433699997, "ZipCode": 75238, "Shape__Area": 24108574.089843798, "Shape__Length": 27172.195083369799 }, "geometry": { "type": "Polygon", "coordinates": [ [ [ -96.674391189815594, 32.868548913873902 ], [ -96.674346274051302, 32.864036822783397 ], [ -96.678927682000406, 32.864150005132799 ], [ -96.6788827662362, 32.865749633558202 ], [ -96.680149390786795, 32.8657798149492 ], [ -96.681092621835106, 32.866036356358599 ], [ -96.683212645905598, 32.866051447006598 ], [ -96.683230612211304, 32.864150005132799 ], [ -96.685027242779498, 32.864157550617698 ], [ -96.685027242779498, 32.863961367803498 ], [ -96.687282014142696, 32.863976458804601 ], [ -96.687282014142696, 32.8641650961018 ], [ -96.699058927517498, 32.864293369234801 ], [ -96.6995530009237, 32.863312452326397 ], [ -96.700954372767001, 32.861652414381503 ], [ -96.701062170601105, 32.8604828235366 ], [ -96.700307585762403, 32.858988743120598 ], [ -96.7004020768522, 32.857697107675101 ], [ -96.700406400443697, 32.857638012398503 ], [ -96.700873524391397, 32.857653104475403 ], [ -96.700837591780001, 32.858747273216302 ], [ -96.700702844487395, 32.858769911047801 ], [ -96.701439463020407, 32.859886703559702 ], [ -96.701619126077205, 32.860497915129599 ], [ -96.701538277701601, 32.861531683137102 ], [ -96.701223867352198, 32.862105155084201 ], [ -96.701349631491993, 32.862180611643304 ], [ -96.700747760251602, 32.862957810466199 ], [ -96.7005770803476, 32.863485999954001 ], [ -96.7072425797558, 32.863516182115397 ], [ -96.707251562908695, 32.864316005650799 ], [ -96.708886496725697, 32.864323551121501 ], [ -96.708886496725697, 32.864261797461303 ], [ -96.708886496725697, 32.864210368993497 ], [ -96.710665160988299, 32.864202823513203 ], [ -96.710512447390002, 32.863116267642802 ], [ -96.710647194682593, 32.863063448615399 ], [ -96.710772958822403, 32.864210368993497 ], [ -96.712569589390597, 32.8640745502492 ], [ -96.712695353530407, 32.864187732550597 ], [ -96.713663021449406, 32.863855454558099 ], [ -96.714123674832194, 32.863697274868301 ], [ -96.719254659495604, 32.861249676947203 ], [ -96.7228552993938, 32.859532048001803 ], [ -96.724495794680806, 32.858807168378199 ], [ -96.727821238386696, 32.857337747446898 ], [ -96.732691851754893, 32.855185515778601 ], [ -96.732697394360201, 32.855209764887803 ], [ -96.734075257292403, 32.861237400040601 ], [ -96.733626099650394, 32.867002152655402 ], [ -96.733347621912301, 32.868443282258802 ], [ -96.733250155602306, 32.868654879611199 ], [ -96.731227597841794, 32.873045685923699 ], [ -96.731126071146704, 32.873395647451296 ], [ -96.730834556158896, 32.8744004869449 ], [ -96.730796406505405, 32.874531984923799 ], [ -96.730796079518697, 32.874664710212599 ], [ -96.730787423352595, 32.878175952664698 ], [ -96.730032838513907, 32.881208706004401 ], [ -96.730014872208201, 32.881963106140603 ], [ -96.730096836291395, 32.8822728519241 ], [ -96.731092850549203, 32.8860367559111 ], [ -96.730895221186699, 32.887515293582801 ], [ -96.730499962461707, 32.888254553167101 ], [ -96.729520798802, 32.8892578241663 ], [ -96.726098217569501, 32.891053122863802 ], [ -96.722810383629593, 32.893904404846502 ], [ -96.721700728895101, 32.894645025412999 ], [ -96.721409011786406, 32.894839726036302 ], [ -96.720905198845799, 32.8950619538818 ], [ -96.720236861257604, 32.895356750757202 ], [ -96.7199896736375, 32.895465782282997 ], [ -96.717761851732803, 32.896197432771302 ], [ -96.6919802030786, 32.904064179356403 ], [ -96.691890371550201, 32.894575725087897 ], [ -96.693678018965599, 32.894575725087897 ], [ -96.693678018965599, 32.8944248670498 ], [ -96.693911580939499, 32.8944248670498 ], [ -96.693740901035497, 32.885953776024898 ], [ -96.683218773314195, 32.885938761937801 ], [ -96.6832195746114, 32.885786356324402 ], [ -96.683253123992301, 32.878999923538402 ], [ -96.683276493664394, 32.878996569377499 ], [ -96.6835791019477, 32.878980842691398 ], [ -96.683953293382601, 32.878947915923703 ], [ -96.684410579879696, 32.878907337786501 ], [ -96.687385200924396, 32.8789062944196 ], [ -96.689966331128602, 32.878896602347503 ], [ -96.689581782118395, 32.8786161021414 ], [ -96.689233734353095, 32.878398581412597 ], [ -96.689132423253696, 32.878351829542602 ], [ -96.6889652404911, 32.8782291255704 ], [ -96.688678533286705, 32.878060296335697 ], [ -96.687934014070805, 32.877791733885999 ], [ -96.687605280084199, 32.877603668015801 ], [ -96.686656415700696, 32.876952005119698 ], [ -96.686441562040898, 32.876759118097503 ], [ -96.686138572871997, 32.876474069376798 ], [ -96.6851740670228, 32.875701200357803 ], [ -96.684996234732594, 32.875546024145798 ], [ -96.684936431189101, 32.875435648570701 ], [ -96.684074117686706, 32.874624109744303 ], [ -96.683661915837106, 32.874287344839402 ], [ -96.683553346350195, 32.874197603017599 ], [ -96.683351567669305, 32.874030813721198 ], [ -96.683292125248698, 32.873868143494398 ], [ -96.682191409649604, 32.873084182136502 ], [ -96.679714272016, 32.871676687436903 ], [ -96.679378238319302, 32.8715156976576 ], [ -96.678742363150505, 32.871248664345003 ], [ -96.678244224867598, 32.871049511702203 ], [ -96.677557118778097, 32.870798906048996 ], [ -96.677381301409, 32.870750759641702 ], [ -96.677652074296901, 32.869627858164101 ], [ -96.676286635064997, 32.869137430568799 ], [ -96.674759499082001, 32.868850717795098 ], [ -96.674391189815594, 32.868548913873902 ] ] ] } },
{ "type": "Feature", "properties": { "OBJECTID": 31, "SHAPEarea": 185356454.667, "SHAPElen": 81071.551498999994, "ZipCode": 75237, "Shape__Area": 24262740.4453125, "Shape__Length": 28477.352090858902 }, "geometry": { "type": "Polygon", "coordinates": [ [ [ -96.891361280388907, 32.691386785683903 ], [ -96.891397213000303, 32.689572331379999 ], [ -96.8843274717143, 32.689579891682797 ], [ -96.8837435667796, 32.689292599727501 ], [ -96.883231527067693, 32.689640374081897 ], [ -96.882701521049995, 32.689784019615601 ], [ -96.881767273154495, 32.689572331379999 ], [ -96.880850991564699, 32.691265823210898 ], [ -96.857144451216797, 32.691243142729 ], [ -96.857144499725905, 32.691235787447397 ], [ -96.857162417522503, 32.688498761886898 ], [ -96.856982754465704, 32.688498761886898 ], [ -96.856955805007203, 32.685111641134498 ], [ -96.8571085186055, 32.685119201814999 ], [ -96.857189366981004, 32.675418322343802 ], [ -96.857018687077101, 32.668446346025497 ], [ -96.857189366981004, 32.668400973465097 ], [ -96.857198350133899, 32.664468597376299 ], [ -96.857045636535602, 32.664461034947898 ], [ -96.857027670229897, 32.663311538387703 ], [ -96.857216316439604, 32.663303975861403 ], [ -96.857000720771396, 32.652594796631199 ], [ -96.857180383828194, 32.652594796631199 ], [ -96.857207333286695, 32.649849228410098 ], [ -96.859363289968599, 32.649811410077398 ], [ -96.859255492134494, 32.649100422445699 ], [ -96.858770401881102, 32.648102004739101 ], [ -96.858761418728207, 32.647625483267603 ], [ -96.862848753270995, 32.647580100137901 ], [ -96.861853313935001, 32.6471692879743 ], [ -96.860117874807301, 32.646453078362299 ], [ -96.859770541202707, 32.646357940433802 ], [ -96.857135468064001, 32.645636167794102 ], [ -96.857126484911106, 32.645031044043897 ], [ -96.859147694300404, 32.6455075793398 ], [ -96.8605580492965, 32.646006804069202 ], [ -96.861770774929994, 32.644025016747698 ], [ -96.859839397069194, 32.643147570167798 ], [ -96.859453121496998, 32.6427164079183 ], [ -96.859300407898701, 32.642028056861399 ], [ -96.859300407898701, 32.640295809334603 ], [ -96.857198350133899, 32.640295809334603 ], [ -96.857180383828194, 32.636475668941301 ], [ -96.857184099260195, 32.636475668941301 ], [ -96.858006833889604, 32.636475668941301 ], [ -96.859489054108394, 32.636884166990299 ], [ -96.860162790571493, 32.6360217800326 ], [ -96.862255865183499, 32.634357500999798 ], [ -96.862552309227198, 32.633926296382697 ], [ -96.862633157602801, 32.633086576164501 ], [ -96.865687429568794, 32.633086576164501 ], [ -96.865579631734704, 32.635976391015099 ], [ -96.865742423532197, 32.635977644508799 ], [ -96.8657407167331, 32.6361132047913 ], [ -96.874256561471995, 32.6361274009437 ], [ -96.8742483589551, 32.636691477180001 ], [ -96.874415220120795, 32.636693654323103 ], [ -96.874414866184594, 32.636818505593702 ], [ -96.8744096308031, 32.638667916166803 ], [ -96.874411652012498, 32.639560264951903 ], [ -96.874410070977603, 32.6403109382792 ], [ -96.874263334769196, 32.640317803036901 ], [ -96.874247747202404, 32.640318140412298 ], [ -96.874246056573, 32.642835011783298 ], [ -96.874248374226497, 32.642835000436897 ], [ -96.874248374226497, 32.642897950171402 ], [ -96.878461472908995, 32.642905514424001 ], [ -96.878425540297599, 32.647466642212798 ], [ -96.883878314072206, 32.647617919414202 ], [ -96.888828428343103, 32.647432532194102 ], [ -96.889735329724701, 32.647398567388699 ], [ -96.891182774362207, 32.6473843957166 ], [ -96.891182774362207, 32.647385394904298 ], [ -96.891187075495793, 32.659998772222401 ], [ -96.8912122849176, 32.661920022770502 ], [ -96.891118735262197, 32.661920022770502 ], [ -96.891208566790596, 32.668121175500197 ], [ -96.890705510231498, 32.668106051260999 ], [ -96.890831274371294, 32.667425457843997 ], [ -96.890615678703099, 32.667100283603702 ], [ -96.889331087846799, 32.6671380946227 ], [ -96.888486671479797, 32.667433020021598 ], [ -96.888414806257003, 32.668090927019101 ], [ -96.887988963489903, 32.668603038473201 ], [ -96.887974631767804, 32.6686202739603 ], [ -96.8879792086842, 32.668820643058702 ], [ -96.887982049157102, 32.668944956429499 ], [ -96.8879836149206, 32.669013501086603 ], [ -96.8880169514008, 32.669049420785903 ], [ -96.888167884538205, 32.669212052904399 ], [ -96.888208193741704, 32.669255486150298 ], [ -96.888258571262796, 32.6692502229821 ], [ -96.890741442842895, 32.668990814953197 ], [ -96.890948055358294, 32.669210114000798 ], [ -96.891227554480807, 32.669243725691302 ], [ -96.891230901603606, 32.669364739167001 ], [ -96.891255041131899, 32.670229938244802 ], [ -96.891249827310006, 32.670291477295599 ], [ -96.891154667873593, 32.670291477295599 ], [ -96.891154667873593, 32.672295367684399 ], [ -96.891181617332094, 32.672998609128904 ], [ -96.891264971108995, 32.673002117004302 ], [ -96.891265138195607, 32.6730283402404 ], [ -96.891361050420201, 32.673028461227702 ], [ -96.891325347777595, 32.676492049088303 ], [ -96.889762279183202, 32.676499610498503 ], [ -96.889798211794599, 32.676643277170399 ], [ -96.8883339578815, 32.6766810841509 ], [ -96.887992598073495, 32.678170666447699 ], [ -96.887372760527398, 32.6792594824623 ], [ -96.887358198836694, 32.679307976809 ], [ -96.887256855397894, 32.679645471357901 ], [ -96.887166148012099, 32.679947546849597 ], [ -96.887168022796104, 32.680119019231 ], [ -96.8871930974706, 32.682412437300599 ], [ -96.891370263541802, 32.682465363650103 ], [ -96.891406196153099, 32.684476541689797 ], [ -96.891492259248906, 32.684472280459701 ], [ -96.891558909751495, 32.684468980955003 ], [ -96.891557526345906, 32.685545961118002 ], [ -96.891555575205103, 32.687065293630297 ], [ -96.8915499265986, 32.691462387146402 ], [ -96.891515542682797, 32.691448607272598 ], [ -96.891361280388907, 32.691386785683903 ] ], [ [ -96.889178374248502, 32.662041024988497 ], [ -96.889178374248502, 32.661904897481698 ], [ -96.888666334536595, 32.661904897481698 ], [ -96.884102892893296, 32.661965398621398 ], [ -96.884102892893296, 32.662078838148098 ], [ -96.889178374248502, 32.662041024988497 ] ] ] } },
{ "type": "Feature", "properties": { "OBJECTID": 32, "SHAPEarea": 360152389.66399997, "SHAPElen": 140479.06628900001, "ZipCode": 75236, "Shape__Area": 47299727.136718802, "Shape__Length": 50423.447672839698 }, "geometry": { "type": "MultiPolygon", "coordinates": [ [ [ [ -96.884102892893296, 32.661965398621398 ], [ -96.889178374248502, 32.661904897481698 ], [ -96.889178374248502, 32.662041024988497 ], [ -96.884102892893296, 32.662078838148098 ], [ -96.884102892893296, 32.661965398621398 ] ] ], [ [ [ -96.8880169514008, 32.669049420785903 ], [ -96.887982049157102, 32.668944956429499 ], [ -96.887974631767804, 32.668922756518697 ], [ -96.8879792086842, 32.668820643058702 ], [ -96.887988963489903, 32.668603038473201 ], [ -96.887992598073495, 32.668521966908301 ], [ -96.888414806257003, 32.668090927019101 ], [ -96.888486671479797, 32.667433020021598 ], [ -96.889331087846799, 32.6671380946227 ], [ -96.890615678703099, 32.667100283603702 ], [ -96.890831274371294, 32.667425457843997 ], [ -96.890705510231498, 32.668106051260999 ], [ -96.891208566790596, 32.668121175500197 ], [ -96.891118735262197, 32.661920022770502 ], [ -96.8912122849176, 32.661920022770502 ], [ -96.891215579938105, 32.662171129415697 ], [ -96.891202452856803, 32.665905080391703 ], [ -96.891212329833394, 32.667024920145401 ], [ -96.891213512016293, 32.668735949461201 ], [ -96.891227554480807, 32.669243725691302 ], [ -96.890948055358294, 32.669210114000798 ], [ -96.890741442842895, 32.668990814953197 ], [ -96.888307008422899, 32.669270610194999 ], [ -96.888258571262796, 32.6692502229821 ], [ -96.888167884538205, 32.669212052904399 ], [ -96.888055480143393, 32.669164741828197 ], [ -96.8880169514008, 32.669049420785903 ] ] ], [ [ [ -96.891154667873593, 32.670291477295599 ], [ -96.891249827310006, 32.670291477295599 ], [ -96.891243172590293, 32.670370029889099 ], [ -96.891265731083706, 32.671087656307002 ], [ -96.891260991572295, 32.672377654781101 ], [ -96.891264971108995, 32.673002117004302 ], [ -96.891181617332094, 32.672998609128904 ], [ -96.891154667873593, 32.672295367684399 ], [ -96.891154667873593, 32.670291477295599 ] ] ], [ [ [ -96.882036767739805, 32.712628277752202 ], [ -96.881300149206794, 32.7104514463499 ], [ -96.881452862805105, 32.709045547838699 ], [ -96.880868957870405, 32.708206533332699 ], [ -96.880931839940303, 32.707836155049399 ], [ -96.8817852394602, 32.708637379605101 ], [ -96.881713374237506, 32.709672913890202 ], [ -96.882063717198307, 32.710156663013898 ], [ -96.883644752098405, 32.710685760614403 ], [ -96.884031027670503, 32.710663085067303 ], [ -96.884336454867096, 32.710935191251998 ], [ -96.885674944640499, 32.710897398775899 ], [ -96.885998338142798, 32.710549707245399 ], [ -96.886465462090499, 32.710428770743199 ], [ -96.886788855592798, 32.709786292826401 ], [ -96.887264962693393, 32.709688031090003 ], [ -96.887768019252505, 32.708932167961201 ], [ -96.888037513837702, 32.708886815969798 ], [ -96.888235143200205, 32.708629820916499 ], [ -96.888621418772402, 32.708508881811802 ], [ -96.889178374248502, 32.707753008692897 ], [ -96.889573632973494, 32.707548921852798 ], [ -96.889609565584905, 32.707231452507102 ], [ -96.890238386283798, 32.706808158289 ], [ -96.891325347777595, 32.706793040601198 ], [ -96.891334330930405, 32.705840621106503 ], [ -96.891487044528702, 32.705742355024498 ], [ -96.891334330930405, 32.705742355024498 ], [ -96.8913163646247, 32.701078371141797 ], [ -96.890948055358294, 32.699112924055797 ], [ -96.891298398319094, 32.697419581088198 ], [ -96.891298398319094, 32.695544771043203 ], [ -96.891478061375906, 32.695552330840201 ], [ -96.891515542682797, 32.691448607272598 ], [ -96.891555575205103, 32.687065293630297 ], [ -96.891567892904305, 32.685716493549101 ], [ -96.891557526345906, 32.685545961118002 ], [ -96.891492259248906, 32.684472280459701 ], [ -96.891370263541802, 32.682465363650103 ], [ -96.8871930974706, 32.682412437300599 ], [ -96.887139198553598, 32.680272674331398 ], [ -96.887168022796104, 32.680119019231 ], [ -96.887256855397894, 32.679645471357901 ], [ -96.887300895304705, 32.679410705858999 ], [ -96.887358198836694, 32.679307976809 ], [ -96.887992598073495, 32.678170666447699 ], [ -96.8883339578815, 32.6766810841509 ], [ -96.889798211794599, 32.676643277170399 ], [ -96.889762279183202, 32.676499610498503 ], [ -96.891325347777595, 32.676492049088303 ], [ -96.891361050420201, 32.673028461227702 ], [ -96.891489126823501, 32.673028623048097 ], [ -96.891496027681598, 32.6742084739288 ], [ -96.8925740060225, 32.6742009123247 ], [ -96.892529090258293, 32.676499610498503 ], [ -96.891478061375906, 32.676492049088303 ], [ -96.891478061375906, 32.676635715772399 ], [ -96.900263584854599, 32.676590347370798 ], [ -96.901970383894394, 32.6765827859683 ], [ -96.902274735807595, 32.676518152585899 ], [ -96.905260386367402, 32.6765003084166 ], [ -96.905680426017796, 32.676605470173897 ], [ -96.905663386773497, 32.676497900107599 ], [ -96.905813426985503, 32.6764970033244 ], [ -96.905674594155002, 32.675586187516998 ], [ -96.908396891012799, 32.675612602056297 ], [ -96.908380341350295, 32.676454596658097 ], [ -96.908471121499701, 32.676455894952802 ], [ -96.908687702619702, 32.676470434793799 ], [ -96.911198629484403, 32.6764587796321 ], [ -96.912016879723893, 32.676460223862001 ], [ -96.912017432187795, 32.676505987791401 ], [ -96.912070909795005, 32.676506210096797 ], [ -96.915131826599193, 32.676518368086001 ], [ -96.920229021133196, 32.676540026225098 ], [ -96.920787755273594, 32.676552347536102 ], [ -96.924425756104498, 32.676557211788001 ], [ -96.925413893933893, 32.676561235967597 ], [ -96.925731142959606, 32.676551398579697 ], [ -96.925727502986106, 32.676484418112601 ], [ -96.925766755770695, 32.676484487677499 ], [ -96.925632008478104, 32.670934239486201 ], [ -96.925632692994299, 32.670904494822601 ], [ -96.925643483557494, 32.670583057484002 ], [ -96.925645154424004, 32.6704887498218 ], [ -96.925649946936005, 32.670154490463602 ], [ -96.925827583393499, 32.662432820727801 ], [ -96.925921581308202, 32.662443525588003 ], [ -96.926093541311502, 32.6624598698764 ], [ -96.926491634221307, 32.662478498066001 ], [ -96.931305673489504, 32.662466053056399 ], [ -96.936432276171004, 32.662450258569997 ], [ -96.937991499975894, 32.662433732777401 ], [ -96.938734026728497, 32.662429819131603 ], [ -96.939266753743098, 32.662420616202503 ], [ -96.939768205012797, 32.662408367056102 ], [ -96.940639984063495, 32.662358371433797 ], [ -96.941715576478998, 32.6622976731758 ], [ -96.941978991266396, 32.662282427705499 ], [ -96.942242451867898, 32.662264532292298 ], [ -96.942574589571095, 32.6622607487162 ], [ -96.942828051025202, 32.662277176982997 ], [ -96.943071750486993, 32.662313464664201 ], [ -96.943076092044805, 32.662179412755698 ], [ -96.943292886963903, 32.662267903705903 ], [ -96.946266310554293, 32.660483108907997 ], [ -96.948664812362907, 32.660490671673102 ], [ -96.948664812362907, 32.664945029076399 ], [ -96.950326695638495, 32.665232399350003 ], [ -96.952177225123805, 32.666139878357797 ], [ -96.952392820791999, 32.665716389300897 ], [ -96.951701118023294, 32.6653533970835 ], [ -96.951665185411898, 32.662933411287597 ], [ -96.952473669167603, 32.661730956476802 ], [ -96.952850961586904, 32.6616023911686 ], [ -96.952922826809697, 32.661383073451503 ], [ -96.953389950757398, 32.6614057615161 ], [ -96.954431996487003, 32.661791457734303 ], [ -96.954476912251195, 32.662003211813001 ], [ -96.956156761832503, 32.662706534259698 ], [ -96.957549150522894, 32.662948536402297 ], [ -96.958348651125704, 32.662948536402297 ], [ -96.958752893003606, 32.663598913913901 ], [ -96.958743909850696, 32.663833351158701 ], [ -96.958124072304699, 32.664604720978403 ], [ -96.957414403230302, 32.665058464821101 ], [ -96.957413342319896, 32.6650790004567 ], [ -96.957387453771702, 32.665580267392201 ], [ -96.958367743020503, 32.665586664370302 ], [ -96.958546280488207, 32.665587829725901 ], [ -96.959489511536603, 32.6651567756834 ], [ -96.961968861720706, 32.663190537889797 ], [ -96.963028873756002, 32.662593095529701 ], [ -96.9648165211714, 32.662041024988497 ], [ -96.9687331758102, 32.661534327107098 ], [ -96.975266155747605, 32.658406217828201 ], [ -96.979862854819402, 32.6562051691729 ], [ -96.985459806400499, 32.653525094012799 ], [ -96.985922526806704, 32.653339802992903 ], [ -96.986550104237196, 32.653088495311998 ], [ -96.986933043466394, 32.652935150454702 ], [ -96.990095113266506, 32.652065354775097 ], [ -96.989924433362503, 32.652556979459803 ], [ -96.988603909894906, 32.653018347858897 ], [ -96.988145769100001, 32.653305756477799 ], [ -96.988054746405496, 32.654838478183201 ], [ -96.988046954418706, 32.654969682955603 ], [ -96.987982015206796, 32.655058203732899 ], [ -96.987669661999405, 32.655483981238 ], [ -96.987076773911895, 32.6556654975724 ], [ -96.985558621081694, 32.6553327173444 ], [ -96.984866918312903, 32.655756255601503 ], [ -96.984570474269205, 32.656837781689603 ], [ -96.983258933954403, 32.659333561186003 ], [ -96.983151136120298, 32.660725117071003 ], [ -96.982719944783895, 32.662041024988497 ], [ -96.981615016984406, 32.663198100425703 ], [ -96.980995179438395, 32.6642114744512 ], [ -96.980420257656505, 32.666268437138697 ], [ -96.979989066320201, 32.666775108180197 ], [ -96.9788212564508, 32.6676145120909 ], [ -96.977793628681596, 32.668567256980602 ], [ -96.977540331619196, 32.668802094836501 ], [ -96.977491749830307, 32.668847135975099 ], [ -96.975156130091605, 32.671569435225898 ], [ -96.974975180647306, 32.671828941633599 ], [ -96.974477058534006, 32.672543314613698 ], [ -96.974428494711503, 32.672612961280301 ], [ -96.974432438315603, 32.672669139688999 ], [ -96.974545275698404, 32.674276528337103 ], [ -96.974365612641606, 32.675078054133202 ], [ -96.9734133984404, 32.675894695661299 ], [ -96.972838476658595, 32.676817189148302 ], [ -96.972254571723894, 32.678957034900698 ], [ -96.972245588571099, 32.680008035773099 ], [ -96.971464054273895, 32.6814370746728 ], [ -96.971976093985802, 32.682919016787999 ], [ -96.971356256439805, 32.683659978624 ], [ -96.971041846090301, 32.684400934312201 ], [ -96.970916081950605, 32.685043594981501 ], [ -96.971023879784696, 32.685708932919198 ], [ -96.970772351505104, 32.6871530016139 ], [ -96.970952014561902, 32.687886367873098 ], [ -96.9715988015665, 32.688997746496398 ], [ -96.971607784719296, 32.689882303268703 ], [ -96.972829493505699, 32.690812212477397 ], [ -96.973341533217706, 32.6914094661294 ], [ -96.9736469604143, 32.6933524028995 ], [ -96.973090004938101, 32.696172232015002 ], [ -96.973188819619395, 32.697336425025597 ], [ -96.970817267269297, 32.699075126572197 ], [ -96.966792814796406, 32.706241243243802 ], [ -96.966137044639098, 32.706982011514398 ], [ -96.954988951963102, 32.708032682493197 ], [ -96.953767243176699, 32.707805920019602 ], [ -96.953120456172201, 32.707556480633002 ], [ -96.950973482643107, 32.706120300901397 ], [ -96.950452459778305, 32.7059010924878 ], [ -96.942601184195098, 32.705749913957803 ], [ -96.942592201042302, 32.705628970949299 ], [ -96.942169992858695, 32.705613853061699 ], [ -96.941846599356495, 32.705054489420498 ], [ -96.942008296107602, 32.704192760192399 ], [ -96.942268807540003, 32.703807247054002 ], [ -96.942125077094502, 32.703640946754597 ], [ -96.942152026553103, 32.703217635503101 ], [ -96.941882531967806, 32.702990860792298 ], [ -96.941927447731999, 32.702000604469497 ], [ -96.941747784675201, 32.7015016925411 ], [ -96.941388458561505, 32.701244676216703 ], [ -96.941343542797298, 32.700919625099402 ], [ -96.941379475408695, 32.700277078709803 ], [ -96.941720835216699, 32.699853751501699 ], [ -96.941271677574605, 32.699475779083301 ], [ -96.941577104771198, 32.698863460368599 ], [ -96.941981346649101, 32.698697150856397 ], [ -96.941945414037704, 32.697858039045997 ], [ -96.941469306937094, 32.697306186438198 ], [ -96.941244728116104, 32.696376344874402 ], [ -96.940624890570007, 32.695915200343102 ], [ -96.940454210666104, 32.695529651447302 ], [ -96.939807423661506, 32.695144100886303 ], [ -96.939744541591594, 32.694690509858901 ], [ -96.939133687198407, 32.694425914028599 ], [ -96.938477917040998, 32.694335195277603 ], [ -96.937867062647797, 32.693654801706799 ], [ -96.937453837617099, 32.6935414022741 ], [ -96.935396695616504, 32.7004282665118 ], [ -96.935073302114205, 32.703814806151101 ], [ -96.934480414026694, 32.705545822535903 ], [ -96.932791581292506, 32.705644088834298 ], [ -96.929943921841897, 32.706180772093099 ], [ -96.928560516304302, 32.706203448779398 ], [ -96.924895389945107, 32.706135418703099 ], [ -96.922362140843902, 32.705787708614302 ], [ -96.908599950691197, 32.705742355024498 ], [ -96.908581984385506, 32.705598735171598 ], [ -96.905482796655306, 32.705598735171598 ], [ -96.903838879685395, 32.705719678221001 ], [ -96.903937694366604, 32.705855738955698 ], [ -96.902886665484203, 32.705810385400497 ], [ -96.901781737684701, 32.707019805649097 ], [ -96.900200702784701, 32.707858831315001 ], [ -96.895143187735101, 32.709861878703798 ], [ -96.8893696830647, 32.711851094571003 ], [ -96.888890913357599, 32.712016049289197 ], [ -96.888438714019998, 32.712245154742099 ], [ -96.881372014429502, 32.715825402568797 ], [ -96.881174385066998, 32.715303893576497 ], [ -96.881192351372704, 32.714721916173602 ], [ -96.881911003599996, 32.713489925507702 ], [ -96.882036767739805, 32.712628277752202 ] ] ] ] } },
{ "type": "Feature", "properties": { "OBJECTID": 33, "SHAPEarea": 192842489.71799999, "SHAPElen": 82363.8971093, "ZipCode": 75235, "Shape__Area": 25444249.0390625, "Shape__Length": 29792.807418598601 }, "geometry": { "type": "Polygon", "coordinates": [ [ [ -96.851574896455304, 32.859305671372397 ], [ -96.850613699101302, 32.858830278570103 ], [ -96.850766412699599, 32.858656721832801 ], [ -96.850020811013707, 32.8581813255526 ], [ -96.847128235798905, 32.855683566732203 ], [ -96.846894673825005, 32.855698659141702 ], [ -96.845834661789794, 32.854785563746198 ], [ -96.8459694090824, 32.854687462028899 ], [ -96.842367164793103, 32.851570789470401 ], [ -96.841396984286206, 32.850755757765398 ], [ -96.841271220146396, 32.850846317213502 ], [ -96.841154439159496, 32.850740664515101 ], [ -96.835548951786606, 32.845895598482798 ], [ -96.834839282712096, 32.845027684887 ], [ -96.8344799565985, 32.843842780448803 ], [ -96.834533855515502, 32.837457609102401 ], [ -96.834336226152999, 32.836778308525901 ], [ -96.833878085358094, 32.836582065169402 ], [ -96.831811960204604, 32.836634899961901 ], [ -96.827149703880096, 32.830490757623501 ], [ -96.827024878479804, 32.830381237826401 ], [ -96.821185365602304, 32.8252575786411 ], [ -96.817995871134897, 32.822458952642997 ], [ -96.818660624445101, 32.8218248318422 ], [ -96.819442158742305, 32.820413141899103 ], [ -96.819909282690105, 32.820805699643103 ], [ -96.820277591956597, 32.820450887911399 ], [ -96.821876593162301, 32.821568162612103 ], [ -96.822388632874294, 32.820684912829698 ], [ -96.821948458384995, 32.820247059254498 ], [ -96.822262868734498, 32.819862048293203 ], [ -96.8224335486385, 32.819975286984402 ], [ -96.822747958987904, 32.819877146793701 ], [ -96.823439661756694, 32.819310951268598 ], [ -96.823816954175996, 32.8182917902299 ], [ -96.824230179206694, 32.818035110792003 ], [ -96.8247152694601, 32.817182023802602 ], [ -96.825505786910099, 32.816895143151498 ], [ -96.826080708692004, 32.816834747107002 ], [ -96.826233422290301, 32.815702313669703 ], [ -96.826871226142003, 32.814864303634103 ], [ -96.827446147923794, 32.814962449362199 ], [ -96.827491063688001, 32.8142754269888 ], [ -96.827329366936894, 32.813663897111198 ], [ -96.827580895216499, 32.8131429609329 ], [ -96.827535979452307, 32.812652221159901 ], [ -96.827913271871594, 32.812380425657899 ], [ -96.827940221330095, 32.811625433790503 ], [ -96.828784637697197, 32.8102513321316 ], [ -96.828820570308494, 32.809685075266202 ], [ -96.829278711103399, 32.809284918239001 ], [ -96.828883452378406, 32.808597851970902 ], [ -96.828209715915307, 32.808386445896801 ], [ -96.827994120247197, 32.807563467461897 ], [ -96.827733608814796, 32.807329407983197 ], [ -96.827329366936894, 32.807246354471602 ], [ -96.828886210206306, 32.8058337329743 ], [ -96.828910401836893, 32.805811781569297 ], [ -96.829916514955201, 32.806159101343603 ], [ -96.829952447566498, 32.805683423917998 ], [ -96.831578913863794, 32.806168510670503 ], [ -96.832737224947294, 32.806513970146 ], [ -96.836986256241204, 32.808144838339103 ], [ -96.837300666590593, 32.807933431187401 ], [ -96.840381888015202, 32.808990461917297 ], [ -96.844334475265299, 32.810915735586697 ], [ -96.848781135921698, 32.812350226106297 ], [ -96.849356057703503, 32.811300785315503 ], [ -96.849525708138202, 32.811364948783101 ], [ -96.849535720760301, 32.811368735094497 ], [ -96.848879950602907, 32.812372875770897 ], [ -96.849814198498393, 32.812599372099598 ], [ -96.851929797467804, 32.8128450505045 ], [ -96.853404382905097, 32.8130162899322 ], [ -96.853650004761604, 32.813044813195098 ], [ -96.8652382719267, 32.8132713078111 ], [ -96.865373019219405, 32.813354355692297 ], [ -96.866936087813698, 32.8145774154995 ], [ -96.867708638958106, 32.815536222218597 ], [ -96.868103897683099, 32.816087342657802 ], [ -96.867025919342097, 32.815294634099097 ], [ -96.8680140661547, 32.816736603446998 ], [ -96.866810323674002, 32.815581519917899 ], [ -96.865660480110293, 32.815966549429398 ], [ -96.865390985525096, 32.815657016031999 ], [ -96.865274112910001, 32.8156064170335 ], [ -96.864981846032293, 32.815479881663002 ], [ -96.8647980974375, 32.8154003289822 ], [ -96.864581126448599, 32.815423122067301 ], [ -96.863742090990101, 32.815511265441302 ], [ -96.863001466869306, 32.815589069532201 ], [ -96.862685494349606, 32.815711630636002 ], [ -96.862575616017295, 32.815754250402797 ], [ -96.862534342921506, 32.815770260082999 ], [ -96.862275318201, 32.8159764914733 ], [ -96.861510263497607, 32.816585612989201 ], [ -96.861451081588399, 32.816586480430097 ], [ -96.859965161209004, 32.816608261574203 ], [ -96.859093795383401, 32.816796999558299 ], [ -96.858707519811205, 32.817053682573203 ], [ -96.857943951819706, 32.818027561385499 ], [ -96.857674457234495, 32.818027561385499 ], [ -96.857072585994104, 32.817718035168298 ], [ -96.856497664212299, 32.8171971227586 ], [ -96.856129354945793, 32.817302815378497 ], [ -96.856228169627002, 32.819310951268598 ], [ -96.861177886842498, 32.819356247043402 ], [ -96.861519246650502, 32.8194543878096 ], [ -96.862183999960706, 32.820760404607299 ], [ -96.861689926554504, 32.822277775733198 ], [ -96.861941454833996, 32.822277775733198 ], [ -96.862300780947706, 32.822896795315899 ], [ -96.8652652213853, 32.825946536130701 ], [ -96.865346069760804, 32.826437202472803 ], [ -96.866163536669404, 32.826867476880402 ], [ -96.869837646181395, 32.827826150958899 ], [ -96.871427664234304, 32.829290562250897 ], [ -96.871760040889498, 32.830196371580698 ], [ -96.871957670252002, 32.831668292035701 ], [ -96.872631406715001, 32.8322872461708 ], [ -96.872847002383196, 32.832868455272198 ], [ -96.872972766523006, 32.8339025451765 ], [ -96.872559541492294, 32.834906431153897 ], [ -96.872505642575305, 32.835464979339598 ], [ -96.872559541492294, 32.836295247175897 ], [ -96.872757170854797, 32.836733021636 ], [ -96.873871081807096, 32.835797087405801 ], [ -96.874922110689596, 32.835578198138101 ], [ -96.874931093842406, 32.835661225165303 ], [ -96.874607700340107, 32.835691416792201 ], [ -96.874769397091299, 32.838295405988397 ], [ -96.8736285366804, 32.838506740891098 ], [ -96.872811069771899, 32.836846238817401 ], [ -96.872128350155904, 32.836982099244601 ], [ -96.866109637752302, 32.8369670036519 ], [ -96.865480817053495, 32.837291558330399 ], [ -96.8731009094017, 32.843867270395002 ], [ -96.873107513815597, 32.843872969293301 ], [ -96.872909884453094, 32.844250328983001 ], [ -96.872379878435495, 32.8445371212742 ], [ -96.872227164837199, 32.8450578733285 ], [ -96.871733091430897, 32.845480510430697 ], [ -96.870376635351903, 32.845691828227103 ], [ -96.870089174461, 32.845888051444597 ], [ -96.872218181684403, 32.847276695661698 ], [ -96.873907014418506, 32.849012470377097 ], [ -96.873350058942293, 32.848567209666001 ], [ -96.8728380192304, 32.848386086025599 ], [ -96.872029535474695, 32.848401179676401 ], [ -96.871256984330302, 32.8486728649521 ], [ -96.871337832705905, 32.848838894433399 ], [ -96.871598344138306, 32.848703052153702 ], [ -96.872424794199702, 32.848838894433399 ], [ -96.872568524645203, 32.848974736505198 ], [ -96.873790233431606, 32.851374578818202 ], [ -96.873880064960005, 32.851933023380703 ], [ -96.8730654367277, 32.852602962799899 ], [ -96.873026665440094, 32.852634847373601 ], [ -96.869945444015499, 32.853208376837301 ], [ -96.867582839784006, 32.853446247849298 ], [ -96.8675469422069, 32.853449861818099 ], [ -96.867406490612296, 32.853410842417603 ], [ -96.8664060817961, 32.853132912645997 ], [ -96.8661725198222, 32.853163098330199 ], [ -96.864699282756305, 32.854611999095702 ], [ -96.863244011996002, 32.855193062025997 ], [ -96.862183999960706, 32.855842036903802 ], [ -96.861902706004201, 32.856923271330103 ], [ -96.861887555916994, 32.856981504564203 ], [ -96.860953308021493, 32.858030405565799 ], [ -96.860826339240901, 32.858115730475703 ], [ -96.860665725857999, 32.858223664599599 ], [ -96.860504150379398, 32.858332245282703 ], [ -96.859444138344202, 32.858520894584103 ], [ -96.858779385033898, 32.859018926812404 ], [ -96.858204463252093, 32.859184936933801 ], [ -96.857997850736695, 32.859418859759302 ], [ -96.856318001155401, 32.859622598491796 ], [ -96.855922742430394, 32.859275487778099 ], [ -96.854341707530395, 32.859494318603701 ], [ -96.853560173233205, 32.859765969911898 ], [ -96.8518358031464, 32.859366164546401 ], [ -96.851574896455304, 32.859305671372397 ] ], [ [ -96.840606466836206, 32.813490252057797 ], [ -96.839923747220297, 32.813384554902598 ], [ -96.839618320023703, 32.8134600528834 ], [ -96.839483572730998, 32.813595949087201 ], [ -96.8411454560067, 32.814886952657901 ], [ -96.841783259858403, 32.815037946002299 ], [ -96.842349198487398, 32.8149096016759 ], [ -96.841738344094196, 32.814826555248203 ], [ -96.841343085369203, 32.814532117288401 ], [ -96.841217321229394, 32.8142980761627 ], [ -96.840687315211795, 32.813996086702701 ], [ -96.840606466836206, 32.813490252057797 ] ] ] } },
{ "type": "Feature", "properties": { "OBJECTID": 34, "SHAPEarea": 295804665.76, "SHAPElen": 105201.23992000001, "ZipCode": 75234, "Shape__Area": 4145371.6796875, "Shape__Length": 23498.755836220502 }, "geometry": { "type": "MultiPolygon", "coordinates": [ [ [ [ -96.926168141006002, 32.899285563330302 ], [ -96.925605456074905, 32.899271573510497 ], [ -96.924926515671402, 32.899290480282303 ], [ -96.924766089138103, 32.899287080125902 ], [ -96.924056979713995, 32.899673967753998 ], [ -96.923415662551193, 32.899913261821801 ], [ -96.922733391194598, 32.899890872837197 ], [ -96.922367607092397, 32.899707558099202 ], [ -96.922163909610205, 32.899388834349303 ], [ -96.922142016768404, 32.898880000214298 ], [ -96.922182357412794, 32.898352701199997 ], [ -96.922684613572997, 32.897641572414003 ], [ -96.923434286423699, 32.897367842245501 ], [ -96.923482597819699, 32.897356613490302 ], [ -96.923551319837202, 32.897348081234398 ], [ -96.923638877729701, 32.8973485202172 ], [ -96.924150901271901, 32.897370104288598 ], [ -96.924839118577395, 32.897386518618397 ], [ -96.924936898399494, 32.897385011595702 ], [ -96.925275878570204, 32.897379677429001 ], [ -96.9255220888233, 32.897369025688498 ], [ -96.925814123935695, 32.8973842761866 ], [ -96.926589096039706, 32.897470492477801 ], [ -96.926944527956607, 32.8974557518777 ], [ -96.927227968886598, 32.897367234307303 ], [ -96.927510189904496, 32.897258246606697 ], [ -96.927595665502096, 32.8972124369608 ], [ -96.927674922961302, 32.897152954683399 ], [ -96.9277881079921, 32.897055966376399 ], [ -96.928031364584498, 32.896622793484497 ], [ -96.928182440554096, 32.896226619466198 ], [ -96.928218636371795, 32.896076716891301 ], [ -96.928222546738198, 32.895961591553501 ], [ -96.928214189711198, 32.8958817617779 ], [ -96.9282329123983, 32.895811745101 ], [ -96.928247919653401, 32.895688355526801 ], [ -96.928328513805795, 32.895690605544203 ], [ -96.928380853247504, 32.895692066584601 ], [ -96.928380853247504, 32.896046577495099 ], [ -96.928442680695298, 32.896065455538398 ], [ -96.928302169811801, 32.896220668232402 ], [ -96.928285468333996, 32.896277748015599 ], [ -96.928272136436902, 32.896317546575702 ], [ -96.928255423281001, 32.896373793577602 ], [ -96.928228831352001, 32.896445954964499 ], [ -96.928208873481296, 32.896499992618899 ], [ -96.928192306750802, 32.896537020635002 ], [ -96.928178993718305, 32.8965754289543 ], [ -96.928165665414497, 32.896615762159598 ], [ -96.928148982801304, 32.896668744484202 ], [ -96.928135657192399, 32.896708932072698 ], [ -96.928116490737494, 32.8967661375044 ], [ -96.928093200117104, 32.896830881831697 ], [ -96.928070855422703, 32.896879146823601 ], [ -96.928046096056903, 32.896922855246999 ], [ -96.928016411228299, 32.896971775648701 ], [ -96.927993327220406, 32.897009852655501 ], [ -96.927965343801006, 32.8970479070179 ], [ -96.927927516642697, 32.897096917108399 ], [ -96.927894640998304, 32.8971357762371 ], [ -96.927860155572802, 32.897172859803199 ], [ -96.927822422737606, 32.897207964911097 ], [ -96.927784708767106, 32.897241178303801 ], [ -96.927730624797107, 32.8972856807911 ], [ -96.927674886130305, 32.897332799050801 ], [ -96.927620771617597, 32.897379384019601 ], [ -96.927584690784201, 32.897412319778397 ], [ -96.927548618035701, 32.897444422816299 ], [ -96.927512559660201, 32.897473508028803 ], [ -96.927466690783504, 32.897506663243597 ], [ -96.927409468998206, 32.897533578417097 ], [ -96.927350676059504, 32.897554994996803 ], [ -96.927277201055702, 32.897577133402002 ], [ -96.927220055627302, 32.897593735505097 ], [ -96.927004033259294, 32.897642936876501 ], [ -96.926898369822297, 32.8976573071023 ], [ -96.926750286141001, 32.897672208326902 ], [ -96.926555340944603, 32.897681592868899 ], [ -96.926293937485099, 32.897698243979598 ], [ -96.926139129015596, 32.897704032193303 ], [ -96.926016446995504, 32.897701997191902 ], [ -96.925831312300303, 32.897692504038297 ], [ -96.925499174596993, 32.897664906304797 ], [ -96.925137812002603, 32.897623967149201 ], [ -96.924900544478206, 32.897612908889997 ], [ -96.9247019107992, 32.8976183765473 ], [ -96.9244535149451, 32.897633123154499 ], [ -96.924337865835398, 32.897630725350801 ], [ -96.924219270251598, 32.897613128380797 ], [ -96.924049978244696, 32.8975957674919 ], [ -96.923863169988095, 32.897574261164699 ], [ -96.923635775847004, 32.897566831663802 ], [ -96.923386753867106, 32.897569823075102 ], [ -96.923221721671297, 32.897599641390897 ], [ -96.923077145012797, 32.897648854827203 ], [ -96.922959002179894, 32.897699999149403 ], [ -96.922868020807996, 32.897754051123997 ], [ -96.922800223156798, 32.897803270508703 ], [ -96.922677365965299, 32.897906992795797 ], [ -96.922578741726895, 32.898030168840798 ], [ -96.922450138910804, 32.898227569811297 ], [ -96.922410323780795, 32.898323906665297 ], [ -96.922355432225402, 32.898469087563598 ], [ -96.922312199005702, 32.8986322903949 ], [ -96.922291493736694, 32.8987951542655 ], [ -96.9222882607, 32.898976733095303 ], [ -96.922316473189795, 32.899119782164902 ], [ -96.922345327974995, 32.899283726732897 ], [ -96.922403404956498, 32.899419247154597 ], [ -96.922482877112998, 32.899516979578799 ], [ -96.922578395875504, 32.8995976116137 ], [ -96.922695285558603, 32.899652317870299 ], [ -96.922839652909602, 32.899702761849703 ], [ -96.923000548363504, 32.899743331218197 ], [ -96.923092013029105, 32.899758527756099 ], [ -96.923195206997406, 32.899755961813199 ], [ -96.923374286149198, 32.899700926769398 ], [ -96.9235312200328, 32.899628370546402 ], [ -96.923668176282604, 32.899541338751803 ], [ -96.923802411535604, 32.899436963691201 ], [ -96.923942392412997, 32.899347932948899 ], [ -96.924063399075095, 32.899246984971398 ], [ -96.924222808715498, 32.899143921205898 ], [ -96.924627492564497, 32.8989399451971 ], [ -96.925506746496595, 32.898888821201503 ], [ -96.926653090223894, 32.899316567502403 ], [ -96.927195353753604, 32.900090510515497 ], [ -96.927342960429499, 32.900328070213 ], [ -96.927501163632499, 32.901426932311502 ], [ -96.927509487421901, 32.901484747885704 ], [ -96.9270621928857, 32.902174820291002 ], [ -96.926933901785105, 32.902343470083103 ], [ -96.926872652852396, 32.902467235039602 ], [ -96.926820743703701, 32.902547318331997 ], [ -96.926790835194595, 32.902593460092803 ], [ -96.926803252606803, 32.9026022173556 ], [ -96.9267904650887, 32.902627052347597 ], [ -96.926737978323303, 32.902778732845597 ], [ -96.926692692453202, 32.902937158058599 ], [ -96.926672252187203, 32.903097558282496 ], [ -96.926666375408601, 32.903230866786998 ], [ -96.926679736950206, 32.903378571540003 ], [ -96.926720561786595, 32.903542765410997 ], [ -96.926755870068803, 32.903782456299297 ], [ -96.926914018474605, 32.904119207163497 ], [ -96.926970914171406, 32.9042086599908 ], [ -96.927020093340005, 32.904305010702402 ], [ -96.927079758542803, 32.9044112783617 ], [ -96.927127576763695, 32.904502682022297 ], [ -96.927177383854598, 32.904592971629 ], [ -96.927225874913702, 32.904680510563402 ], [ -96.927283484771095, 32.904761420723098 ], [ -96.927328634097293, 32.904821964332697 ], [ -96.927398611061307, 32.904895127958099 ], [ -96.927455528317694, 32.904963921682203 ], [ -96.927543114956293, 32.905045322567403 ], [ -96.927628065937697, 32.905117349429297 ], [ -96.927720198051603, 32.905188265297298 ], [ -96.927802521460904, 32.905250930175697 ], [ -96.9278978731367, 32.905311361075 ], [ -96.927991907882301, 32.905365182899203 ], [ -96.928101628111094, 32.905431655593603 ], [ -96.928198931826103, 32.905492083352797 ], [ -96.928301419718494, 32.905539283979202 ], [ -96.928387666070606, 32.905603599543397 ], [ -96.928512379181498, 32.905672232073499 ], [ -96.928620102455398, 32.905724376349603 ], [ -96.928723856972397, 32.9057588913047 ], [ -96.928809982950298, 32.9057824048176 ], [ -96.928948919985402, 32.905811879472701 ], [ -96.929079402077093, 32.905839722042899 ], [ -96.929238570070694, 32.905880168683403 ], [ -96.929378188028807, 32.905912955721703 ], [ -96.929495620294304, 32.905943584248199 ], [ -96.929626735698207, 32.905974732402697 ], [ -96.929791127395205, 32.906006346637099 ], [ -96.929884428217207, 32.906030956679402 ], [ -96.930010997247507, 32.906060457648401 ], [ -96.930119291849905, 32.906086693712602 ], [ -96.9302099920492, 32.906120679084303 ], [ -96.930321627486194, 32.906173918935401 ], [ -96.930422836177698, 32.906228808922997 ], [ -96.930526666153199, 32.906280412871297 ], [ -96.930690878187093, 32.9063746058563 ], [ -96.930880570035796, 32.906478658243799 ], [ -96.931045756741796, 32.9065626536498 ], [ -96.931198835056094, 32.906640481990799 ], [ -96.9317425125341, 32.907249076971397 ], [ -96.931821400785694, 32.907337384807001 ], [ -96.931816107911999, 32.907450698146803 ], [ -96.931807405931906, 32.907636992452801 ], [ -96.931803434480003, 32.907722016212396 ], [ -96.931246479003804, 32.908461107163902 ], [ -96.931223330317295, 32.908700146711602 ], [ -96.931217204705405, 32.908710969793901 ], [ -96.931186070894299, 32.908988888990599 ], [ -96.931177715663793, 32.909121699172204 ], [ -96.931175478858705, 32.909187504627099 ], [ -96.931175756438194, 32.909191406677301 ], [ -96.931156647475404, 32.909388732994202 ], [ -96.931093864220202, 32.909379339134503 ], [ -96.930921134360801, 32.909353495456898 ], [ -96.930904277474497, 32.909252661451497 ], [ -96.930877878683205, 32.909058649391802 ], [ -96.930861516768601, 32.908944788322003 ], [ -96.930917524031599, 32.908672516962397 ], [ -96.930948648859598, 32.908525724536702 ], [ -96.930958881568998, 32.9084339411556 ], [ -96.930982106612404, 32.908356949259598 ], [ -96.931036352279094, 32.908250651643698 ], [ -96.9312176179304, 32.9079674290304 ], [ -96.931333183496804, 32.907790192331802 ], [ -96.931345915319298, 32.907577323353003 ], [ -96.931160706063906, 32.907316563379297 ], [ -96.930787650099404, 32.907035594294697 ], [ -96.930305904273794, 32.906727134995101 ], [ -96.929658152478595, 32.9063162308492 ], [ -96.929351231383706, 32.906165288729902 ], [ -96.928945056331401, 32.9060529541945 ], [ -96.928659788228003, 32.905921537683298 ], [ -96.928242426455498, 32.905659225224802 ], [ -96.927870178076503, 32.905471716271798 ], [ -96.927518609813603, 32.905265219976101 ], [ -96.927256520939594, 32.904930677246497 ], [ -96.927038601329798, 32.904677745653402 ], [ -96.926862820791598, 32.904436382851998 ], [ -96.926484440512496, 32.903678357753499 ], [ -96.926357913703001, 32.903003250941502 ], [ -96.926361831256003, 32.902369649927699 ], [ -96.926652532370099, 32.901780909655898 ], [ -96.926937906474606, 32.9012168673584 ], [ -96.927107355686701, 32.900574348270503 ], [ -96.9271207585507, 32.900094817994798 ], [ -96.926702733821401, 32.899503989173603 ], [ -96.926168141006002, 32.899285563330302 ] ] ], [ [ [ -96.856102206959605, 32.915809021937697 ], [ -96.856228169627002, 32.907616431287103 ], [ -96.858815317645295, 32.9075787223547 ], [ -96.859093795383401, 32.907390177451802 ], [ -96.859471087802703, 32.906537949481802 ], [ -96.860423302003895, 32.906537949481802 ], [ -96.860486184073693, 32.905580125955503 ], [ -96.860809577576006, 32.905052187299098 ], [ -96.862435528240297, 32.905082355307101 ], [ -96.864016563140297, 32.905323699001201 ], [ -96.864007579987501, 32.906892416978899 ], [ -96.861609078178901, 32.906877333284498 ], [ -96.861375516205001, 32.906975377252103 ], [ -96.861132971078305, 32.907442970065098 ], [ -96.861321617287999, 32.907654140203498 ], [ -96.864007579987501, 32.907676765545602 ], [ -96.864016563140297, 32.909351024816601 ], [ -96.867124734023406, 32.908559149377702 ], [ -96.868229661822895, 32.909622523336601 ], [ -96.868741701534802, 32.909630064950299 ], [ -96.868741701534802, 32.909780897088801 ], [ -96.8724876762696, 32.909788438688999 ], [ -96.872442760505393, 32.909675314618802 ], [ -96.874005829099801, 32.909645148175699 ], [ -96.875757543903802, 32.908136812914201 ], [ -96.880725227425003, 32.908642108089097 ], [ -96.880850991564699, 32.908393231721597 ], [ -96.881614559556198, 32.9093434831792 ], [ -96.888190227435999, 32.909102150441797 ], [ -96.889537700362197, 32.908785400225803 ], [ -96.891855353795194, 32.907722016212396 ], [ -96.892214679908903, 32.908845733687698 ], [ -96.898577805494099, 32.908156651460601 ], [ -96.899248488583495, 32.908084020714703 ], [ -96.908789325434597, 32.907922054804096 ], [ -96.908789061329898, 32.907923425895802 ], [ -96.908642345782695, 32.9086857466027 ], [ -96.908633418325394, 32.908728715392598 ], [ -96.908632652062494, 32.908732396491502 ], [ -96.908589055025104, 32.908942172870198 ], [ -96.907998626524801, 32.911787397104902 ], [ -96.904887788543704, 32.911729467594697 ], [ -96.9046820590723, 32.911724963849899 ], [ -96.904733968220995, 32.911857589686903 ], [ -96.904762671190895, 32.911943330352699 ], [ -96.904774169626606, 32.9119776852679 ], [ -96.904810307952104, 32.912097731666897 ], [ -96.904840712331193, 32.912219078793399 ], [ -96.904849160986501, 32.912262152201997 ], [ -96.904885182531103, 32.912464310973 ], [ -96.905043927418205, 32.913241566597797 ], [ -96.905078264621594, 32.9132643775364 ], [ -96.904832414593002, 32.9132874478898 ], [ -96.904317107708295, 32.913366213735301 ], [ -96.903056659075304, 32.913663979008099 ], [ -96.902686872978506, 32.913743712062697 ], [ -96.902274936131903, 32.913807150651898 ], [ -96.901927396813093, 32.9138496403489 ], [ -96.901756267751495, 32.913867179795403 ], [ -96.901547805604906, 32.913882852778897 ], [ -96.900878522989004, 32.913888377499198 ], [ -96.900679847987504, 32.913894353186002 ], [ -96.900075258445099, 32.913912533629798 ], [ -96.900071987679198, 32.913833818042697 ], [ -96.898580963970602, 32.913842227296001 ], [ -96.898588051678203, 32.914400693891899 ], [ -96.894281874955794, 32.914370825428598 ], [ -96.894524129028397, 32.914957857622703 ], [ -96.894638068644099, 32.915324946176497 ], [ -96.894385848661798, 32.915322555638802 ], [ -96.894067266536098, 32.915382061909 ], [ -96.894048817835198, 32.915315393074799 ], [ -96.893015213574301, 32.915411749044203 ], [ -96.891594412968104, 32.915544190633298 ], [ -96.891615422765994, 32.913435218820801 ], [ -96.891349943650098, 32.913433657019802 ], [ -96.891379011335999, 32.909570789357801 ], [ -96.890233672823499, 32.909785172421998 ], [ -96.889559162012603, 32.909913902163701 ], [ -96.888468986346794, 32.910094980059398 ], [ -96.888207502038895, 32.9101369572031 ], [ -96.887839748829606, 32.9101981690904 ], [ -96.887639482013398, 32.910234066178198 ], [ -96.887439899713499, 32.910276842661098 ], [ -96.8867715234977, 32.910426250608097 ], [ -96.885027306931306, 32.910818750229097 ], [ -96.884196996809195, 32.911045768305698 ], [ -96.883103880059096, 32.911342221627102 ], [ -96.882794336781799, 32.911427544240901 ], [ -96.882406221459902, 32.911532466252503 ], [ -96.881878875353905, 32.911676812529102 ], [ -96.881498136997095, 32.911779073628701 ], [ -96.879855315073499, 32.911970763004398 ], [ -96.878524159146096, 32.912272324781199 ], [ -96.877154534663404, 32.912582995496301 ], [ -96.876965532720803, 32.912625889997599 ], [ -96.876897622780305, 32.912641498345202 ], [ -96.875366948333394, 32.913069629185898 ], [ -96.873918961113503, 32.913475458376702 ], [ -96.873427756027894, 32.913612816003202 ], [ -96.873407091183097, 32.913618594127101 ], [ -96.873093486622494, 32.9137024643614 ], [ -96.872542839116207, 32.9138272254771 ], [ -96.872212277057997, 32.913902628953501 ], [ -96.870945882476093, 32.914046886149301 ], [ -96.870694407197107, 32.914075211785402 ], [ -96.869759258291396, 32.914328256799003 ], [ -96.867493370276605, 32.914943907984799 ], [ -96.867299537194498, 32.9149832901794 ], [ -96.866321808144306, 32.915246747658998 ], [ -96.865812459785005, 32.915384387591402 ], [ -96.864741713780404, 32.915676163722097 ], [ -96.864254062430106, 32.915807894545303 ], [ -96.864005945952002, 32.915874740223899 ], [ -96.863757819592394, 32.9159415775569 ], [ -96.863477774294196, 32.916016248502402 ], [ -96.863198518615107, 32.916092299399601 ], [ -96.862950394052106, 32.916159137322303 ], [ -96.862702272184094, 32.916225977457003 ], [ -96.862454146722897, 32.916292814524702 ], [ -96.862205210981202, 32.9163596432468 ], [ -96.861960340116198, 32.916426519426999 ], [ -96.861711399883006, 32.9164933472941 ], [ -96.861463276218402, 32.9165601826517 ], [ -96.861184042098898, 32.916634852321302 ], [ -96.860904781928198, 32.916710901932802 ], [ -96.860656656466901, 32.916777737880302 ], [ -96.8605706894908, 32.916799971774999 ], [ -96.860514987654994, 32.916815731714699 ], [ -96.860459316361897, 32.916830119943803 ], [ -96.860408529208996, 32.916844573777297 ], [ -96.860346285841302, 32.916861618695002 ], [ -96.860284020913994, 32.916880048136399 ], [ -96.860222591419898, 32.9168971066211 ], [ -96.860161141264598, 32.916915537563199 ], [ -96.860099686617701, 32.916933974534302 ], [ -96.860037418097207, 32.916952391895002 ], [ -96.859975967043496, 32.916970826596099 ], [ -96.859915327168594, 32.916989274113099 ], [ -96.859849775305705, 32.917009030741198 ], [ -96.8597899528976, 32.917027485791102 ], [ -96.859730940770007, 32.917045949132302 ], [ -96.859670278437207, 32.917065770600203 ], [ -96.859609642155505, 32.917084215080997 ], [ -96.859548162355793, 32.917104022966498 ], [ -96.859487473971797, 32.917125214616398 ], [ -96.8594268107407, 32.917145035312402 ], [ -96.859366144814601, 32.917164852987597 ], [ -96.859305458227297, 32.917186047639397 ], [ -96.859244794996101, 32.917205863043101 ], [ -96.859184100323901, 32.917227056176898 ], [ -96.859123411940004, 32.917248247797403 ], [ -96.859063538328002, 32.9172694492161 ], [ -96.859002849944005, 32.917290640826401 ], [ -96.858942946687606, 32.917313222230398 ], [ -96.858587696230401, 32.917444617307197 ], [ -96.857684469856594, 32.917949526046598 ], [ -96.857638468927505, 32.917969540359202 ], [ -96.857392066434997, 32.918074876152602 ], [ -96.857170332578505, 32.9181681697805 ], [ -96.856892873529901, 32.918286512595103 ], [ -96.856429491065398, 32.918484155714701 ], [ -96.856112440567301, 32.918620173100898 ], [ -96.856073161731501, 32.9186400236255 ], [ -96.8560585632098, 32.9186474015887 ], [ -96.856102206959605, 32.915809021937697 ] ] ] ] } },
{ "type": "Feature", "properties": { "OBJECTID": 35, "SHAPEarea": 96566868.116099998, "SHAPElen": 58431.248660099998, "ZipCode": 75233, "Shape__Area": 12711889.8203125, "Shape__Length": 21099.211632028098 }, "geometry": { "type": "Polygon", "coordinates": [ [ [ -96.856964788159999, 32.717578859716703 ], [ -96.857117501758296, 32.715938773685401 ], [ -96.856973771312894, 32.715946331754701 ], [ -96.856964788159999, 32.715145172843201 ], [ -96.857117501758296, 32.715145172843201 ], [ -96.857189366981004, 32.705817944327997 ], [ -96.857126484911106, 32.703331022642303 ], [ -96.8569917376185, 32.703300786085997 ], [ -96.856973771312894, 32.694864386691897 ], [ -96.856982747279204, 32.691241404647798 ], [ -96.856982754465704, 32.691235582567103 ], [ -96.857144499725905, 32.691235787447397 ], [ -96.880850991564699, 32.691265823210898 ], [ -96.881767273154495, 32.689572331379999 ], [ -96.882701521049995, 32.689784019615601 ], [ -96.883231527067693, 32.689640374081897 ], [ -96.8837435667796, 32.689292599727501 ], [ -96.8843274717143, 32.689579891682797 ], [ -96.891397213000303, 32.689572331379999 ], [ -96.891361280388907, 32.691386785683903 ], [ -96.891515542682797, 32.691448607272598 ], [ -96.8915499265986, 32.691462387146402 ], [ -96.8915499265986, 32.691658950649 ], [ -96.891478061375906, 32.695552330840201 ], [ -96.891298398319094, 32.695544771043203 ], [ -96.891298398319094, 32.697419581088198 ], [ -96.890948055358294, 32.699112924055797 ], [ -96.8913163646247, 32.701078371141797 ], [ -96.891334330930405, 32.705742355024498 ], [ -96.891487044528702, 32.705742355024498 ], [ -96.891334330930405, 32.705840621106503 ], [ -96.891325347777595, 32.706793040601198 ], [ -96.890238386283798, 32.706808158289 ], [ -96.889609565584905, 32.707231452507102 ], [ -96.889573632973494, 32.707548921852798 ], [ -96.889178374248502, 32.707753008692897 ], [ -96.888621418772402, 32.708508881811802 ], [ -96.888235143200205, 32.708629820916499 ], [ -96.888037513837702, 32.708886815969798 ], [ -96.887768019252505, 32.708932167961201 ], [ -96.887264962693393, 32.709688031090003 ], [ -96.886788855592798, 32.709786292826401 ], [ -96.886465462090499, 32.710428770743199 ], [ -96.885998338142798, 32.710549707245399 ], [ -96.885674944640499, 32.710897398775899 ], [ -96.884336454867096, 32.710935191251998 ], [ -96.884031027670503, 32.710663085067303 ], [ -96.883644752098405, 32.710685760614403 ], [ -96.882063717198307, 32.710156663013898 ], [ -96.881713374237506, 32.709672913890202 ], [ -96.8817852394602, 32.708637379605101 ], [ -96.880931839940303, 32.707836155049399 ], [ -96.880868957870405, 32.708206533332699 ], [ -96.881452862805105, 32.709045547838699 ], [ -96.881300149206794, 32.7104514463499 ], [ -96.882036767739805, 32.712628277752202 ], [ -96.881911003599996, 32.713489925507702 ], [ -96.881192351372704, 32.714721916173602 ], [ -96.881174385066998, 32.715303893576497 ], [ -96.881373864060706, 32.715840963140998 ], [ -96.881398963888103, 32.715908541401802 ], [ -96.881383973700906, 32.715926026244297 ], [ -96.881003705162996, 32.716369582614199 ], [ -96.881102519844305, 32.716671903426899 ], [ -96.875649746069698, 32.718448017506702 ], [ -96.8729548002173, 32.719135779841501 ], [ -96.870125107072397, 32.720261884739998 ], [ -96.861061105855597, 32.7234058338815 ], [ -96.859291424745905, 32.724154016988003 ], [ -96.857090552299795, 32.725332959445602 ], [ -96.8571085186055, 32.717586417647098 ], [ -96.856964788159999, 32.717578859716703 ] ], [ [ -96.859093795383401, 32.714971335525497 ], [ -96.860108891654406, 32.7145178452759 ], [ -96.860656863977695, 32.714495170702897 ], [ -96.860701779741902, 32.714638776234601 ], [ -96.863208079384606, 32.713822489081899 ], [ -96.865849126319901, 32.711320673592802 ], [ -96.865912008389799, 32.705349289614396 ], [ -96.863989613681795, 32.706226125459999 ], [ -96.8627229891312, 32.706558716112902 ], [ -96.862237898877794, 32.706830834815797 ], [ -96.861833656999906, 32.706672099006603 ], [ -96.861249752065206, 32.706687216714897 ], [ -96.859848380222004, 32.706226125459999 ], [ -96.859129727994699, 32.705598735171598 ], [ -96.858617688282806, 32.7058028264724 ], [ -96.860261605252703, 32.714207958945998 ], [ -96.857584625706096, 32.714200400729403 ], [ -96.857647507775894, 32.714684125301801 ], [ -96.857964686733098, 32.7149055667334 ], [ -96.858069715959502, 32.7149788936768 ], [ -96.859093795383401, 32.714971335525497 ] ] ] } },
{ "type": "Feature", "properties": { "OBJECTID": 36, "SHAPEarea": 230440988.39700001, "SHAPElen": 93775.586806899999, "ZipCode": 75232, "Shape__Area": 29635817.417968798, "Shape__Length": 29575.174381915 }, "geometry": { "type": "Polygon", "coordinates": [ [ [ -96.846229920514801, 32.6913641052328 ], [ -96.844316508959594, 32.691220462241297 ], [ -96.841334102216294, 32.691220462241297 ], [ -96.841298169604997, 32.689670615266103 ], [ -96.841082573936802, 32.689353082321198 ], [ -96.840696298364605, 32.689179194753798 ], [ -96.8401213765828, 32.689179194753798 ], [ -96.840381888015202, 32.691220462241297 ], [ -96.834426057681398, 32.691175101248596 ], [ -96.832943837462693, 32.690698809433997 ], [ -96.827086821810198, 32.6881736643533 ], [ -96.821310654533306, 32.6865405983702 ], [ -96.822577279083902, 32.684431177271001 ], [ -96.822406599179899, 32.680272674331398 ], [ -96.821337603991793, 32.680318040862701 ], [ -96.821283705074805, 32.679312410680303 ], [ -96.821319637686102, 32.678299207918201 ], [ -96.822244902428807, 32.678276524142703 ], [ -96.822047273066303, 32.674843646389697 ], [ -96.822442531791296, 32.674843646389697 ], [ -96.8224335486385, 32.671009858263403 ], [ -96.822819824210598, 32.666283561688999 ], [ -96.822505413861194, 32.663908975945198 ], [ -96.822568295931106, 32.6659508209911 ], [ -96.822325750804396, 32.668446346025497 ], [ -96.821283705074805, 32.668446346025497 ], [ -96.821301671380496, 32.6623208419904 ], [ -96.822505413861194, 32.662343529817001 ], [ -96.822505413861194, 32.66221496539 ], [ -96.822909655738997, 32.662207402770903 ], [ -96.822900672586201, 32.659371375490998 ], [ -96.822568295931106, 32.661148629779397 ], [ -96.820412339249202, 32.661027626353203 ], [ -96.816917892793995, 32.6612318195398 ], [ -96.8169089096411, 32.662199840151096 ], [ -96.814555323596693, 32.662222528008499 ], [ -96.815264992671203, 32.661594828497698 ], [ -96.815669234549006, 32.661488951037299 ], [ -96.815875847064405, 32.661178880610301 ], [ -96.817618578715596, 32.660626801333798 ], [ -96.817852140689396, 32.660195723363501 ], [ -96.819307411449699, 32.660180597782997 ], [ -96.820681833834399, 32.6600066534224 ], [ -96.821589132271399, 32.659719266346002 ], [ -96.822029306760598, 32.658713404302198 ], [ -96.822604228542403, 32.658214250514497 ], [ -96.822891689433405, 32.658176435720002 ], [ -96.823179150324293, 32.654062090533898 ], [ -96.823116268254395, 32.633237877686703 ], [ -96.831596364536495, 32.633200052330203 ], [ -96.831580206539499, 32.632682476535102 ], [ -96.831690629250801, 32.632681287298801 ], [ -96.831918044053197, 32.632681589903399 ], [ -96.832135716626297, 32.632681766927199 ], [ -96.832298170657296, 32.632681201813 ], [ -96.832525614205693, 32.632680132861999 ], [ -96.832769318159094, 32.632677905691502 ], [ -96.833013002349603, 32.632677056885399 ], [ -96.833256708997993, 32.632674831984403 ], [ -96.833500389595201, 32.632673978639197 ], [ -96.833727859194894, 32.632671534349697 ], [ -96.833890313225794, 32.632670966965897 ], [ -96.834150209312199, 32.6326717045648 ], [ -96.8344101314498, 32.632671067581903 ], [ -96.834670027536205, 32.6326718074504 ], [ -96.834749634440101, 32.6326715010632 ], [ -96.835520932434605, 32.6326622027767 ], [ -96.835522449689094, 32.633045357802899 ], [ -96.8400113221807, 32.633019733339999 ], [ -96.840013578748696, 32.6331546618812 ], [ -96.857171400675398, 32.633071445998198 ], [ -96.857184099260195, 32.636475668941301 ], [ -96.857198350133899, 32.640295809334603 ], [ -96.859300407898701, 32.640295809334603 ], [ -96.859300407898701, 32.642028056861399 ], [ -96.859453121496998, 32.6427164079183 ], [ -96.859839397069194, 32.643147570167798 ], [ -96.861770774929994, 32.644025016747698 ], [ -96.8605580492965, 32.646006804069202 ], [ -96.859147694300404, 32.6455075793398 ], [ -96.857126484911106, 32.645031044043897 ], [ -96.857135468064001, 32.645636167794102 ], [ -96.859471087802703, 32.646241287450003 ], [ -96.859770541202707, 32.646357940433802 ], [ -96.861853313935001, 32.6471692879743 ], [ -96.862597224991404, 32.647459078346003 ], [ -96.862848753270995, 32.647580100137901 ], [ -96.858761418728207, 32.647625483267603 ], [ -96.858770401881102, 32.648102004739101 ], [ -96.859255492134494, 32.649100422445699 ], [ -96.859363289968599, 32.649811410077398 ], [ -96.857207333286695, 32.649849228410098 ], [ -96.857180383828194, 32.652594796631199 ], [ -96.857000720771396, 32.652594796631199 ], [ -96.857216316439604, 32.663303975861403 ], [ -96.857027670229897, 32.663311538387703 ], [ -96.857045636535602, 32.664461034947898 ], [ -96.857198350133899, 32.664468597376299 ], [ -96.857189366981004, 32.668400973465097 ], [ -96.857018687077101, 32.668446346025497 ], [ -96.857189366981004, 32.675418322343802 ], [ -96.8571085186055, 32.685119201814999 ], [ -96.856955805007203, 32.685111641134498 ], [ -96.856982754465704, 32.688498761886898 ], [ -96.857162417522503, 32.688498761886898 ], [ -96.857144499725905, 32.691235787447397 ], [ -96.857144451216797, 32.691243142729 ], [ -96.856982747279204, 32.691241404647798 ], [ -96.852221683459803, 32.691190221582097 ], [ -96.846607212934103, 32.691273383370302 ], [ -96.846229920514801, 32.6913641052328 ] ] ] } },
{ "type": "Feature", "properties": { "OBJECTID": 37, "SHAPEarea": 157826643.74399999, "SHAPElen": 67474.1463143, "ZipCode": 75231, "Shape__Area": 20839030.421875, "Shape__Length": 24484.407903335399 }, "geometry": { "type": "MultiPolygon", "coordinates": [ [ [ [ -96.770699571425993, 32.878553166442202 ], [ -96.7708612681771, 32.878500356609997 ], [ -96.770987032316896, 32.878839847839402 ], [ -96.770972734730805, 32.879041969737997 ], [ -96.770933133399893, 32.879601812309097 ], [ -96.771157712220898, 32.879820592976102 ], [ -96.771418223653299, 32.8798658578743 ], [ -96.771418223653299, 32.880031828969798 ], [ -96.770717537731699, 32.880016740701201 ], [ -96.770699571425993, 32.878553166442202 ] ] ], [ [ [ -96.764231701380297, 32.900376021798102 ], [ -96.763333386096207, 32.8985130290218 ], [ -96.762309306672293, 32.898377262834103 ], [ -96.761464890305206, 32.898083102046797 ], [ -96.756982297037496, 32.8954506966423 ], [ -96.757009246495997, 32.8956015529333 ], [ -96.753137507621503, 32.893557428345503 ], [ -96.751520540110107, 32.893316052586698 ], [ -96.747810497986606, 32.893904404846502 ], [ -96.745340130955299, 32.893979834340797 ], [ -96.742752982937006, 32.893663030033103 ], [ -96.740740756700603, 32.893127477317499 ], [ -96.741549240456294, 32.891151184349901 ], [ -96.7417109372075, 32.891181357093103 ], [ -96.741791785583004, 32.8903440596576 ], [ -96.741019234438696, 32.8903516029131 ], [ -96.740920419757401, 32.891219073007498 ], [ -96.740776689312, 32.891294504788199 ], [ -96.736815118909007, 32.891256788905899 ], [ -96.736644439005005, 32.892539119897798 ], [ -96.7367702031448, 32.892999245905202 ], [ -96.734290852960598, 32.894349437934501 ], [ -96.733141009397002, 32.894530467703497 ], [ -96.728514685683706, 32.894575725087897 ], [ -96.728038578583195, 32.896966790683798 ], [ -96.726610257281394, 32.896921534520999 ], [ -96.727113313840505, 32.895390354053902 ], [ -96.727194162216094, 32.894583267983002 ], [ -96.721876135734107, 32.894553096398603 ], [ -96.722810383629593, 32.893904404846502 ], [ -96.726098217569501, 32.891053122863802 ], [ -96.729520798802, 32.8892578241663 ], [ -96.730499962461707, 32.888254553167101 ], [ -96.730895221186699, 32.887515293582801 ], [ -96.731092850549203, 32.8860367559111 ], [ -96.730122670042306, 32.882702412043898 ], [ -96.730096836291395, 32.8822728519241 ], [ -96.730032838513907, 32.881208706004401 ], [ -96.730787423352595, 32.878175952664698 ], [ -96.730760473894094, 32.874909214207797 ], [ -96.730796079518697, 32.874664710212599 ], [ -96.730834556158896, 32.8744004869449 ], [ -96.730913187492405, 32.873860512826703 ], [ -96.731126071146704, 32.873395647451296 ], [ -96.7332038914669, 32.868858262880003 ], [ -96.733250155602306, 32.868654879611199 ], [ -96.733626099650394, 32.867002152655402 ], [ -96.734075257292403, 32.861237400040601 ], [ -96.732727784366304, 32.855570373579098 ], [ -96.732694243968496, 32.855211139813697 ], [ -96.732691851754893, 32.855185515778601 ], [ -96.733167958855503, 32.855004405647698 ], [ -96.733105076785606, 32.854838387702898 ], [ -96.732664902296406, 32.855004405647698 ], [ -96.732584053920803, 32.854340332004497 ], [ -96.732625689037604, 32.854120484802003 ], [ -96.732767431511306, 32.853372032789899 ], [ -96.732835582200394, 32.853012169806398 ], [ -96.732969667434602, 32.8528323788859 ], [ -96.733769830095895, 32.851759453149903 ], [ -96.734030341528296, 32.852159418823703 ], [ -96.733769830095895, 32.852725404903801 ], [ -96.7336710154146, 32.854619545391898 ], [ -96.734632212768602, 32.854279961426798 ], [ -96.736015618306197, 32.854113942126403 ], [ -96.741055167050106, 32.855011951910498 ], [ -96.743220106884806, 32.8528838803593 ], [ -96.744432832518299, 32.855645835697203 ], [ -96.745991245144594, 32.855998799846802 ], [ -96.747794048935503, 32.856407113574399 ], [ -96.748258244375407, 32.8565122478973 ], [ -96.748897459480403, 32.856657021886399 ], [ -96.749220444249303, 32.856791295980798 ], [ -96.750099054987601, 32.857156559457501 ], [ -96.7506581574373, 32.8573889927574 ], [ -96.751217831215499, 32.857736894885598 ], [ -96.751818909243497, 32.858110532791798 ], [ -96.752005630363499, 32.8582266014986 ], [ -96.753825868657401, 32.859616152809203 ], [ -96.753825914471506, 32.859616187520103 ], [ -96.759898494351106, 32.8642517755599 ], [ -96.760081484767696, 32.864391460328903 ], [ -96.761033698968902, 32.864927186697898 ], [ -96.761932014253006, 32.865244093730801 ], [ -96.762526591173199, 32.865330440892002 ], [ -96.763607303087596, 32.865487387018803 ], [ -96.763854408960995, 32.865523272797802 ], [ -96.770376177923694, 32.8656062718103 ], [ -96.7702830343069, 32.877379912407399 ], [ -96.770262112543904, 32.880024240325397 ], [ -96.770262111645593, 32.880024302187302 ], [ -96.770214481172601, 32.886044299533303 ], [ -96.770052784421495, 32.8877415981922 ], [ -96.770295329548105, 32.887771772096499 ], [ -96.769630576237901, 32.892222310437901 ], [ -96.769558711015193, 32.8938516041623 ], [ -96.770537874674901, 32.8938516041623 ], [ -96.771085846998204, 32.895284754425397 ], [ -96.771013981775397, 32.895518582005003 ], [ -96.770816352412993, 32.895541210447703 ], [ -96.7708612681771, 32.896242689304103 ], [ -96.769495828945296, 32.896378458763699 ], [ -96.7694868457925, 32.898045389054701 ], [ -96.769208368054393, 32.898166070572898 ], [ -96.769208368054393, 32.8987166779131 ], [ -96.769199968806504, 32.898716516502702 ], [ -96.766064264559901, 32.898656337549703 ], [ -96.765426460708198, 32.901175512753703 ], [ -96.764716791633802, 32.9010171236093 ], [ -96.764231701380297, 32.900376021798102 ] ] ] ] } },
{ "type": "Feature", "properties": { "OBJECTID": 38, "SHAPEarea": 203076180.96000001, "SHAPElen": 71658.919245199999, "ZipCode": 75230, "Shape__Area": 26853717.0, "Shape__Length": 25997.459473017701 }, "geometry": { "type": "Polygon", "coordinates": [ [ [ -96.801502802518499, 32.925073941719504 ], [ -96.795546972184795, 32.924478256211501 ], [ -96.799697188797396, 32.924417933404797 ], [ -96.803586893977595, 32.925006079015901 ], [ -96.803559944519094, 32.922547905999302 ], [ -96.7972627543774, 32.922540365486199 ], [ -96.797235804918898, 32.924161561017499 ], [ -96.786159577465696, 32.924025834158797 ], [ -96.786168560618506, 32.924855272821702 ], [ -96.7809762982763, 32.924350070198102 ], [ -96.780809824284503, 32.924075215384299 ], [ -96.779889336782503, 32.922555446511701 ], [ -96.7793683139178, 32.922201041732301 ], [ -96.777742363253495, 32.921748608036403 ], [ -96.777131508860293, 32.921024709311503 ], [ -96.776987778414806, 32.920248019719601 ], [ -96.777149475165999, 32.918890681737402 ], [ -96.776808115357994, 32.918325118100697 ], [ -96.776053530519405, 32.917706764388797 ], [ -96.775676238100004, 32.917005455560201 ], [ -96.775864884309698, 32.9154519990132 ], [ -96.775703187558506, 32.914531977912098 ], [ -96.775999631602303, 32.913559158313703 ], [ -96.773385534125495, 32.9134762042098 ], [ -96.772523151452802, 32.913679818689602 ], [ -96.772343488395904, 32.913544075755098 ], [ -96.771022964928306, 32.913544075755098 ], [ -96.770960082858394, 32.910504887776703 ], [ -96.771031948081102, 32.910399306170099 ], [ -96.771723650849907, 32.910323890659797 ], [ -96.771517038334594, 32.909750730681701 ], [ -96.769352098499795, 32.910406847717603 ], [ -96.769397014264001, 32.909358566453399 ], [ -96.769040427113694, 32.909351082133099 ], [ -96.769037688150405, 32.909351024816601 ], [ -96.769199968806504, 32.898716516502702 ], [ -96.769208368054393, 32.898166070572898 ], [ -96.7694868457925, 32.898045389054701 ], [ -96.769495828945296, 32.896378458763699 ], [ -96.7708612681771, 32.896242689304103 ], [ -96.770816352412993, 32.895541210447703 ], [ -96.771013981775397, 32.895518582005003 ], [ -96.771085846998204, 32.895284754425397 ], [ -96.770537874674901, 32.8938516041623 ], [ -96.769558711015193, 32.8938516041623 ], [ -96.769630576237901, 32.892222310437901 ], [ -96.770295329548105, 32.887771772096499 ], [ -96.770052784421495, 32.8877415981922 ], [ -96.770214481172601, 32.886044299533303 ], [ -96.770259396936794, 32.880024284835798 ], [ -96.770262111645593, 32.880024302187302 ], [ -96.771418223653299, 32.880031828969798 ], [ -96.771418223653299, 32.8798658578743 ], [ -96.771157712220898, 32.879820592976102 ], [ -96.770933133399893, 32.879601812309097 ], [ -96.770987032316896, 32.879111439886799 ], [ -96.771391274194798, 32.879111439886799 ], [ -96.771490088876007, 32.878945467067901 ], [ -96.772334505243094, 32.878945467067901 ], [ -96.772455568498998, 32.878889547737501 ], [ -96.772613981009499, 32.878816376966498 ], [ -96.772693831356705, 32.878779493938097 ], [ -96.773358584666994, 32.878191041246602 ], [ -96.773637062405101, 32.877059390475203 ], [ -96.774472495619307, 32.876704803594201 ], [ -96.775164198388097, 32.876878325011099 ], [ -96.775155215235202, 32.8771951893306 ], [ -96.774203001034095, 32.877157467447198 ], [ -96.773933506448799, 32.877285721785299 ], [ -96.773708927627794, 32.878183496955998 ], [ -96.774032321130093, 32.878522989399002 ], [ -96.775092333165304, 32.878711595749998 ], [ -96.774912670108506, 32.880024284835798 ], [ -96.783985654478101, 32.880016740701201 ], [ -96.793220335598903, 32.879752695585502 ], [ -96.793265251363096, 32.879413207852402 ], [ -96.793615594323896, 32.879051086170399 ], [ -96.796247658106395, 32.879134072519903 ], [ -96.796485348737306, 32.879851211664601 ], [ -96.796490203233105, 32.8798658578743 ], [ -96.796490203233105, 32.879971475880097 ], [ -96.809587640075506, 32.8800770937601 ], [ -96.808482712276103, 32.889461494335301 ], [ -96.8085186448874, 32.891498170275398 ], [ -96.8086221317065, 32.892202338580802 ], [ -96.808705520517705, 32.892769748928998 ], [ -96.808779156319801, 32.893270794558703 ], [ -96.808905489093206, 32.893642882749504 ], [ -96.810880421770605, 32.899459461402202 ], [ -96.811716647298894, 32.9019222006185 ], [ -96.814438542609807, 32.9094490660449 ], [ -96.814445712962396, 32.909453831599897 ], [ -96.814616890533003, 32.909567600761498 ], [ -96.814654138278001, 32.9095923568755 ], [ -96.818831304349104, 32.921484687312201 ], [ -96.818759877504306, 32.9214989284946 ], [ -96.815049397002994, 32.922238744435901 ], [ -96.815040413850198, 32.9244933369067 ], [ -96.811240540198298, 32.924478256211501 ], [ -96.811330371726697, 32.926061715178903 ], [ -96.805895564257796, 32.925956152129302 ], [ -96.803577910824799, 32.925647002474001 ], [ -96.803586893977595, 32.925428334992503 ], [ -96.801502802518499, 32.925073941719504 ] ] ] } },
{ "type": "Feature", "properties": { "OBJECTID": 39, "SHAPEarea": 350091667.66399997, "SHAPElen": 118092.043404, "ZipCode": 75229, "Shape__Area": 46147023.332031302, "Shape__Length": 41831.461055876898 }, "geometry": { "type": "Polygon", "coordinates": [ [ [ -96.868229661822895, 32.909622523336601 ], [ -96.867124734023406, 32.908559149377702 ], [ -96.864016563140297, 32.909351024816601 ], [ -96.864007579987501, 32.907676765545602 ], [ -96.861321617287999, 32.907654140203498 ], [ -96.861132971078305, 32.907442970065098 ], [ -96.861375516205001, 32.906975377252103 ], [ -96.861609078178901, 32.906877333284498 ], [ -96.864007579987501, 32.906892416978899 ], [ -96.864016563140297, 32.905323699001201 ], [ -96.862435528240297, 32.905082355307101 ], [ -96.860809577576006, 32.905052187299098 ], [ -96.860486184073693, 32.905580125955503 ], [ -96.860423302003895, 32.906537949481802 ], [ -96.859471087802703, 32.906537949481802 ], [ -96.859093795383401, 32.907390177451802 ], [ -96.858815317645295, 32.9075787223547 ], [ -96.856228169627002, 32.907616431287103 ], [ -96.856165287557104, 32.909660231398597 ], [ -96.818373163554199, 32.909622523336601 ], [ -96.818373163554199, 32.908332897951396 ], [ -96.814636171972296, 32.908363064841602 ], [ -96.814923632863199, 32.909139858725403 ], [ -96.813881587133594, 32.907488220851398 ], [ -96.814654138278001, 32.9095923568755 ], [ -96.814625166711707, 32.909591005417802 ], [ -96.814492441526795, 32.909584815258597 ], [ -96.814445712962396, 32.909453831599897 ], [ -96.810880421770605, 32.899459461402202 ], [ -96.809084583516395, 32.8944248670498 ], [ -96.808905489093206, 32.893642882749504 ], [ -96.808705520517705, 32.892769748928998 ], [ -96.8086354258744, 32.8924636891768 ], [ -96.8086221317065, 32.892202338580802 ], [ -96.808482712276103, 32.889461494335301 ], [ -96.809587640075506, 32.8800770937601 ], [ -96.818184517344605, 32.880046917235802 ], [ -96.818831304349104, 32.878726684240803 ], [ -96.820160810969597, 32.878621064751599 ], [ -96.821068109406596, 32.877957167938199 ], [ -96.821086075712302, 32.876916047013303 ], [ -96.821130991476494, 32.880122358527203 ], [ -96.828784637697197, 32.880099726146497 ], [ -96.828793620850007, 32.879322677570599 ], [ -96.830698049252305, 32.878492812345598 ], [ -96.831192122658607, 32.878719139995702 ], [ -96.831587381383599, 32.8787342284852 ], [ -96.832359932527993, 32.878379648303898 ], [ -96.833213332047904, 32.878387192577797 ], [ -96.833608590772897, 32.878266484117702 ], [ -96.834228428318895, 32.878583343475 ], [ -96.834677585961003, 32.879051086170399 ], [ -96.834677585961003, 32.880182711514202 ], [ -96.853102032438301, 32.8802958732539 ], [ -96.853084066132595, 32.879458472958603 ], [ -96.8541261118622, 32.879413207852402 ], [ -96.854206960237804, 32.8785305336608 ], [ -96.856120371792898, 32.8785305336608 ], [ -96.856147321251498, 32.880386402541703 ], [ -96.857162417522503, 32.8805750049276 ], [ -96.865714379027295, 32.880801327260798 ], [ -96.865849126319901, 32.880793783192402 ], [ -96.865804210555694, 32.8804693876409 ], [ -96.876323482532797, 32.8805523726625 ], [ -96.876422297214006, 32.880914488210799 ], [ -96.877006202148706, 32.880914488210799 ], [ -96.876700774952099, 32.880039373103102 ], [ -96.877122983135607, 32.880914488210799 ], [ -96.878281809852197, 32.880929576326501 ], [ -96.878272826699302, 32.879692342305802 ], [ -96.8781290962539, 32.879352854341398 ], [ -96.883069830316501, 32.879300044985698 ], [ -96.883572886875598, 32.8809371203834 ], [ -96.883824415155203, 32.880952208495302 ], [ -96.883887297225101, 32.881155897754397 ], [ -96.885522231042202, 32.881253970193697 ], [ -96.886905636579698, 32.881027649016197 ], [ -96.900560028898298, 32.881005016866702 ], [ -96.900586978356898, 32.878017522399503 ], [ -96.900856472942095, 32.877436609004299 ], [ -96.902132080645501, 32.876214415145 ], [ -96.902347676313696, 32.875316620031597 ], [ -96.914214421216897, 32.875354342698301 ], [ -96.915139685959602, 32.874999748997098 ], [ -96.915885287645395, 32.8740340398111 ], [ -96.913450853225399, 32.886104648487397 ], [ -96.917645985602306, 32.886285695103403 ], [ -96.917574120379498, 32.888631724048302 ], [ -96.9187688797074, 32.888624180646403 ], [ -96.918822778624502, 32.886021668664803 ], [ -96.931058483174397, 32.886096558712502 ], [ -96.931147664322594, 32.886097104870402 ], [ -96.930317615610207, 32.886739467961903 ], [ -96.930231382732799, 32.886806202063802 ], [ -96.930159517510106, 32.886979703704498 ], [ -96.929970871300398, 32.887435143894997 ], [ -96.929943921841897, 32.8875002065883 ], [ -96.929970871300398, 32.887641211801899 ], [ -96.930047414949101, 32.888041705123797 ], [ -96.930060702828797, 32.888111227811301 ], [ -96.931003933877093, 32.890095131867099 ], [ -96.9308152876675, 32.8906835055176 ], [ -96.930087652287298, 32.891000320480202 ], [ -96.927823897771404, 32.8911436411626 ], [ -96.927401689587796, 32.891415195503797 ], [ -96.927051346626996, 32.8920111035019 ], [ -96.926934565640096, 32.892486318399797 ], [ -96.927024397168495, 32.893097305237198 ], [ -96.927239992836704, 32.893572514308602 ], [ -96.928201190190705, 32.894824640289002 ], [ -96.928380853247504, 32.895692066584601 ], [ -96.928328513805795, 32.895690605544203 ], [ -96.928247919653401, 32.895688355526801 ], [ -96.928250587649799, 32.8956664218138 ], [ -96.928256662956102, 32.895435689444398 ], [ -96.918464157688305, 32.895409544510102 ], [ -96.914286587375301, 32.895414715116097 ], [ -96.913596930968694, 32.895431073991404 ], [ -96.913011493508193, 32.895434372467598 ], [ -96.911926864040893, 32.8954338135445 ], [ -96.911686827908795, 32.895448852422597 ], [ -96.911356222731399, 32.895449323848901 ], [ -96.911122977862803, 32.895449653470102 ], [ -96.910401095293693, 32.899072907724801 ], [ -96.9106326746858, 32.899106108350203 ], [ -96.909644682383501, 32.903731771787598 ], [ -96.909141350939905, 32.906092930876198 ], [ -96.908789325434597, 32.907922054804096 ], [ -96.908789061329898, 32.907923425895802 ], [ -96.898577805494099, 32.908156651460601 ], [ -96.898125594478401, 32.908166979871297 ], [ -96.892214679908903, 32.908845733687698 ], [ -96.891855353795194, 32.907722016212396 ], [ -96.889537700362197, 32.908785400225803 ], [ -96.888190227435999, 32.909102150441797 ], [ -96.881614559556198, 32.9093434831792 ], [ -96.880850991564699, 32.908393231721597 ], [ -96.880725227425003, 32.908642108089097 ], [ -96.875757543903802, 32.908136812914201 ], [ -96.874005829099801, 32.909645148175699 ], [ -96.872442760505393, 32.909675314618802 ], [ -96.8724876762696, 32.909788438688999 ], [ -96.868741701534802, 32.909780897088801 ], [ -96.868741701534802, 32.909630064950299 ], [ -96.868229661822895, 32.909622523336601 ] ] ] } },
{ "type": "Feature", "properties": { "OBJECTID": 40, "SHAPEarea": 318411855.38099998, "SHAPElen": 119668.72635700001, "ZipCode": 75228, "Shape__Area": 41446262.1640625, "Shape__Length": 39162.6203173213 }, "geometry": { "type": "Polygon", "coordinates": [ [ [ -96.668118770717797, 32.867574747940701 ], [ -96.665831377035204, 32.866113517833099 ], [ -96.665201021115493, 32.865747698176101 ], [ -96.664370072291106, 32.865237166306102 ], [ -96.663961295717698, 32.864986292209103 ], [ -96.662752508298396, 32.864219943452603 ], [ -96.6624302924874, 32.863960995810302 ], [ -96.660611185172399, 32.862836205709499 ], [ -96.658410269607202, 32.861470615701997 ], [ -96.6575728834556, 32.860947056362299 ], [ -96.655636690624803, 32.859745700980099 ], [ -96.654571422546795, 32.859087009864503 ], [ -96.652357364628998, 32.8577096627657 ], [ -96.650773067946105, 32.856723929557099 ], [ -96.649819058012696, 32.856102651050101 ], [ -96.649206334225397, 32.855711237908402 ], [ -96.648922093794795, 32.855512277514599 ], [ -96.647237262156906, 32.8544753106573 ], [ -96.646488219923498, 32.853987362011402 ], [ -96.646006119263404, 32.853643962441403 ], [ -96.6455385156153, 32.853286572009999 ], [ -96.645107644079104, 32.852933978165098 ], [ -96.639644496559598, 32.8483092064753 ], [ -96.638887872545297, 32.8476664456987 ], [ -96.637177474854397, 32.846225252483499 ], [ -96.636926090305295, 32.845947894911397 ], [ -96.636686334447603, 32.845663304127498 ], [ -96.636570905425103, 32.845518401257998 ], [ -96.636349119466303, 32.845223606179701 ], [ -96.636119431926303, 32.844892054130597 ], [ -96.635946316689498, 32.844457828581398 ], [ -96.635396209070805, 32.843430948489903 ], [ -96.635358495100206, 32.843367101017897 ], [ -96.639680287237198, 32.839661526295203 ], [ -96.639698374815396, 32.839662991278097 ], [ -96.639827790606802, 32.839694209522598 ], [ -96.6404473784212, 32.839761462076403 ], [ -96.640667686651398, 32.839770482164198 ], [ -96.641125009979405, 32.839778523332797 ], [ -96.641171490608798, 32.839782287299897 ], [ -96.641193871235799, 32.839779733961102 ], [ -96.641210246625107, 32.839780021522998 ], [ -96.6416042872346, 32.839754405862799 ], [ -96.641889876036501, 32.839700319276297 ], [ -96.641899125988999, 32.8396992641268 ], [ -96.641900119525602, 32.839698379552203 ], [ -96.641968704101004, 32.839685390946997 ], [ -96.642364356288098, 32.839582479071503 ], [ -96.643492435469, 32.839133367053499 ], [ -96.643498127194704, 32.8391331949679 ], [ -96.647133665743397, 32.837698800314698 ], [ -96.647238751563606, 32.837792441237198 ], [ -96.647506648944301, 32.838020445695904 ], [ -96.647609108989002, 32.838107638279197 ], [ -96.647629130639999, 32.838124675700797 ], [ -96.647920266538804, 32.838372450449697 ], [ -96.648036561537097, 32.8384678975737 ], [ -96.648293252434598, 32.838690576939896 ], [ -96.648365994413098, 32.838753681313598 ], [ -96.648424151344599, 32.838804129759197 ], [ -96.648447560542493, 32.838785379153101 ], [ -96.648456827562995, 32.838793551739997 ], [ -96.648805709863197, 32.838498495820197 ], [ -96.648931474901303, 32.8383977562994 ], [ -96.6490711728094, 32.838286297442799 ], [ -96.649940569527899, 32.837563336486298 ], [ -96.6506861873834, 32.836937909153903 ], [ -96.652589914201499, 32.835354270839602 ], [ -96.653081272000705, 32.835788073707398 ], [ -96.653252450469594, 32.835928710546199 ], [ -96.653394006093805, 32.836050401243398 ], [ -96.653532405038007, 32.836167917049799 ], [ -96.653667572742194, 32.836284013703803 ], [ -96.653806721779702, 32.836404294731402 ], [ -96.653953169628906, 32.836526051197701 ], [ -96.654089908486498, 32.836644918189798 ], [ -96.654368155357602, 32.836888221975897 ], [ -96.654503411096599, 32.837000195837803 ], [ -96.654645847069801, 32.837119146730302 ], [ -96.654778631543493, 32.837232450973502 ], [ -96.654923480391503, 32.837352820534598 ], [ -96.655067404872995, 32.837478659034701 ], [ -96.655212954406906, 32.837604531321396 ], [ -96.655215260382306, 32.837602630044898 ], [ -96.655266057416597, 32.837646302784599 ], [ -96.657167760330395, 32.835987001335603 ], [ -96.659059203585301, 32.834421006903398 ], [ -96.6594701729463, 32.834679991699304 ], [ -96.660179842020796, 32.834755471581701 ], [ -96.660178826026197, 32.834718490976101 ], [ -96.660196571346304, 32.834718840447998 ], [ -96.660415274287104, 32.834708784262801 ], [ -96.660451688395398, 32.834706144731001 ], [ -96.660453026885193, 32.834681486956399 ], [ -96.660491369676507, 32.833995583239798 ], [ -96.660481315731801, 32.830858662566698 ], [ -96.660072804161402, 32.830858115313802 ], [ -96.660072044186705, 32.8308304326141 ], [ -96.659558065910403, 32.830857425397603 ], [ -96.658276708090796, 32.830855708155703 ], [ -96.658229471079906, 32.830855644749803 ], [ -96.658229459401795, 32.830844504943499 ], [ -96.658226244331402, 32.8278108092357 ], [ -96.6581798490419, 32.8262716730883 ], [ -96.658144500335496, 32.824850061434802 ], [ -96.6581301461555, 32.824288363520097 ], [ -96.658113573136902, 32.8239292711269 ], [ -96.658101761189201, 32.823439748183802 ], [ -96.658084651876294, 32.822774202604599 ], [ -96.658055461121094, 32.821593010490702 ], [ -96.658057719485797, 32.821496892984399 ], [ -96.658059957189096, 32.8214017258083 ], [ -96.661689011698101, 32.821394533006497 ], [ -96.661652109804507, 32.820030022741399 ], [ -96.661649070803904, 32.819068137589497 ], [ -96.662004639264794, 32.819048982702 ], [ -96.662275671765798, 32.819050608070597 ], [ -96.662273940712197, 32.8190344751726 ], [ -96.662326815549804, 32.819031626813597 ], [ -96.662272916632801, 32.815543771836701 ], [ -96.662616209615194, 32.815527379350002 ], [ -96.665196142365104, 32.815537663440701 ], [ -96.665197392820005, 32.815404124936101 ], [ -96.665434986432899, 32.815392779351797 ], [ -96.665452952738605, 32.810983685659998 ], [ -96.665264306528897, 32.810953485633803 ], [ -96.665704481018096, 32.810009729643603 ], [ -96.665363121210106, 32.809700175496097 ], [ -96.665434986432899, 32.807148200221398 ], [ -96.665668548406799, 32.8070349451827 ], [ -96.671379724369501, 32.8069263425255 ], [ -96.673649225408298, 32.806941923426201 ], [ -96.673733194531195, 32.8041572765026 ], [ -96.673852200645101, 32.801530576370503 ], [ -96.673811829457904, 32.801549451123996 ], [ -96.6738286306487, 32.800992236844301 ], [ -96.676439348663394, 32.799733465837498 ], [ -96.675720696436002, 32.799665507163297 ], [ -96.675837477423002, 32.799121835900003 ], [ -96.674831364304794, 32.799106733873003 ], [ -96.673932161485197, 32.798940816039597 ], [ -96.673956212080299, 32.798473720288001 ], [ -96.675066463296105, 32.798318189296197 ], [ -96.675118903349102, 32.798314857759202 ], [ -96.675127808348506, 32.798427140003199 ], [ -96.680796177791294, 32.797626722783697 ], [ -96.682592808359601, 32.797264267332899 ], [ -96.682853319792002, 32.796380775981703 ], [ -96.683140780682905, 32.795942802655603 ], [ -96.684649950360196, 32.794107821992498 ], [ -96.684955377556804, 32.793322468903199 ], [ -96.685024404103203, 32.792415806383303 ], [ -96.685027242779498, 32.792378525723798 ], [ -96.694261923900299, 32.792574866730398 ], [ -96.696076520774199, 32.792461593125601 ], [ -96.695708211507693, 32.790732264844898 ], [ -96.696911953988405, 32.790558574993398 ], [ -96.697370094783295, 32.790248953112403 ], [ -96.697513825228796, 32.788534685632897 ], [ -96.698843331849304, 32.7885648932753 ], [ -96.698834348696494, 32.7889651435692 ], [ -96.698564854111197, 32.789025558551401 ], [ -96.698439089971401, 32.789501325102599 ], [ -96.698481578487701, 32.7906228780367 ], [ -96.698484005735594, 32.7906869544816 ], [ -96.699418253631094, 32.790566126733097 ], [ -96.699499102006698, 32.789644809753398 ], [ -96.7001369058584, 32.789637257935397 ], [ -96.700083006941398, 32.791978290791 ], [ -96.701762856522706, 32.7917668451936 ], [ -96.703272026199997, 32.791804603372903 ], [ -96.710431599014399, 32.7924238352253 ], [ -96.712336027416796, 32.792808965056302 ], [ -96.712336027416796, 32.789471117778099 ], [ -96.713575702508805, 32.789025558551401 ], [ -96.717168963645307, 32.7906945062104 ], [ -96.717195913103794, 32.793549013775298 ], [ -96.727104330687695, 32.792997753580003 ], [ -96.728299090015597, 32.792257700273503 ], [ -96.729197405299701, 32.791895222937697 ], [ -96.730553861378695, 32.791585605710097 ], [ -96.731910317457704, 32.791510089149597 ], [ -96.7314791261214, 32.792952444370798 ], [ -96.729152489535494, 32.792959995907303 ], [ -96.729206388452496, 32.794598664151202 ], [ -96.728981809631506, 32.795459519240602 ], [ -96.728802146574694, 32.795602994278603 ], [ -96.728020612277504, 32.795361351975899 ], [ -96.727733151386602, 32.795527481129497 ], [ -96.728074511194507, 32.796191994640203 ], [ -96.728640449823502, 32.796682825294504 ], [ -96.728478753072395, 32.797120794975498 ], [ -96.727849932373502, 32.7972793696729 ], [ -96.727283993744507, 32.796765888675601 ], [ -96.7267719540326, 32.796607313062502 ], [ -96.726125167028002, 32.796901810404698 ], [ -96.726107200722296, 32.797226511471898 ], [ -96.726502459447303, 32.7979891767569 ], [ -96.726017369193897, 32.798457344285502 ], [ -96.727364842120096, 32.798653671870298 ], [ -96.727607387246806, 32.798744284455601 ], [ -96.727867898679193, 32.799099182858498 ], [ -96.727688235622395, 32.799348365997098 ], [ -96.726861785560999, 32.799325713013303 ], [ -96.727266027438802, 32.799778771591399 ], [ -96.726745004573999, 32.800050605629998 ], [ -96.727032465465001, 32.800458355129599 ], [ -96.726987549700794, 32.800692432701098 ], [ -96.726098094500301, 32.800649299801897 ], [ -96.726053301805294, 32.800647127412802 ], [ -96.725379565342195, 32.800896306212799 ], [ -96.725335544299995, 32.800949753464302 ], [ -96.725300432748796, 32.800992384085902 ], [ -96.725217868591002, 32.801092628411901 ], [ -96.725312191695906, 32.801185126220801 ], [ -96.725864655595601, 32.801726897168898 ], [ -96.725729908302995, 32.802278103246799 ], [ -96.7261880490979, 32.802950116992399 ], [ -96.725954487124, 32.8031766373349 ], [ -96.724948374005805, 32.803086029267199 ], [ -96.724791168831104, 32.803350302539897 ], [ -96.724777694101803, 32.803372954498201 ], [ -96.724809067763104, 32.803410481984699 ], [ -96.724876596818007, 32.803491256521497 ], [ -96.725011256075703, 32.803652328175303 ], [ -96.7257478746087, 32.804060061155297 ], [ -96.725810997427004, 32.804345240571003 ], [ -96.725819739831394, 32.804384736079598 ], [ -96.723457170634205, 32.804475342823601 ], [ -96.720923921532901, 32.805056733899796 ], [ -96.718857796379496, 32.806015643340501 ], [ -96.698717567709494, 32.819567627020398 ], [ -96.698022031829396, 32.820263728681603 ], [ -96.697729420897005, 32.8205565766606 ], [ -96.6970377181282, 32.821485122408298 ], [ -96.690542898624003, 32.833276054190698 ], [ -96.688952880571094, 32.835902757893599 ], [ -96.688548638693305, 32.8369292646587 ], [ -96.684488253609103, 32.844242781805001 ], [ -96.676574095955999, 32.855645835697203 ], [ -96.675541033379204, 32.856913589683302 ], [ -96.674804414846193, 32.857600282194703 ], [ -96.670681147692093, 32.8638481852133 ], [ -96.670788945526198, 32.863833094190298 ], [ -96.670654198233606, 32.864051913771597 ], [ -96.670824878137594, 32.864059459264801 ], [ -96.670761996067696, 32.864157550617698 ], [ -96.670600299316604, 32.8641650961018 ], [ -96.669027883751696, 32.866416073254399 ], [ -96.668985123944196, 32.866373296718201 ], [ -96.668118770717797, 32.867574747940701 ] ] ] } },
{ "type": "Feature", "properties": { "OBJECTID": 41, "SHAPEarea": 318020009.41299999, "SHAPElen": 89700.941584500004, "ZipCode": 75227, "Shape__Area": 41830242.921875, "Shape__Length": 32486.239351558499 }, "geometry": { "type": "Polygon", "coordinates": [ [ [ -96.717168963645307, 32.7906945062104 ], [ -96.713575702508805, 32.789025558551401 ], [ -96.712336027416796, 32.789471117778099 ], [ -96.712336027416796, 32.792808965056302 ], [ -96.710431599014399, 32.7924238352253 ], [ -96.703272026199997, 32.791804603372903 ], [ -96.701762856522706, 32.7917668451936 ], [ -96.700083006941398, 32.791978290791 ], [ -96.7001369058584, 32.789637257935397 ], [ -96.699499102006698, 32.789644809753398 ], [ -96.699418253631094, 32.790566126733097 ], [ -96.698481578487701, 32.7906228780367 ], [ -96.698421123665796, 32.790626540627898 ], [ -96.698439089971401, 32.789501325102599 ], [ -96.698564854111197, 32.789025558551401 ], [ -96.698834348696494, 32.7889651435692 ], [ -96.698843331849304, 32.7885648932753 ], [ -96.697513825228796, 32.788534685632897 ], [ -96.697370094783295, 32.790248953112403 ], [ -96.696911953988405, 32.790558574993398 ], [ -96.695708211507693, 32.790732264844898 ], [ -96.696076520774199, 32.792461593125601 ], [ -96.694261923900299, 32.792574866730398 ], [ -96.685024404103203, 32.792415806383303 ], [ -96.684251163951103, 32.792402492187499 ], [ -96.684252601255494, 32.792277067093899 ], [ -96.680886486325207, 32.792243882362399 ], [ -96.677641918842596, 32.792181099873602 ], [ -96.677642922260802, 32.791705800756198 ], [ -96.675109895941802, 32.791679503667098 ], [ -96.674723566470703, 32.790732264844898 ], [ -96.674705600164998, 32.788851865366901 ], [ -96.673385076697301, 32.787771939261198 ], [ -96.673376093544505, 32.787583139644497 ], [ -96.673063080075295, 32.787385780179903 ], [ -96.673057903982695, 32.787058864418498 ], [ -96.670524158113096, 32.784835899779701 ], [ -96.671112197992997, 32.784845503944901 ], [ -96.671105996922606, 32.784157173359901 ], [ -96.670981173318907, 32.784155857752097 ], [ -96.670932675971699, 32.784041184558298 ], [ -96.669495562858202, 32.784030048700998 ], [ -96.669506092909998, 32.783305599469003 ], [ -96.668158394506705, 32.783276425468898 ], [ -96.667804092670494, 32.782954455767403 ], [ -96.667732240922405, 32.782871339458801 ], [ -96.667533042203104, 32.782667944227804 ], [ -96.667382197998904, 32.782523329808797 ], [ -96.667244082922295, 32.782408156050202 ], [ -96.666994045846096, 32.782204016599202 ], [ -96.666691793295698, 32.781936810539698 ], [ -96.666548662026599, 32.781808703151 ], [ -96.666294059712101, 32.781545064463003 ], [ -96.666085095407396, 32.781279727940699 ], [ -96.665783201284796, 32.780781977202402 ], [ -96.665734283526007, 32.780739893516703 ], [ -96.665650582101094, 32.780604824697598 ], [ -96.665381087515797, 32.779585219865403 ], [ -96.664359506306795, 32.779557173770002 ], [ -96.663249368278599, 32.778602111864103 ], [ -96.662226834855304, 32.778590556148004 ], [ -96.661877657907795, 32.7782483869386 ], [ -96.644387459325998, 32.763413480578599 ], [ -96.644135931046407, 32.762975344942703 ], [ -96.643435245124806, 32.759651487139699 ], [ -96.643156767386699, 32.759115125731299 ], [ -96.639285028512205, 32.755738240976399 ], [ -96.639276045359296, 32.748613878411497 ], [ -96.6477741079471, 32.748689431375098 ], [ -96.650442104340897, 32.748583657208201 ], [ -96.650415154882396, 32.748757428987602 ], [ -96.652625010481302, 32.748772539561102 ], [ -96.652660943092698, 32.750767112762603 ], [ -96.654673169329101, 32.750827553677503 ], [ -96.656092507477993, 32.748757428987602 ], [ -96.656918957539403, 32.7487649842747 ], [ -96.656918957539403, 32.748621433710802 ], [ -96.662856821567502, 32.748628989009397 ], [ -96.662901737331694, 32.749845383727703 ], [ -96.663189198222597, 32.750767112762603 ], [ -96.664410907009, 32.751454625750299 ], [ -96.664815148886802, 32.751522621251901 ], [ -96.664851081498199, 32.751016431272497 ], [ -96.665434986432899, 32.7494374022573 ], [ -96.6654619358914, 32.748757428987602 ], [ -96.673340160933094, 32.748772539561102 ], [ -96.673331177780298, 32.748621433710802 ], [ -96.674130678383193, 32.748644099604697 ], [ -96.674139661536003, 32.748795205416499 ], [ -96.674570852872407, 32.748810315983597 ], [ -96.677292748183305, 32.748840537110098 ], [ -96.677328680794602, 32.748689431375098 ], [ -96.678595305345198, 32.748704541960201 ], [ -96.678586322192402, 32.748863202948201 ], [ -96.680068542411206, 32.748863202948201 ], [ -96.680077525564002, 32.748712097251698 ], [ -96.680670413651598, 32.748719652542597 ], [ -96.680661430498702, 32.748878313503802 ], [ -96.6827994208749, 32.748893424056803 ], [ -96.6827994208749, 32.7487498736999 ], [ -96.683760618228902, 32.748742318411502 ], [ -96.6970377181282, 32.748840537110098 ], [ -96.697316195866307, 32.748848092390098 ], [ -96.697316195866307, 32.748946310972002 ], [ -96.697321510299503, 32.748946432611902 ], [ -96.700289619456697, 32.749014308388404 ], [ -96.700208771081094, 32.748863202948201 ], [ -96.704251189859704, 32.748999197855902 ], [ -96.703855931134697, 32.750623565425201 ], [ -96.703766099606298, 32.7555947016508 ], [ -96.703822146395197, 32.756171194976503 ], [ -96.703875980633498, 32.756724918751402 ], [ -96.703882880593198, 32.7567958920324 ], [ -96.703914680055902, 32.756863863814303 ], [ -96.704529667597797, 32.758178374114699 ], [ -96.705544763868801, 32.759160452172502 ], [ -96.706173584567694, 32.759560834734202 ], [ -96.715084872186196, 32.764886506992198 ], [ -96.715956238011799, 32.765233986593302 ], [ -96.716081345483104, 32.765255196402101 ], [ -96.716466440668995, 32.7653204838753 ], [ -96.717070148964098, 32.765422833633799 ], [ -96.722540889044396, 32.765755203452002 ], [ -96.730892865803995, 32.766009771455103 ], [ -96.730967086409393, 32.766012033825298 ], [ -96.730941990175296, 32.766261751552904 ], [ -96.730927898303406, 32.766401971921397 ], [ -96.730913187492405, 32.766548353686098 ], [ -96.729475883037793, 32.769169476097296 ], [ -96.728865028644606, 32.774894887147298 ], [ -96.728927910714404, 32.775552001791802 ], [ -96.728793163421798, 32.775635084907002 ], [ -96.728766213963297, 32.776322405885203 ], [ -96.728173325875801, 32.777063023040697 ], [ -96.728137393264404, 32.777107909074097 ], [ -96.728173325875801, 32.777772560202699 ], [ -96.728469769919499, 32.777749901723297 ], [ -96.728470218178899, 32.777752123765097 ], [ -96.728480253258894, 32.777801858363397 ], [ -96.728640449823502, 32.7785958143767 ], [ -96.728715274995096, 32.779321384260797 ], [ -96.728993733868606, 32.782021500144602 ], [ -96.729044691701404, 32.782515608212002 ], [ -96.729048001094895, 32.782718902588996 ], [ -96.729197405299701, 32.791895222937697 ], [ -96.728299090015597, 32.792257700273503 ], [ -96.727104330687695, 32.792997753580003 ], [ -96.717195913103794, 32.793549013775298 ], [ -96.717168963645307, 32.7906945062104 ] ] ] } },
{ "type": "Feature", "properties": { "OBJECTID": 42, "SHAPEarea": 31213570.216800001, "SHAPElen": 35962.7349369, "ZipCode": 75226, "Shape__Area": 4109776.00390625, "Shape__Length": 13021.6538510753 }, "geometry": { "type": "Polygon", "coordinates": [ [ [ -96.763396268166105, 32.791774396830803 ], [ -96.767250040734993, 32.788481822233898 ], [ -96.769783289836198, 32.784879485175303 ], [ -96.765318662874094, 32.783731539990299 ], [ -96.766567321119098, 32.781231687053598 ], [ -96.766746984175896, 32.781277002233402 ], [ -96.767501569014499, 32.779721167851498 ], [ -96.767393771180494, 32.778867713164502 ], [ -96.766890714621297, 32.778271045291199 ], [ -96.766261893922504, 32.777885852513499 ], [ -96.766522405354806, 32.777613950725303 ], [ -96.767824962516798, 32.778633578146902 ], [ -96.768085473949199, 32.778172859055204 ], [ -96.769585660473695, 32.778573156106802 ], [ -96.769788181162895, 32.778077142476398 ], [ -96.769792272989093, 32.778067119910702 ], [ -96.770825335565803, 32.778950793184002 ], [ -96.775271996222202, 32.775038395357399 ], [ -96.7760355642137, 32.776080711201402 ], [ -96.780302561813201, 32.770189200272704 ], [ -96.782970558207097, 32.773399366765702 ], [ -96.782332754355394, 32.773754366302803 ], [ -96.783168187569601, 32.7747136132881 ], [ -96.783814974574199, 32.774925099421303 ], [ -96.784327014286106, 32.774728719457102 ], [ -96.785261262181606, 32.775499130678 ], [ -96.785548723072495, 32.7755066836962 ], [ -96.785315161098595, 32.775672849933699 ], [ -96.785117531736105, 32.7761109230727 ], [ -96.7845426099543, 32.776526335264201 ], [ -96.784740239316804, 32.776760475826599 ], [ -96.783500564224695, 32.777870746880403 ], [ -96.785045666513398, 32.779698509868197 ], [ -96.785746352434998, 32.7798495629809 ], [ -96.785360076862801, 32.780061036907803 ], [ -96.785872116574794, 32.7806274824501 ], [ -96.786509920426496, 32.781699942799001 ], [ -96.785961948103207, 32.781722600272602 ], [ -96.785961948103207, 32.781805677626302 ], [ -96.791010479999898, 32.784071393726798 ], [ -96.789519276628297, 32.784577395773297 ], [ -96.789591141851005, 32.7851891257476 ], [ -96.788827573859507, 32.785785747225901 ], [ -96.788171803702099, 32.785241991103497 ], [ -96.7877316292129, 32.785461004385901 ], [ -96.788072989020904, 32.785755538639698 ], [ -96.787165690583905, 32.7865560627097 ], [ -96.787075859055506, 32.786624031402702 ], [ -96.786671617177703, 32.786276635314998 ], [ -96.785890082880499, 32.786843041282403 ], [ -96.786276358452596, 32.7872281952801 ], [ -96.782512417412207, 32.789894019386303 ], [ -96.779628825350102, 32.787371683597897 ], [ -96.779467128598995, 32.786971426133597 ], [ -96.777634565419405, 32.786858145392202 ], [ -96.776071496824997, 32.786548510629501 ], [ -96.772208741103299, 32.789871363993903 ], [ -96.771651785627199, 32.789357840220198 ], [ -96.764216630344805, 32.795668498862902 ], [ -96.764213735074705, 32.795670956057897 ], [ -96.761662519667794, 32.7934357414114 ], [ -96.763396268166105, 32.791774396830803 ] ] ] } },
{ "type": "Feature", "properties": { "OBJECTID": 43, "SHAPEarea": 131930280.29700001, "SHAPElen": 52779.152320399997, "ZipCode": 75225, "Shape__Area": 17429274.113281298, "Shape__Length": 19144.562484669899 }, "geometry": { "type": "Polygon", "coordinates": [ [ [ -96.796247658106395, 32.879134072519903 ], [ -96.793615594323896, 32.879051086170399 ], [ -96.793265251363096, 32.879413207852402 ], [ -96.793220335598903, 32.879752695585502 ], [ -96.783985654478101, 32.880016740701201 ], [ -96.774912670108506, 32.880024284835798 ], [ -96.775092333165304, 32.878711595749998 ], [ -96.774032321130093, 32.878522989399002 ], [ -96.773708927627794, 32.878183496955998 ], [ -96.773933506448799, 32.877285721785299 ], [ -96.774203001034095, 32.877157467447198 ], [ -96.775155215235202, 32.8771951893306 ], [ -96.775164198388097, 32.876878325011099 ], [ -96.774472495619307, 32.876704803594201 ], [ -96.773637062405101, 32.877059390475203 ], [ -96.773358584666994, 32.878191041246602 ], [ -96.772613981009499, 32.878816376966498 ], [ -96.772532134605598, 32.878885113238503 ], [ -96.772455568498998, 32.878889547737501 ], [ -96.771490088876007, 32.878945467067901 ], [ -96.771391274194798, 32.879111439886799 ], [ -96.770987032316896, 32.879111439886799 ], [ -96.770972734730805, 32.879041969737997 ], [ -96.7708612681771, 32.878500356609997 ], [ -96.770699571425993, 32.878553166442202 ], [ -96.770717537731699, 32.880016740701201 ], [ -96.770262112543904, 32.880024240325397 ], [ -96.770259396936794, 32.880024284835798 ], [ -96.7702830343069, 32.877379912407399 ], [ -96.770471029237996, 32.856345901498301 ], [ -96.770474992605003, 32.855902406418501 ], [ -96.770637772724399, 32.855067301464899 ], [ -96.771084122232807, 32.852777376583298 ], [ -96.771229577443606, 32.852031128143601 ], [ -96.771579920404406, 32.851004796025101 ], [ -96.771786532919805, 32.851012342628103 ], [ -96.772005636509206, 32.850470814123298 ], [ -96.772397557992903, 32.849502148924699 ], [ -96.772406370465802, 32.849480369056003 ], [ -96.772684848203895, 32.849480369056003 ], [ -96.772657898745393, 32.849887891701599 ], [ -96.773430449889702, 32.849895438399599 ], [ -96.773439009936098, 32.8510243998345 ], [ -96.773439433042597, 32.8510802620264 ], [ -96.776939902701798, 32.851095039016599 ], [ -96.777014727873393, 32.851095355219002 ], [ -96.777023711026203, 32.850559545311 ], [ -96.778964072039898, 32.850740664515101 ], [ -96.778973055192793, 32.851110448409003 ], [ -96.782871743525803, 32.851110448409003 ], [ -96.782835810914506, 32.850189759121299 ], [ -96.786905179151503, 32.850250132482003 ], [ -96.786923145457195, 32.8511481813727 ], [ -96.789177916820293, 32.851185914320403 ], [ -96.789168933667497, 32.850250132482003 ], [ -96.790013350034599, 32.8502425858142 ], [ -96.790058265798805, 32.851193460908 ], [ -96.794954084097199, 32.8510802620264 ], [ -96.804215714676502, 32.851140634781302 ], [ -96.804242664135003, 32.850401065704098 ], [ -96.806766930083398, 32.850808584121403 ], [ -96.806766930083398, 32.8511481813727 ], [ -96.813076279820706, 32.8511779172009 ], [ -96.813109163550095, 32.851178071905899 ], [ -96.813171918059197, 32.851178367732203 ], [ -96.811357321185298, 32.865500636689902 ], [ -96.811536984242096, 32.865508182059799 ], [ -96.811520085134902, 32.865651546984402 ], [ -96.811087826600001, 32.869318511842899 ], [ -96.810028266417305, 32.876786245536302 ], [ -96.810009848259099, 32.876916047013303 ], [ -96.809587640075506, 32.8800770937601 ], [ -96.796490203233105, 32.879971475880097 ], [ -96.796485348737306, 32.879851211664601 ], [ -96.7964722369274, 32.879526370574503 ], [ -96.796247658106395, 32.879134072519903 ] ] ] } },
{ "type": "Feature", "properties": { "OBJECTID": 44, "SHAPEarea": 163143794.52000001, "SHAPElen": 69607.965397499996, "ZipCode": 75224, "Shape__Area": 21492441.96875, "Shape__Length": 25200.147872090201 }, "geometry": { "type": "MultiPolygon", "coordinates": [ [ [ [ -96.821373536603204, 32.700488741560797 ], [ -96.821364553450394, 32.698553519664699 ], [ -96.821750829022506, 32.698553519664699 ], [ -96.821831677398094, 32.699211197438103 ], [ -96.822478464402593, 32.699203637951001 ], [ -96.822478464402593, 32.6998764297959 ], [ -96.822478464402593, 32.700466063422297 ], [ -96.821373536603204, 32.700488741560797 ] ] ], [ [ [ -96.857647507775894, 32.714684125301801 ], [ -96.857584625706096, 32.714200400729403 ], [ -96.860261605252703, 32.714207958945998 ], [ -96.858617688282806, 32.7058028264724 ], [ -96.859129727994699, 32.705598735171598 ], [ -96.859848380222004, 32.706226125459999 ], [ -96.861249752065206, 32.706687216714897 ], [ -96.861833656999906, 32.706672099006603 ], [ -96.862237898877794, 32.706830834815797 ], [ -96.8627229891312, 32.706558716112902 ], [ -96.863989613681795, 32.706226125459999 ], [ -96.865912008389799, 32.705349289614396 ], [ -96.865849126319901, 32.711320673592802 ], [ -96.863208079384606, 32.713822489081899 ], [ -96.860701779741902, 32.714638776234601 ], [ -96.860656863977695, 32.714495170702897 ], [ -96.860108891654406, 32.7145178452759 ], [ -96.859093795383401, 32.714971335525497 ], [ -96.857964686733098, 32.7149055667334 ], [ -96.857925985514001, 32.7149033121351 ], [ -96.857647507775894, 32.714684125301801 ] ] ], [ [ [ -96.8220832056776, 32.728590084820603 ], [ -96.822361683415707, 32.726375857086801 ], [ -96.822810841057802, 32.726383414271602 ], [ -96.822819824210598, 32.725144027408298 ], [ -96.821607098577104, 32.725121355536999 ], [ -96.821652014341296, 32.722839024318297 ], [ -96.822819824210598, 32.722816351860899 ], [ -96.822882706280495, 32.720322346345696 ], [ -96.821687946952594, 32.720277000145202 ], [ -96.821687946952594, 32.719158453234797 ], [ -96.822891689433405, 32.719173568827102 ], [ -96.8229905041146, 32.705961563828097 ], [ -96.821795744786698, 32.705946445996901 ], [ -96.822469481249797, 32.705855738955698 ], [ -96.822352700262897, 32.703028656617498 ], [ -96.822981520961804, 32.703028656617498 ], [ -96.822945588350393, 32.700503860316701 ], [ -96.823313897616899, 32.698976853040101 ], [ -96.823080335642999, 32.6961041942916 ], [ -96.822900672586201, 32.687047154440002 ], [ -96.827086821810198, 32.6881736643533 ], [ -96.832943837462693, 32.690698809433997 ], [ -96.834426057681398, 32.691175101248596 ], [ -96.840381888015202, 32.691220462241297 ], [ -96.8401213765828, 32.689179194753798 ], [ -96.840696298364605, 32.689179194753798 ], [ -96.841082573936802, 32.689353082321198 ], [ -96.841298169604997, 32.689670615266103 ], [ -96.841334102216294, 32.691220462241297 ], [ -96.844316508959594, 32.691220462241297 ], [ -96.846229920514801, 32.6913641052328 ], [ -96.846607212934103, 32.691273383370302 ], [ -96.852221683459803, 32.691190221582097 ], [ -96.856982754465704, 32.691235582567103 ], [ -96.856982747279204, 32.691241404647798 ], [ -96.8569917376185, 32.703300786085997 ], [ -96.857126484911106, 32.703331022642303 ], [ -96.857189366981004, 32.705817944327997 ], [ -96.857117501758296, 32.715145172843201 ], [ -96.856964788159999, 32.715145172843201 ], [ -96.856973771312894, 32.715946331754701 ], [ -96.857117501758296, 32.715938773685401 ], [ -96.856964788159999, 32.717578859716703 ], [ -96.8571085186055, 32.717586417647098 ], [ -96.857090552299795, 32.725332959445602 ], [ -96.856919872395807, 32.7254333290497 ], [ -96.852554060114997, 32.728000637074999 ], [ -96.8493021587865, 32.729270211991803 ], [ -96.844128511333594, 32.731764492418698 ], [ -96.843957182845998, 32.7318470911991 ], [ -96.843513156380794, 32.731974962922401 ], [ -96.842028795476693, 32.7324024298944 ], [ -96.841962922915201, 32.732421400167397 ], [ -96.833330113034805, 32.734212313583399 ], [ -96.8321712863183, 32.7343181048115 ], [ -96.830967543837602, 32.734038513436097 ], [ -96.829548205688695, 32.733373535830601 ], [ -96.828739721933005, 32.733177064224897 ], [ -96.825865113023795, 32.733033488547001 ], [ -96.824346960193594, 32.732821902915802 ], [ -96.824553572708993, 32.732217369773402 ], [ -96.822703043223697, 32.731960441946399 ], [ -96.822783891599201, 32.728605198814101 ], [ -96.8220832056776, 32.728590084820603 ] ] ] ] } },
{ "type": "Feature", "properties": { "OBJECTID": 45, "SHAPEarea": 96220863.175699994, "SHAPElen": 47418.999876000002, "ZipCode": 75223, "Shape__Area": 12680368.0195313, "Shape__Length": 17115.853617618501 }, "geometry": { "type": "Polygon", "coordinates": [ [ [ -96.735314932384497, 32.808424197018297 ], [ -96.733662032261705, 32.806853736820599 ], [ -96.732431340322506, 32.8079560819777 ], [ -96.732350491946903, 32.807820177149303 ], [ -96.733212874619696, 32.806393163904197 ], [ -96.731146749466205, 32.804867970980197 ], [ -96.729314186286601, 32.804301679816497 ], [ -96.727418741037098, 32.804256376367597 ], [ -96.725819739831394, 32.804384736079598 ], [ -96.725810997427004, 32.804345240571003 ], [ -96.7257478746087, 32.804060061155297 ], [ -96.724876596818007, 32.803491256521497 ], [ -96.724822609865996, 32.803456011629002 ], [ -96.724809067763104, 32.803410481984699 ], [ -96.724791168831104, 32.803350302539897 ], [ -96.724777694101803, 32.803304998606102 ], [ -96.724948374005805, 32.803086029267199 ], [ -96.725954487124, 32.8031766373349 ], [ -96.7261880490979, 32.802950116992399 ], [ -96.725729908302995, 32.802278103246799 ], [ -96.725864655595601, 32.801726897168898 ], [ -96.725316683272297, 32.801258746857002 ], [ -96.725312191695906, 32.801185126220801 ], [ -96.725300432748796, 32.800992384085902 ], [ -96.725298716966606, 32.800964263946199 ], [ -96.725335544299995, 32.800949753464302 ], [ -96.726098094500301, 32.800649299801897 ], [ -96.726161099639398, 32.800624474759999 ], [ -96.726987549700794, 32.800692432701098 ], [ -96.727032465465001, 32.800458355129599 ], [ -96.726745004573999, 32.800050605629998 ], [ -96.727266027438802, 32.799778771591399 ], [ -96.726861785560999, 32.799325713013303 ], [ -96.727688235622395, 32.799348365997098 ], [ -96.727867898679193, 32.799099182858498 ], [ -96.727607387246806, 32.798744284455601 ], [ -96.727364842120096, 32.798653671870298 ], [ -96.726017369193897, 32.798457344285502 ], [ -96.726502459447303, 32.7979891767569 ], [ -96.726107200722296, 32.797226511471898 ], [ -96.726125167028002, 32.796901810404698 ], [ -96.7267719540326, 32.796607313062502 ], [ -96.727283993744507, 32.796765888675601 ], [ -96.727849932373502, 32.7972793696729 ], [ -96.728478753072395, 32.797120794975498 ], [ -96.728640449823502, 32.796682825294504 ], [ -96.728074511194507, 32.796191994640203 ], [ -96.727733151386602, 32.795527481129497 ], [ -96.728020612277504, 32.795361351975899 ], [ -96.728802146574694, 32.795602994278603 ], [ -96.728981809631506, 32.795459519240602 ], [ -96.729206388452496, 32.794598664151202 ], [ -96.729152489535494, 32.792959995907303 ], [ -96.7314791261214, 32.792952444370798 ], [ -96.731910317457704, 32.791510089149597 ], [ -96.730553861378695, 32.791585605710097 ], [ -96.729197405299701, 32.791895222937697 ], [ -96.729098590618406, 32.783369027907 ], [ -96.729048001094895, 32.782718902588996 ], [ -96.728993733868606, 32.782021500144602 ], [ -96.7288470623389, 32.780136563188499 ], [ -96.728715274995096, 32.779321384260797 ], [ -96.728469769919499, 32.777802771499701 ], [ -96.728480253258894, 32.777801858363397 ], [ -96.7312455641475, 32.777561080836698 ], [ -96.734901707353799, 32.777802771499701 ], [ -96.739438199538696, 32.7786864473983 ], [ -96.747478121331497, 32.7798420103314 ], [ -96.757072128565895, 32.781556445332498 ], [ -96.765318662874094, 32.783731539990299 ], [ -96.769783289836198, 32.784879485175303 ], [ -96.767250040734993, 32.788481822233898 ], [ -96.763396268166105, 32.791774396830803 ], [ -96.761662519667794, 32.7934357414114 ], [ -96.759425714610302, 32.795074400888701 ], [ -96.756641805002104, 32.797352365286599 ], [ -96.754017856599901, 32.7994993857411 ], [ -96.753946128819393, 32.799455171717199 ], [ -96.753883109307296, 32.799416324913601 ], [ -96.752729918620901, 32.8004038799047 ], [ -96.752391401980802, 32.800693772227099 ], [ -96.751493590651506, 32.801462619070101 ], [ -96.750712056354303, 32.802179943510502 ], [ -96.750796593212499, 32.802191786110903 ], [ -96.750873753105495, 32.802202595767 ], [ -96.749265768746895, 32.803629676288203 ], [ -96.747397272955993, 32.805819332013598 ], [ -96.745744372833201, 32.807487964471598 ], [ -96.744378019116297, 32.808457141653903 ], [ -96.744190287391604, 32.808590301762599 ], [ -96.743952178145804, 32.808655588392398 ], [ -96.741803960450099, 32.809244601941103 ], [ -96.739977188709105, 32.809745476170399 ], [ -96.739712565687697, 32.8097615926347 ], [ -96.739109415246304, 32.809798326927897 ], [ -96.738737513616996, 32.8098209772429 ], [ -96.738606359585603, 32.809798326927897 ], [ -96.737425973302194, 32.809594473832902 ], [ -96.735314932384497, 32.808424197018297 ] ] ] } },
{ "type": "Feature", "properties": { "OBJECTID": 46, "SHAPEarea": 326076118.722, "SHAPElen": 140287.84140100001, "ZipCode": 75220, "Shape__Area": 43030902.363281302, "Shape__Length": 50791.585816739498 }, "geometry": { "type": "Polygon", "coordinates": [ [ [ -96.913450853225399, 32.886104648487397 ], [ -96.915885287645395, 32.8740340398111 ], [ -96.915139685959602, 32.874999748997098 ], [ -96.914214421216897, 32.875354342698301 ], [ -96.902347676313696, 32.875316620031597 ], [ -96.902132080645501, 32.876214415145 ], [ -96.900856472942095, 32.877436609004299 ], [ -96.900586978356898, 32.878017522399503 ], [ -96.900560028898298, 32.881005016866702 ], [ -96.886905636579698, 32.881027649016197 ], [ -96.885522231042202, 32.881253970193697 ], [ -96.883887297225101, 32.881155897754397 ], [ -96.883824415155203, 32.880952208495302 ], [ -96.883572886875598, 32.8809371203834 ], [ -96.883069830316501, 32.879300044985698 ], [ -96.8781290962539, 32.879352854341398 ], [ -96.878272826699302, 32.879692342305802 ], [ -96.878281809852197, 32.880929576326501 ], [ -96.877122983135607, 32.880914488210799 ], [ -96.876700774952099, 32.880039373103102 ], [ -96.877006202148706, 32.880914488210799 ], [ -96.876422297214006, 32.880914488210799 ], [ -96.876323482532797, 32.8805523726625 ], [ -96.865804210555694, 32.8804693876409 ], [ -96.865849126319901, 32.880793783192402 ], [ -96.865714379027295, 32.880801327260798 ], [ -96.857162417522503, 32.8805750049276 ], [ -96.856147321251498, 32.880386402541703 ], [ -96.856120371792898, 32.8785305336608 ], [ -96.854206960237804, 32.8785305336608 ], [ -96.8541261118622, 32.879413207852402 ], [ -96.853084066132595, 32.879458472958603 ], [ -96.853102032438301, 32.8802958732539 ], [ -96.834677585961003, 32.880182711514202 ], [ -96.834677585961003, 32.879051086170399 ], [ -96.834228428318895, 32.878583343475 ], [ -96.833608590772897, 32.878266484117702 ], [ -96.833213332047904, 32.878387192577797 ], [ -96.832359932527993, 32.878379648303898 ], [ -96.831587381383599, 32.8787342284852 ], [ -96.831192122658607, 32.878719139995702 ], [ -96.830698049252305, 32.878492812345598 ], [ -96.828793620850007, 32.879322677570599 ], [ -96.828784637697197, 32.880099726146497 ], [ -96.821130991476494, 32.880122358527203 ], [ -96.821086075712302, 32.876916047013303 ], [ -96.821068109406596, 32.877957167938199 ], [ -96.820160810969597, 32.878621064751599 ], [ -96.818831304349104, 32.878726684240803 ], [ -96.818184517344605, 32.880046917235802 ], [ -96.809587640075506, 32.8800770937601 ], [ -96.810028266417305, 32.876786245536302 ], [ -96.811519017936405, 32.865651543966301 ], [ -96.811520085134902, 32.865651546984402 ], [ -96.819972164760003, 32.865674180035597 ], [ -96.820574036000295, 32.865794905640897 ], [ -96.822864739974804, 32.8667833403535 ], [ -96.8236911900362, 32.866904064448903 ], [ -96.824780002059498, 32.866811998004998 ], [ -96.825029679809504, 32.866790885614201 ], [ -96.825910028788002, 32.866504165253403 ], [ -96.825838163565294, 32.8664211670811 ], [ -96.826475967416997, 32.866013720381801 ], [ -96.828594348468897, 32.864152831671497 ], [ -96.8286319240989, 32.864119823187103 ], [ -96.829269727950603, 32.863757639037097 ], [ -96.830051262247807, 32.863516182115397 ], [ -96.830114144317704, 32.862640895263702 ], [ -96.830293807374503, 32.862203248598497 ], [ -96.831210088964298, 32.861260037236498 ], [ -96.832144336859798, 32.861260037236498 ], [ -96.832746208100104, 32.8616976885558 ], [ -96.832144336859798, 32.863327543437897 ], [ -96.831551448772302, 32.863297361212297 ], [ -96.831452634090994, 32.863433181146704 ], [ -96.836447267070696, 32.863961367803498 ], [ -96.835944210511599, 32.862950264879302 ], [ -96.836007092581497, 32.8621277920587 ], [ -96.836968289935498, 32.860369636507301 ], [ -96.837651009551394, 32.860218720243601 ], [ -96.838279830250301, 32.859811245049102 ], [ -96.838342447317203, 32.859807905254002 ], [ -96.838845768879295, 32.859781061626897 ], [ -96.839348825438407, 32.860467731941 ], [ -96.8398878146089, 32.860626193566297 ], [ -96.840184258652698, 32.8603168158442 ], [ -96.840184258652698, 32.860266510170099 ], [ -96.840184258652698, 32.860166842718698 ], [ -96.840184258652698, 32.859924432790898 ], [ -96.839995612443005, 32.859698057162902 ], [ -96.8402101849301, 32.859505385392403 ], [ -96.840256123875406, 32.859464135073601 ], [ -96.840326079279805, 32.8594864557951 ], [ -96.841414950591897, 32.859833882609003 ], [ -96.841463403921693, 32.859816165700501 ], [ -96.842178518583395, 32.859554685633 ], [ -96.842358181640193, 32.860165899490703 ], [ -96.842386969950098, 32.860185043998897 ], [ -96.842598593268093, 32.860325772721701 ], [ -96.842789372976597, 32.860452640342899 ], [ -96.842843937545297, 32.8604411820453 ], [ -96.844334475265299, 32.860128170362202 ], [ -96.845231373906202, 32.859089506053401 ], [ -96.845259740007904, 32.859056656412697 ], [ -96.845285046447799, 32.859070183979703 ], [ -96.845951442776695, 32.859426405646602 ], [ -96.846445516182996, 32.859509410364801 ], [ -96.847029421117597, 32.859109477826202 ], [ -96.847289932549998, 32.859124569652799 ], [ -96.847304530173403, 32.859149093865703 ], [ -96.847532477676793, 32.859532048001803 ], [ -96.847119252646095, 32.859735786474303 ], [ -96.847040147002105, 32.859994937362302 ], [ -96.847029421117597, 32.860030074552903 ], [ -96.847253999938701, 32.860279086779897 ], [ -96.847392629749905, 32.860311210815503 ], [ -96.847446329240995, 32.860323653858103 ], [ -96.847514511371102, 32.860339453275103 ], [ -96.847891803790404, 32.860203628603102 ], [ -96.848385877196705, 32.8595773232583 ], [ -96.849140462035294, 32.860067803723197 ], [ -96.849562670218901, 32.860014982880301 ], [ -96.849886063721101, 32.859765969911898 ], [ -96.850452002350096, 32.860030074552903 ], [ -96.851017940979105, 32.859954616164302 ], [ -96.853005566851493, 32.860218237311202 ], [ -96.853236779730906, 32.860248903516897 ], [ -96.854117128709305, 32.860097987047801 ], [ -96.853560173233205, 32.859765969911898 ], [ -96.854341707530395, 32.859494318603701 ], [ -96.855922742430394, 32.859275487778099 ], [ -96.856318001155401, 32.859622598491796 ], [ -96.857997850736695, 32.859418859759302 ], [ -96.858204463252093, 32.859184936933801 ], [ -96.858779385033898, 32.859018926812404 ], [ -96.859444138344202, 32.858520894584103 ], [ -96.860665725857999, 32.858223664599599 ], [ -96.860746695506094, 32.858203963528503 ], [ -96.860826339240901, 32.858115730475703 ], [ -96.861902706004201, 32.856923271330103 ], [ -96.861986370598203, 32.856830582536098 ], [ -96.862183999960706, 32.855842036903802 ], [ -96.863244011996002, 32.855193062025997 ], [ -96.864699282756305, 32.854611999095702 ], [ -96.8661725198222, 32.853163098330199 ], [ -96.867406490612296, 32.853410842417603 ], [ -96.867582839784006, 32.853446247849298 ], [ -96.867600841124002, 32.853449861818099 ], [ -96.869945444015499, 32.853208376837301 ], [ -96.8730654367277, 32.852602962799899 ], [ -96.873134463274198, 32.852589568573897 ], [ -96.873880064960005, 32.851933023380703 ], [ -96.873790233431606, 32.851374578818202 ], [ -96.872568524645203, 32.848974736505198 ], [ -96.872424794199702, 32.848838894433399 ], [ -96.871598344138306, 32.848703052153702 ], [ -96.871337832705905, 32.848838894433399 ], [ -96.871256984330302, 32.8486728649521 ], [ -96.872029535474695, 32.848401179676401 ], [ -96.8728380192304, 32.848386086025599 ], [ -96.873350058942293, 32.848567209666001 ], [ -96.873907014418506, 32.849012470377097 ], [ -96.872218181684403, 32.847276695661698 ], [ -96.870089174461, 32.845888051444597 ], [ -96.870376635351903, 32.845691828227103 ], [ -96.871733091430897, 32.845480510430697 ], [ -96.872227164837199, 32.8450578733285 ], [ -96.872379878435495, 32.8445371212742 ], [ -96.872909884453094, 32.844250328983001 ], [ -96.873026665440094, 32.843933346951502 ], [ -96.8731009094017, 32.843867270395002 ], [ -96.874086677475304, 32.842989941349799 ], [ -96.875765060107796, 32.842090017401603 ], [ -96.875874324890702, 32.842031430989103 ], [ -96.875911686721693, 32.841937260183997 ], [ -96.875928907425703, 32.841893855222999 ], [ -96.8759372069606, 32.841872936152598 ], [ -96.875631779764007, 32.841291785997697 ], [ -96.875335335720294, 32.841133289840599 ], [ -96.874293289990703, 32.841065362829397 ], [ -96.873871081807096, 32.840506849878302 ], [ -96.874616683493002, 32.840695537079199 ], [ -96.874857570329695, 32.8407002436876 ], [ -96.875083632269195, 32.840704660472603 ], [ -96.875389234637296, 32.840710632037997 ], [ -96.875641354008295, 32.840648634007003 ], [ -96.876030039760394, 32.840553053372901 ], [ -96.876494162436799, 32.840438922387897 ], [ -96.882818302036995, 32.838363335119098 ], [ -96.883734583626804, 32.837933116413403 ], [ -96.884498151618303, 32.8373670359925 ], [ -96.885180871234198, 32.836582065169402 ], [ -96.885665961487604, 32.835525362716801 ], [ -96.886186984352406, 32.832521239902803 ], [ -96.889025660650205, 32.829486821723101 ], [ -96.890606695550304, 32.830498305970799 ], [ -96.890448901080703, 32.830721616740099 ], [ -96.890423229924906, 32.830748023051797 ], [ -96.890221239241598, 32.830851378441203 ], [ -96.890121499295603, 32.830927396753403 ], [ -96.890028495815997, 32.831006362613202 ], [ -96.889948722723801, 32.831102684955198 ], [ -96.889892345354895, 32.831219383792202 ], [ -96.889835801797602, 32.831344655052099 ], [ -96.889776288410104, 32.831446953744603 ], [ -96.889716036607297, 32.831589362996098 ], [ -96.889679949485696, 32.831709162012203 ], [ -96.889649597208901, 32.8318863357281 ], [ -96.889626020026, 32.832063546076697 ], [ -96.8896249501325, 32.832212451831303 ], [ -96.889622556122205, 32.832627638913401 ], [ -96.889632599287097, 32.832822481770798 ], [ -96.889659152588607, 32.833040460734303 ], [ -96.889666211550093, 32.833206099027102 ], [ -96.889645498196302, 32.833562881937702 ], [ -96.889477013774894, 32.834221720254398 ], [ -96.889442740351797, 32.834311960686001 ], [ -96.889385831180206, 32.834457275855499 ], [ -96.889377383423295, 32.834548792414999 ], [ -96.8893872496201, 32.834752229722099 ], [ -96.889405837559906, 32.834849827382797 ], [ -96.889434689650201, 32.834941835665298 ], [ -96.889514191451198, 32.835084091371797 ], [ -96.889923975934394, 32.8362046728801 ], [ -96.889800088375196, 32.837062653057998 ], [ -96.889796957746398, 32.837068537314103 ], [ -96.889702689438806, 32.837237198523503 ], [ -96.889686664392499, 32.837554747150598 ], [ -96.889659872139106, 32.8377103868417 ], [ -96.889649369935199, 32.838106434421 ], [ -96.889627531890596, 32.838257667560001 ], [ -96.889641694729406, 32.838384398422498 ], [ -96.889629118315398, 32.838838919093199 ], [ -96.8897543928733, 32.8393928377536 ], [ -96.889783388694099, 32.839652289580997 ], [ -96.889683536458705, 32.840672948978202 ], [ -96.889781726810796, 32.840671308155599 ], [ -96.889701311423195, 32.843216146021 ], [ -96.889695312473705, 32.843271499159798 ], [ -96.889697422616294, 32.843339220706802 ], [ -96.889682806128306, 32.8438017734155 ], [ -96.889652358630102, 32.844046340609502 ], [ -96.889630207971805, 32.8442414210487 ], [ -96.889667700956807, 32.844365897331201 ], [ -96.889706606093497, 32.844517316032103 ], [ -96.889785618312601, 32.844836199363698 ], [ -96.8897932450094, 32.845164169013202 ], [ -96.889740351307097, 32.8453252051143 ], [ -96.889610629190202, 32.845547248418697 ], [ -96.889550856189501, 32.8456220730328 ], [ -96.889303395481605, 32.845985442149299 ], [ -96.889152622244296, 32.846255494101399 ], [ -96.888938816020101, 32.846633587038099 ], [ -96.888795034370702, 32.847078449161799 ], [ -96.888771027793098, 32.847466151839697 ], [ -96.888793501844802, 32.847523859224502 ], [ -96.888792098676404, 32.847533290584202 ], [ -96.888806363024699, 32.847556883695397 ], [ -96.888890960968297, 32.847774108017603 ], [ -96.889069844287505, 32.848011241176103 ], [ -96.889219964449595, 32.848150636060701 ], [ -96.889378438943794, 32.8482042337453 ], [ -96.889588328513298, 32.848228434198703 ], [ -96.889813104065396, 32.848179785748798 ], [ -96.890060019495905, 32.848034071173103 ], [ -96.890291085051601, 32.847851240851597 ], [ -96.8905762875779, 32.847625531749401 ], [ -96.890651287921003, 32.847563014039302 ], [ -96.891001239216294, 32.847322468476797 ], [ -96.891161664851296, 32.847246345716101 ], [ -96.891627832093306, 32.8471873325323 ], [ -96.892031549354996, 32.847256329540002 ], [ -96.892399367243101, 32.847364174237001 ], [ -96.892788856987295, 32.847586825247802 ], [ -96.893084121543097, 32.847766753584501 ], [ -96.893331481639706, 32.847970396062202 ], [ -96.893664962324394, 32.8482882685405 ], [ -96.893766660597706, 32.848482338947498 ], [ -96.893823710804696, 32.848686033365396 ], [ -96.893833572509905, 32.848906110625798 ], [ -96.893715055079497, 32.849455824058197 ], [ -96.893666723920603, 32.849876145264801 ], [ -96.893707603554304, 32.850054213984798 ], [ -96.893912400574393, 32.850360408847301 ], [ -96.8943437104884, 32.850709597315202 ], [ -96.894635478801106, 32.850896629738898 ], [ -96.894939745374401, 32.850954963525297 ], [ -96.895188578708101, 32.850919727652901 ], [ -96.895304884486194, 32.8509444231779 ], [ -96.896571509036804, 32.850499172160802 ], [ -96.897676436836306, 32.8503557857644 ], [ -96.898251358618097, 32.850431252317698 ], [ -96.898673621598903, 32.850671967553801 ], [ -96.898732214213297, 32.850789041391998 ], [ -96.898779516801198, 32.850987246397402 ], [ -96.898508766371194, 32.851327390846301 ], [ -96.898140406799101, 32.851623333854803 ], [ -96.897874230590503, 32.851897673189498 ], [ -96.8978423260249, 32.852160713803897 ], [ -96.897851657724004, 32.852395633175902 ], [ -96.897975620741704, 32.852669275093596 ], [ -96.898167780262398, 32.852925178261799 ], [ -96.898528208608894, 32.853256259588001 ], [ -96.898853543370507, 32.853474134795597 ], [ -96.898898145622695, 32.853510232960602 ], [ -96.899047762728202, 32.8535521290001 ], [ -96.899271210570305, 32.8536309230524 ], [ -96.899320430163002, 32.853628481043799 ], [ -96.899491033710206, 32.853676253390702 ], [ -96.900218669090407, 32.853563057676702 ], [ -96.900369459395606, 32.853345680750202 ], [ -96.900495425656302, 32.853248209830099 ], [ -96.900632523840102, 32.853018438627799 ], [ -96.900718100049005, 32.852843082767002 ], [ -96.900946304470494, 32.852514103856301 ], [ -96.901279157232693, 32.852271276071001 ], [ -96.9013015980468, 32.852263348476903 ], [ -96.9018985186717, 32.852189604839097 ], [ -96.902579561132995, 32.8523825302129 ], [ -96.902692113749794, 32.852422865417601 ], [ -96.903414499375501, 32.852917582015003 ], [ -96.903497519877405, 32.853060178688402 ], [ -96.903497519877405, 32.853827180784897 ], [ -96.903586643533401, 32.853952959705801 ], [ -96.903685734895703, 32.8541572475362 ], [ -96.903829956719605, 32.854161268978203 ], [ -96.904054475353504, 32.854196951815503 ], [ -96.905494962539194, 32.853896138671203 ], [ -96.905867446276801, 32.853934210790797 ], [ -96.9063184679231, 32.854074397792502 ], [ -96.906505068668807, 32.854156148035202 ], [ -96.906856194960596, 32.854439850548303 ], [ -96.907131742394199, 32.854884437338796 ], [ -96.907140615054303, 32.854906480000501 ], [ -96.907176845007996, 32.855287272343404 ], [ -96.907264210660898, 32.855523215759703 ], [ -96.907476707141399, 32.855780791234501 ], [ -96.907799262515496, 32.855956726872797 ], [ -96.907947317450706, 32.856003902572603 ], [ -96.9081231896171, 32.856044354605899 ], [ -96.908150793049103, 32.856060876199201 ], [ -96.908187012223095, 32.856057150653399 ], [ -96.908380537183007, 32.856083152499998 ], [ -96.908573810614698, 32.856089759172797 ], [ -96.9088695485827, 32.856057764157299 ], [ -96.908999212309098, 32.856016456393597 ], [ -96.909309780564101, 32.855914472770401 ], [ -96.909450037224303, 32.855850407139499 ], [ -96.909611814823904, 32.855720752915303 ], [ -96.909651103541094, 32.855689655765097 ], [ -96.910250594245994, 32.855418256846399 ], [ -96.910313055006, 32.855401849836099 ], [ -96.910578726361393, 32.855343673671101 ], [ -96.910823421156607, 32.855319580050903 ], [ -96.910985490708597, 32.855359964480201 ], [ -96.911264763455705, 32.855492722237997 ], [ -96.9115158246113, 32.855682071074199 ], [ -96.911719698163296, 32.855853632381503 ], [ -96.911869374557597, 32.856021622506297 ], [ -96.911959794482598, 32.856211575415699 ], [ -96.911991621793106, 32.856281553198102 ], [ -96.912150016337193, 32.856901537050398 ], [ -96.912155026241606, 32.856931572794203 ], [ -96.912315528233407, 32.857819927595898 ], [ -96.912481438083205, 32.858029630590998 ], [ -96.912720318083601, 32.858141500056803 ], [ -96.912814574713096, 32.858182781929301 ], [ -96.912963467776507, 32.858204729446499 ], [ -96.913167457211202, 32.858181567024403 ], [ -96.913351538182596, 32.858132359591004 ], [ -96.913518884438503, 32.8580714792202 ], [ -96.913656204506097, 32.857981604778502 ], [ -96.913659461797394, 32.857976307479397 ], [ -96.913720347810695, 32.857947399463598 ], [ -96.913750070368494, 32.857828948866697 ], [ -96.913761027120003, 32.857811129686397 ], [ -96.913825589039504, 32.857682355177197 ], [ -96.913935060434895, 32.857376667021597 ], [ -96.913910884974001, 32.857188065090902 ], [ -96.9140979070296, 32.8564427358939 ], [ -96.9141537436128, 32.856384427599203 ], [ -96.914780274506001, 32.856071008445497 ], [ -96.914909156698101, 32.856027436080602 ], [ -96.915274400014596, 32.855975241428702 ], [ -96.915329694913495, 32.855970315281901 ], [ -96.915663019291301, 32.855985576677 ], [ -96.915742672907498, 32.855991918486303 ], [ -96.916192445895604, 32.856059641645302 ], [ -96.916400975415698, 32.856091040512602 ], [ -96.916443425304493, 32.856113471502297 ], [ -96.9165319282246, 32.856160236607401 ], [ -96.916620911743394, 32.856228190550297 ], [ -96.916747670318202, 32.856324991871404 ], [ -96.916790927792405, 32.856448539630499 ], [ -96.916856571283404, 32.856636025552497 ], [ -96.916882417610793, 32.856709844728798 ], [ -96.916810283791804, 32.857406676193399 ], [ -96.916784927046194, 32.857474295646099 ], [ -96.916774414062502, 32.857502329983397 ], [ -96.916676655800003, 32.857763016221703 ], [ -96.916664186285502, 32.858061436999897 ], [ -96.916811563891102, 32.858358255517601 ], [ -96.916848127119707, 32.858388255302103 ], [ -96.916855468152207, 32.858407705051398 ], [ -96.916898582794303, 32.858429654776799 ], [ -96.916958698951404, 32.858478980516999 ], [ -96.917133752752505, 32.858555646760102 ], [ -96.917144168718295, 32.858554682386298 ], [ -96.917151912196005, 32.858558624396302 ], [ -96.9171835257075, 32.858551036932298 ], [ -96.917405627873293, 32.858530466639003 ], [ -96.917454698345693, 32.858485954499997 ], [ -96.917532090902398, 32.858467380100301 ], [ -96.917592086685204, 32.8584529808818 ], [ -96.918426548820605, 32.857646497164403 ], [ -96.918428368807398, 32.857645375823097 ], [ -96.918428436181003, 32.857645334319898 ], [ -96.919352784642101, 32.857419176993503 ], [ -96.919424676814302, 32.8574307805657 ], [ -96.920001344921005, 32.857523855844903 ], [ -96.921409926642696, 32.857751202913299 ], [ -96.922678788896704, 32.858059955719398 ], [ -96.9227551968998, 32.8580785483149 ], [ -96.923033381787107, 32.858202436974501 ], [ -96.923378627706995, 32.858266971021699 ], [ -96.923627516736303, 32.8582908095417 ], [ -96.924976238320696, 32.858618992062397 ], [ -96.925267250251906, 32.8589682114129 ], [ -96.925290648670099, 32.858996289044498 ], [ -96.925271269314507, 32.8590559787892 ], [ -96.925129983184902, 32.8594911432968 ], [ -96.925102002460505, 32.8595773232583 ], [ -96.925038178057804, 32.859617100570503 ], [ -96.924917026767105, 32.859692605276102 ], [ -96.924545046984306, 32.859924432790898 ], [ -96.923124143970199, 32.860468773261204 ], [ -96.922995304897199, 32.860496953040602 ], [ -96.922966517485605, 32.860503249252503 ], [ -96.922949810617894, 32.860515994854602 ], [ -96.922898297626304, 32.860555293342699 ], [ -96.922398073455298, 32.860746926043198 ], [ -96.922258769907501, 32.861187678173998 ], [ -96.922201676581295, 32.8612788125224 ], [ -96.922185297598801, 32.861420140903597 ], [ -96.922158676025305, 32.8615043691794 ], [ -96.922128578870002, 32.8615995944823 ], [ -96.922179929266605, 32.861721492952803 ], [ -96.922217416861699, 32.861919024606301 ], [ -96.922267234732502, 32.861977403210503 ], [ -96.922307715514094, 32.862024840561297 ], [ -96.922309557060402, 32.86202921252 ], [ -96.9223351913854, 32.862090063764697 ], [ -96.922399510759703, 32.8621324092462 ], [ -96.922400220428798, 32.862133240777503 ], [ -96.922603978098195, 32.862313370512098 ], [ -96.922761967502097, 32.862389904410698 ], [ -96.922870442665996, 32.8624424529511 ], [ -96.922899773558299, 32.862461762971897 ], [ -96.922999944695604, 32.862527710988303 ], [ -96.923104691850995, 32.862545218341502 ], [ -96.923137383340801, 32.862550682125899 ], [ -96.923199883626694, 32.862575775085801 ], [ -96.923493395569395, 32.8626696938476 ], [ -96.924026633725404, 32.862720670472399 ], [ -96.924328913225295, 32.862749831974 ], [ -96.924489995528802, 32.862776754686003 ], [ -96.924584326718403, 32.862801528402997 ], [ -96.924742325105498, 32.862843023156103 ], [ -96.924853140380705, 32.862905136974298 ], [ -96.9252588914282, 32.863269873495902 ], [ -96.925270728528702, 32.863299664871001 ], [ -96.925227766600202, 32.863682183819698 ], [ -96.924567436594501, 32.864711577596204 ], [ -96.924431384948093, 32.864875079527899 ], [ -96.924197831059004, 32.865224327065 ], [ -96.924190730774995, 32.865298820442597 ], [ -96.924167754565005, 32.865334638389399 ], [ -96.924177835459105, 32.865434126490001 ], [ -96.924176977567996, 32.865443123595703 ], [ -96.924179583580695, 32.865451378235697 ], [ -96.924203687176302, 32.8656892707452 ], [ -96.924240075233598, 32.865699113659197 ], [ -96.924277529590995, 32.865709244804599 ], [ -96.924280706932194, 32.865716477779202 ], [ -96.924363844215094, 32.865763598489103 ], [ -96.924415076932405, 32.865792636000997 ], [ -96.924563511854998, 32.8658403233256 ], [ -96.924795489200704, 32.865862379110197 ], [ -96.924997041506003, 32.8657526298162 ], [ -96.924997400832197, 32.865752433637198 ], [ -96.925085226422595, 32.865704613467102 ], [ -96.925676074436097, 32.865489443132503 ], [ -96.926118833378297, 32.865386091859499 ], [ -96.926186652588996, 32.865390760185903 ], [ -96.926352133044105, 32.865402152199302 ], [ -96.926373753696396, 32.865403640148003 ], [ -96.926459992861993, 32.865461667107702 ], [ -96.926599110458497, 32.8656023210591 ], [ -96.926828466520206, 32.865834210089901 ], [ -96.926871683570198, 32.865877904399298 ], [ -96.926892088801907, 32.866034607352397 ], [ -96.926997447709994, 32.866843702421697 ], [ -96.926370118214507, 32.867429894438096 ], [ -96.926278795482702, 32.867515227659801 ], [ -96.924810044603205, 32.868295515490402 ], [ -96.923736563228601, 32.868865807964198 ], [ -96.923718922113096, 32.868900929568298 ], [ -96.923679438461406, 32.868979537204503 ], [ -96.923494018101906, 32.869348692019301 ], [ -96.923507145183194, 32.8695361204934 ], [ -96.923526742829395, 32.869815944726803 ], [ -96.923538933866098, 32.8699900183395 ], [ -96.923786125977799, 32.870469514626897 ], [ -96.923881084191507, 32.8706537115009 ], [ -96.923916226285399, 32.870721879178802 ], [ -96.924167433866401, 32.8708067595553 ], [ -96.924563924181697, 32.870940729294801 ], [ -96.924697760582603, 32.870985951194399 ], [ -96.924966246359801, 32.870889308472897 ], [ -96.925197197829405, 32.870806176333097 ], [ -96.925196562720501, 32.870859871994902 ], [ -96.925195516183194, 32.870948323998199 ], [ -96.925575865569499, 32.870673266452997 ], [ -96.925804808406198, 32.8704846233829 ], [ -96.925973494050197, 32.870323889476701 ], [ -96.926123010544401, 32.870161846226303 ], [ -96.926913639385504, 32.869425887582302 ], [ -96.927031327670903, 32.869416631331397 ], [ -96.927146592301597, 32.869366502091097 ], [ -96.927260467238597, 32.869352229135401 ], [ -96.928012543980998, 32.869341146976197 ], [ -96.928692035950107, 32.869538495667797 ], [ -96.929197054429807, 32.869751808405098 ], [ -96.929650980329399, 32.869986620076702 ], [ -96.930209482704498, 32.870208908741198 ], [ -96.930214333606997, 32.870210839499002 ], [ -96.930282361226901, 32.8702309332593 ], [ -96.930752405597602, 32.870450261427898 ], [ -96.930918830182094, 32.870546776364002 ], [ -96.9310723837051, 32.870635826238399 ], [ -96.931078728505994, 32.870639505902297 ], [ -96.931140573021693, 32.8707144089473 ], [ -96.931186586527204, 32.870770138021101 ], [ -96.931351929540099, 32.8710466408684 ], [ -96.931482927264696, 32.871277787581398 ], [ -96.931512671382094, 32.8713612701155 ], [ -96.931570274951397, 32.871589628940001 ], [ -96.931602859541698, 32.871771092256203 ], [ -96.9316011239966, 32.871903806588598 ], [ -96.931600573329305, 32.871945908213199 ], [ -96.931594106357593, 32.871971855606198 ], [ -96.931563604062106, 32.8720942392859 ], [ -96.931434711988501, 32.872627436138004 ], [ -96.931341466861994, 32.872973510760801 ], [ -96.931246602971399, 32.87329639387 ], [ -96.931094534363396, 32.873261584848997 ], [ -96.9305898258025, 32.874052686397 ], [ -96.930748252686001, 32.874101731841101 ], [ -96.930528240001607, 32.874454988457401 ], [ -96.930362388542207, 32.874721281797001 ], [ -96.930340069899003, 32.874745816031499 ], [ -96.9302558636209, 32.874892318896897 ], [ -96.930235011926499, 32.8749257986792 ], [ -96.930193366029997, 32.874981638274399 ], [ -96.930147939124396, 32.875055527434803 ], [ -96.9301202979631, 32.875083809711697 ], [ -96.9300782541128, 32.875157731228597 ], [ -96.930046513040594, 32.875226058405502 ], [ -96.930045322772798, 32.875230365584798 ], [ -96.929521713658303, 32.876071070316698 ], [ -96.929297134837299, 32.877806281605302 ], [ -96.929413915824199, 32.8802204321102 ], [ -96.928838994042394, 32.881253970193697 ], [ -96.928461701623107, 32.881397306640501 ], [ -96.928084409203706, 32.881812226627098 ], [ -96.927787965159993, 32.882604341207497 ], [ -96.928039493439499, 32.883207852326301 ], [ -96.928371870094693, 32.883456799465499 ], [ -96.928758145666805, 32.883554869358697 ], [ -96.930042736523106, 32.883222940051603 ], [ -96.930959018112901, 32.883238027774397 ], [ -96.931286993023207, 32.883076364200299 ], [ -96.931424007663594, 32.883128239637998 ], [ -96.931937893413405, 32.884060385497797 ], [ -96.932045979606698, 32.884256443121302 ], [ -96.932034652749294, 32.884422908409199 ], [ -96.932003765974898, 32.884876806225499 ], [ -96.931992080689696, 32.885048535855397 ], [ -96.931785468174297, 32.885486069758599 ], [ -96.931147664322594, 32.886097104870402 ], [ -96.931058483174397, 32.886096558712502 ], [ -96.918822778624502, 32.886021668664803 ], [ -96.9187688797074, 32.888624180646403 ], [ -96.917574120379498, 32.888631724048302 ], [ -96.917645985602306, 32.886285695103403 ], [ -96.913450853225399, 32.886104648487397 ] ] ] } },
{ "type": "Feature", "properties": { "OBJECTID": 47, "SHAPEarea": 61096669.828400001, "SHAPElen": 45558.642539699998, "ZipCode": 75219, "Shape__Area": 8072634.546875, "Shape__Length": 16482.055030863299 }, "geometry": { "type": "MultiPolygon", "coordinates": [ [ [ [ -96.808833055236903, 32.7891690439698 ], [ -96.808680341638606, 32.786752416570003 ], [ -96.808949836223803, 32.7849399029325 ], [ -96.809165431891998, 32.784955007365497 ], [ -96.808958819376699, 32.784652918219997 ], [ -96.808965392349606, 32.7845589811254 ], [ -96.808976080504806, 32.7844062193792 ], [ -96.808976785682304, 32.784396141639697 ], [ -96.8096864547568, 32.784426350687603 ], [ -96.809785269438095, 32.784796410692003 ], [ -96.810189511315897, 32.786223770573997 ], [ -96.809434926477195, 32.786321947925103 ], [ -96.809479842241402, 32.788519581807797 ], [ -96.809875100966494, 32.788942487940297 ], [ -96.810117646093204, 32.788912280426104 ], [ -96.811483085324994, 32.790868195796499 ], [ -96.810279342844296, 32.791578054056899 ], [ -96.809030684599406, 32.790158331870202 ], [ -96.808997014844195, 32.7900859971732 ], [ -96.808920125344102, 32.7899208108906 ], [ -96.8088689878482, 32.789810949586197 ], [ -96.808904920459597, 32.789486221441599 ], [ -96.808653392180105, 32.789282321768198 ], [ -96.808833055236903, 32.7891690439698 ] ] ], [ [ [ -96.816360937317796, 32.823681887118198 ], [ -96.813010221308005, 32.823478065874902 ], [ -96.812758693028499, 32.823817767687302 ], [ -96.812489198443203, 32.823802669856498 ], [ -96.813010221308005, 32.822987383185698 ], [ -96.812471803466096, 32.8228093666105 ], [ -96.812462248984701, 32.8228062073538 ], [ -96.812040040801193, 32.8231987545226 ], [ -96.811686897791603, 32.823198045674602 ], [ -96.804521141873096, 32.8231836565867 ], [ -96.804453769125104, 32.8231796126041 ], [ -96.804404789382602, 32.823176672280603 ], [ -96.8043953777333, 32.823176107617698 ], [ -96.804400263670203, 32.822913337422698 ], [ -96.804404360886195, 32.822692972271199 ], [ -96.804402410643704, 32.822692957927998 ], [ -96.802356202038396, 32.822677874249202 ], [ -96.802526881942399, 32.823440321148901 ], [ -96.801987892771905, 32.823251597278301 ], [ -96.801017712264994, 32.823213852456 ], [ -96.800577537775794, 32.822549540959301 ], [ -96.800164312745096, 32.821356787395104 ], [ -96.799724138255897, 32.8211152151028 ], [ -96.799517525740598, 32.820126271681602 ], [ -96.799679222491704, 32.819703513882899 ], [ -96.799213089385702, 32.818950186206301 ], [ -96.799212098544004, 32.818948584238697 ], [ -96.799215315411004, 32.818948708802701 ], [ -96.799993632841094, 32.818978781547699 ], [ -96.799950352010796, 32.8186670172418 ], [ -96.799930750771296, 32.818525820835902 ], [ -96.799840217658598, 32.818348464949899 ], [ -96.798601244150802, 32.815921251926397 ], [ -96.798628193609304, 32.815022846679398 ], [ -96.797631063643905, 32.815271985179201 ], [ -96.797631063643905, 32.814705760305799 ], [ -96.797208855460397, 32.814184830235497 ], [ -96.797801743547893, 32.813210909303301 ], [ -96.800478723094599, 32.810341932895199 ], [ -96.803532995060607, 32.804090263523896 ], [ -96.803734927353304, 32.803813958282703 ], [ -96.804136977341798, 32.803263829391298 ], [ -96.804305546204901, 32.803033174518397 ], [ -96.804577385393003, 32.802825247406801 ], [ -96.804897841404397, 32.802580133280102 ], [ -96.805203861489005, 32.802346059923899 ], [ -96.805542423943194, 32.802191914473703 ], [ -96.805835501101299, 32.802058477482397 ], [ -96.805850648493603, 32.802051580614801 ], [ -96.805670985436805, 32.802625436828301 ], [ -96.806209974607199, 32.802481973122198 ], [ -96.806946593140196, 32.801945869855601 ], [ -96.807386767629396, 32.802074232903898 ], [ -96.807862874730006, 32.802617886112699 ], [ -96.808860004695404, 32.801953420628301 ], [ -96.809937983036306, 32.801681592407697 ], [ -96.809363061254501, 32.8011983401856 ], [ -96.809605606381197, 32.801077526719602 ], [ -96.810252393385795, 32.8009114079358 ], [ -96.810908163543203, 32.801168136834498 ], [ -96.809695437909596, 32.800020401889 ], [ -96.812462248984701, 32.7983214249344 ], [ -96.8132527664348, 32.7973850859807 ], [ -96.814935999969705, 32.7984079074212 ], [ -96.816235173178001, 32.799197345996497 ], [ -96.819280461991198, 32.802965218366602 ], [ -96.819855383773003, 32.803523967405702 ], [ -96.820127267876899, 32.803696578619999 ], [ -96.820441638700501, 32.803896163292997 ], [ -96.820699800140105, 32.804060061155297 ], [ -96.821165979958494, 32.804235510346302 ], [ -96.822230224855403, 32.804636043472598 ], [ -96.822505413861194, 32.804739611965999 ], [ -96.824977374503803, 32.805098492733698 ], [ -96.826458001111305, 32.805313450827001 ], [ -96.827441427276995, 32.805513284810402 ], [ -96.828647603293803, 32.805758381033698 ], [ -96.828910401836893, 32.805811781569297 ], [ -96.828886210206306, 32.8058337329743 ], [ -96.827329366936894, 32.807246354471602 ], [ -96.827733608814796, 32.807329407983197 ], [ -96.827994120247197, 32.807563467461897 ], [ -96.828209715915307, 32.808386445896801 ], [ -96.828883452378406, 32.808597851970902 ], [ -96.829278711103399, 32.809284918239001 ], [ -96.828820570308494, 32.809685075266202 ], [ -96.828784637697197, 32.8102513321316 ], [ -96.827940221330095, 32.811625433790503 ], [ -96.827913271871594, 32.812380425657899 ], [ -96.827535979452307, 32.812652221159901 ], [ -96.827580895216499, 32.8131429609329 ], [ -96.827329366936894, 32.813663897111198 ], [ -96.827491063688001, 32.8142754269888 ], [ -96.827446147923794, 32.814962449362199 ], [ -96.826871226142003, 32.814864303634103 ], [ -96.826233422290301, 32.815702313669703 ], [ -96.826080708692004, 32.816834747107002 ], [ -96.825505786910099, 32.816895143151498 ], [ -96.8247152694601, 32.817182023802602 ], [ -96.824230179206694, 32.818035110792003 ], [ -96.823816954175996, 32.8182917902299 ], [ -96.823439661756694, 32.819310951268598 ], [ -96.822747958987904, 32.819877146793701 ], [ -96.8224335486385, 32.819975286984402 ], [ -96.822262868734498, 32.819862048293203 ], [ -96.821948458384995, 32.820247059254498 ], [ -96.822388632874294, 32.820684912829698 ], [ -96.821876593162301, 32.821568162612103 ], [ -96.820277591956597, 32.820450887911399 ], [ -96.819909282690105, 32.820805699643103 ], [ -96.819442158742305, 32.820413141899103 ], [ -96.818660624445101, 32.8218248318422 ], [ -96.817995871134897, 32.822458952642997 ], [ -96.816917892793995, 32.821530417074499 ], [ -96.816884689264398, 32.821792856935801 ], [ -96.816253139483706, 32.8267844416307 ], [ -96.815974661745599, 32.826761795640103 ], [ -96.816360937317796, 32.823681887118198 ] ] ] ] } },
{ "type": "Feature", "properties": { "OBJECTID": 48, "SHAPEarea": 195252869.41499999, "SHAPElen": 89821.577355100002, "ZipCode": 75218, "Shape__Area": 25697626.4921875, "Shape__Length": 32226.987202209999 }, "geometry": { "type": "Polygon", "coordinates": [ [ [ -96.670654198233606, 32.864051913771597 ], [ -96.670788945526198, 32.863833094190298 ], [ -96.670681147692093, 32.8638481852133 ], [ -96.674804414846193, 32.857600282194703 ], [ -96.675541033379204, 32.856913589683302 ], [ -96.676574095955999, 32.855645835697203 ], [ -96.684488253609103, 32.844242781805001 ], [ -96.688548638693305, 32.8369292646587 ], [ -96.688952880571094, 32.835902757893599 ], [ -96.690542898624003, 32.833276054190698 ], [ -96.6970377181282, 32.821485122408298 ], [ -96.698022031829396, 32.820263728681603 ], [ -96.698187561691896, 32.8200583285996 ], [ -96.698717567709494, 32.819567627020398 ], [ -96.709425485896205, 32.812274727182597 ], [ -96.718857796379496, 32.806015643340501 ], [ -96.720923921532901, 32.805056733899796 ], [ -96.723457170634205, 32.804475342823601 ], [ -96.725810997427004, 32.804345240571003 ], [ -96.727418741037098, 32.804256376367597 ], [ -96.728882994950197, 32.804294129243303 ], [ -96.728833952325601, 32.8043155985415 ], [ -96.728687362542601, 32.804379771582397 ], [ -96.728451803613893, 32.804482893381397 ], [ -96.728405716446503, 32.804547455909997 ], [ -96.728338093068601, 32.804642188105397 ], [ -96.728236207945699, 32.804784915168597 ], [ -96.728169184642297, 32.805128044651198 ], [ -96.727840949220706, 32.806808434672398 ], [ -96.728703331893399, 32.811406484949202 ], [ -96.726762970879705, 32.812705070188699 ], [ -96.726843819255294, 32.812803218301802 ], [ -96.726277880626299, 32.813195809669899 ], [ -96.726394661613199, 32.8134600528834 ], [ -96.726313813237695, 32.8137393948547 ], [ -96.723850011992795, 32.814960204091101 ], [ -96.7235559853154, 32.815105892923597 ], [ -96.723367339105707, 32.815377680089199 ], [ -96.722433091210306, 32.815566420687297 ], [ -96.720744258476103, 32.816510117664002 ], [ -96.720052555707298, 32.817083880526198 ], [ -96.719558482301096, 32.818095506020597 ], [ -96.719100341506206, 32.818548468926302 ], [ -96.719181189881795, 32.818691906698398 ], [ -96.719836960039203, 32.818790048198402 ], [ -96.720034589401706, 32.819031626813597 ], [ -96.720402898668198, 32.820005483944399 ], [ -96.720402898668198, 32.820700011190397 ], [ -96.720843073157397, 32.821877675415102 ], [ -96.720780191087499, 32.822391011345097 ], [ -96.720304083986903, 32.822791109351101 ], [ -96.718588301794199, 32.823651691408003 ], [ -96.716513193487899, 32.825652135024399 ], [ -96.716162850527098, 32.826323972019097 ], [ -96.715614878203795, 32.828158287595997 ], [ -96.717734902274302, 32.829381143599697 ], [ -96.717905582178304, 32.830173726460103 ], [ -96.717797784344199, 32.8310115920779 ], [ -96.716683873391901, 32.8322495051885 ], [ -96.714447068334493, 32.832226860591398 ], [ -96.713288241617903, 32.832755233018297 ], [ -96.712371960028094, 32.8334949491339 ], [ -96.711752122482096, 32.834332783413799 ], [ -96.711823987704804, 32.834408263591399 ], [ -96.712668404071906, 32.834174274832101 ], [ -96.713396039451993, 32.834785663516698 ], [ -96.713117561713901, 32.835095130258303 ], [ -96.712201280124106, 32.8356083897933 ], [ -96.713836213941207, 32.835125322077801 ], [ -96.714869276518002, 32.835314020717 ], [ -96.715138771103199, 32.8357668958148 ], [ -96.715426231994101, 32.837140602813498 ], [ -96.715605895050999, 32.838619955810501 ], [ -96.715560979286707, 32.839940785869302 ], [ -96.715794541260607, 32.840627609733097 ], [ -96.716360479889602, 32.8413068808551 ], [ -96.716953367977098, 32.841593682656999 ], [ -96.717213879409499, 32.841910673044097 ], [ -96.718642200711301, 32.842589934347501 ], [ -96.718785931156702, 32.842808806326801 ], [ -96.718875762685101, 32.843118245100698 ], [ -96.718669150169802, 32.843571080386397 ], [ -96.718687116475493, 32.843978630168202 ], [ -96.717097098422599, 32.846997459167703 ], [ -96.717070148964098, 32.847533290584202 ], [ -96.717294727785102, 32.8478200722667 ], [ -96.716980317435699, 32.848152134109597 ], [ -96.716917435365801, 32.848506835160201 ], [ -96.717079132116893, 32.849020017149599 ], [ -96.718435588195902, 32.8499859987256 ], [ -96.719935774720398, 32.8503255991251 ], [ -96.7212742644938, 32.850212399136403 ], [ -96.722442074363101, 32.850740664515101 ], [ -96.722684619489797, 32.851095355219002 ], [ -96.722792417323902, 32.851631161891497 ], [ -96.722406141751705, 32.852604661509702 ], [ -96.723268524424498, 32.852672579689099 ], [ -96.721426978092097, 32.855502457618002 ], [ -96.7218312199699, 32.8562344380152 ], [ -96.725110070756898, 32.858520894584103 ], [ -96.724495794680806, 32.858807168378199 ], [ -96.719254659495604, 32.861249676947203 ], [ -96.713663021449406, 32.863855454558099 ], [ -96.713306207923594, 32.864021731792498 ], [ -96.712695353530407, 32.864187732550597 ], [ -96.712569589390597, 32.8640745502492 ], [ -96.710772958822403, 32.864210368993497 ], [ -96.710647194682593, 32.863063448615399 ], [ -96.710512447390002, 32.863116267642802 ], [ -96.710665160988299, 32.864202823513203 ], [ -96.708886496725697, 32.864261797461303 ], [ -96.707251562908695, 32.864316005650799 ], [ -96.7072425797558, 32.863516182115397 ], [ -96.7005770803476, 32.863485999954001 ], [ -96.700747760251602, 32.862957810466199 ], [ -96.701349631491993, 32.862180611643304 ], [ -96.701223867352198, 32.862105155084201 ], [ -96.701538277701601, 32.861531683137102 ], [ -96.701619126077205, 32.860497915129599 ], [ -96.701439463020407, 32.859886703559702 ], [ -96.700702844487395, 32.858769911047801 ], [ -96.700837591780001, 32.858747273216302 ], [ -96.700873524391397, 32.857653104475403 ], [ -96.7004020768522, 32.857697107675101 ], [ -96.700388434138006, 32.857698380690998 ], [ -96.700307585762403, 32.858988743120598 ], [ -96.701062170601105, 32.8604828235366 ], [ -96.700954372767001, 32.861652414381503 ], [ -96.6995530009237, 32.863312452326397 ], [ -96.699058927517498, 32.864293369234801 ], [ -96.687282014142696, 32.8641650961018 ], [ -96.687282014142696, 32.863976458804601 ], [ -96.685027242779498, 32.863961367803498 ], [ -96.685027242779498, 32.864157550617698 ], [ -96.683230612211304, 32.864150005132799 ], [ -96.683212645905598, 32.866051447006598 ], [ -96.681092621835106, 32.866036356358599 ], [ -96.680149390786795, 32.8657798149492 ], [ -96.6788827662362, 32.865749633558202 ], [ -96.678927682000406, 32.864150005132799 ], [ -96.674346274051302, 32.864036822783397 ], [ -96.674391189815594, 32.868548913873902 ], [ -96.674759499082001, 32.868850717795098 ], [ -96.676286635064997, 32.869137430568799 ], [ -96.677652074296901, 32.869627858164101 ], [ -96.677381301409, 32.870750759641702 ], [ -96.677108462396006, 32.8706760444962 ], [ -96.676919634726602, 32.8706105891875 ], [ -96.676628242807993, 32.870556152461504 ], [ -96.6759868690514, 32.870425104300601 ], [ -96.674367873144007, 32.870112137662602 ], [ -96.673721847012501, 32.870009593054803 ], [ -96.672099534525202, 32.8696936846585 ], [ -96.671469383421297, 32.869479677638402 ], [ -96.671132276237898, 32.869371629701 ], [ -96.670780572329505, 32.869148826627899 ], [ -96.670469279134096, 32.868940927542297 ], [ -96.670286305785396, 32.868763554664703 ], [ -96.670134574944001, 32.868552274466197 ], [ -96.669377096631806, 32.867603283104401 ], [ -96.669198570842198, 32.867046536778602 ], [ -96.669307608351403, 32.8666959088428 ], [ -96.669027883751696, 32.866416073254399 ], [ -96.670600299316604, 32.8641650961018 ], [ -96.670761996067696, 32.864157550617698 ], [ -96.670824878137594, 32.864059459264801 ], [ -96.670654198233606, 32.864051913771597 ] ] ] } },
{ "type": "Feature", "properties": { "OBJECTID": 49, "SHAPEarea": 788521542.34500003, "SHAPElen": 185994.344564, "ZipCode": 75217, "Shape__Area": 97849308.3125, "Shape__Length": 60831.232314814697 }, "geometry": { "type": "MultiPolygon", "coordinates": [ [ [ [ -96.652993319747793, 32.640825320872104 ], [ -96.6534061522147, 32.640474526637 ], [ -96.652996634531206, 32.640826432086598 ], [ -96.652993319747793, 32.640825320872104 ] ] ], [ [ [ -96.657031656581694, 32.647458294729397 ], [ -96.660406225557196, 32.644772614109101 ], [ -96.658634206132803, 32.646189683761797 ], [ -96.657031656581694, 32.647458294729397 ] ] ], [ [ [ -96.667023053345005, 32.656180685813901 ], [ -96.667173752920405, 32.656058421693999 ], [ -96.667175862164697, 32.656060244410703 ], [ -96.667023053345005, 32.656180685813901 ] ] ], [ [ [ -96.666755509900497, 32.656391559224801 ], [ -96.663769021212602, 32.653850360754099 ], [ -96.666756587878893, 32.656390709131102 ], [ -96.666755509900497, 32.656391559224801 ] ] ], [ [ [ -96.670698830130206, 32.659242550407498 ], [ -96.667254607584198, 32.656128305833697 ], [ -96.668673770561597, 32.657354906874097 ], [ -96.669162759503394, 32.657774495230598 ], [ -96.670187011403797, 32.658668755865698 ], [ -96.670135837076998, 32.6586880458444 ], [ -96.670699966499001, 32.659240463811599 ], [ -96.670698830130206, 32.659242550407498 ] ] ], [ [ [ -96.704529667597797, 32.758178374114699 ], [ -96.704053560497201, 32.757362485645302 ], [ -96.703914680055902, 32.756863863814303 ], [ -96.703875980633498, 32.756724918751402 ], [ -96.703819998523301, 32.756523925817703 ], [ -96.703822146395197, 32.756171194976503 ], [ -96.703855931134697, 32.750623565425201 ], [ -96.704251189859704, 32.748999197855902 ], [ -96.700208771081094, 32.748863202948201 ], [ -96.700289619456697, 32.749014308388404 ], [ -96.697325179019103, 32.749014308388404 ], [ -96.697321510299503, 32.748946432611902 ], [ -96.697316195866307, 32.748848092390098 ], [ -96.683760618228902, 32.748742318411502 ], [ -96.6827994208749, 32.7487498736999 ], [ -96.6827994208749, 32.748893424056803 ], [ -96.680661430498702, 32.748878313503802 ], [ -96.680670413651598, 32.748719652542597 ], [ -96.680077525564002, 32.748712097251698 ], [ -96.680068542411206, 32.748863202948201 ], [ -96.678586322192402, 32.748863202948201 ], [ -96.678595305345198, 32.748704541960201 ], [ -96.677328680794602, 32.748689431375098 ], [ -96.677292748183305, 32.748840537110098 ], [ -96.674570852872407, 32.748810315983597 ], [ -96.674139661536003, 32.748795205416499 ], [ -96.674130678383193, 32.748644099604697 ], [ -96.673331177780298, 32.748621433710802 ], [ -96.673340160933094, 32.748772539561102 ], [ -96.6654619358914, 32.748757428987602 ], [ -96.665434986432899, 32.7494374022573 ], [ -96.664851081498199, 32.751016431272497 ], [ -96.664815148886802, 32.751522621251901 ], [ -96.664410907009, 32.751454625750299 ], [ -96.663189198222597, 32.750767112762603 ], [ -96.662901737331694, 32.749845383727703 ], [ -96.662856821567502, 32.748628989009397 ], [ -96.656918957539403, 32.748621433710802 ], [ -96.656918957539403, 32.7487649842747 ], [ -96.656092507477993, 32.748757428987602 ], [ -96.654673169329101, 32.750827553677503 ], [ -96.652660943092698, 32.750767112762603 ], [ -96.652625010481302, 32.748772539561102 ], [ -96.650415154882396, 32.748757428987602 ], [ -96.650442104340897, 32.748583657208201 ], [ -96.6477741079471, 32.748689431375098 ], [ -96.639114348608203, 32.74859121251 ], [ -96.639112248347004, 32.746423496853502 ], [ -96.639114115944494, 32.745908650239798 ], [ -96.639112130667797, 32.742065157382001 ], [ -96.639110364579906, 32.741454488071099 ], [ -96.639124354043801, 32.740509188501797 ], [ -96.639091790114804, 32.737794248568797 ], [ -96.639114136605798, 32.737795524058299 ], [ -96.639103945218906, 32.735089445262602 ], [ -96.6388910633611, 32.7349606795445 ], [ -96.638880774956206, 32.734140757836798 ], [ -96.638395000186506, 32.734133482412503 ], [ -96.638488406111506, 32.730489253658497 ], [ -96.638517413610302, 32.728591836532502 ], [ -96.638477135847893, 32.728591233484202 ], [ -96.638469481303403, 32.726848198040798 ], [ -96.639001123153093, 32.726856135309802 ], [ -96.639008583661607, 32.726500191587803 ], [ -96.639106142498093, 32.726500836970501 ], [ -96.639128293156304, 32.724793095666897 ], [ -96.638477965891198, 32.724786931917102 ], [ -96.638530386181301, 32.719432486433 ], [ -96.638505611544105, 32.719429340131803 ], [ -96.638445891543995, 32.715104878894799 ], [ -96.638404866383297, 32.712134103136499 ], [ -96.638404679533707, 32.712091633277403 ], [ -96.638512477367797, 32.705039371435603 ], [ -96.6385015897866, 32.705039371435603 ], [ -96.638502195251107, 32.704995423438902 ], [ -96.6357000094184, 32.704968997938003 ], [ -96.635679327505599, 32.703005322232798 ], [ -96.635723747399794, 32.699535989440797 ], [ -96.635860885109395, 32.699535101960301 ], [ -96.636810522044001, 32.699547699798401 ], [ -96.636813040021707, 32.699528938732897 ], [ -96.636850594092195, 32.6995286953183 ], [ -96.637485248450503, 32.694295997188803 ], [ -96.637560263166606, 32.693677481576003 ], [ -96.637586638601704, 32.693616558898199 ], [ -96.637982471350199, 32.692702241995299 ], [ -96.637712976764902, 32.6925132408441 ], [ -96.637874673516095, 32.6909936570474 ], [ -96.637120088677406, 32.690487123367397 ], [ -96.637443482179705, 32.690479563141402 ], [ -96.634425142825094, 32.688476080702102 ], [ -96.635691767375704, 32.687667114674298 ], [ -96.636545166895601, 32.687296651149403 ], [ -96.640111478573601, 32.686434750470298 ], [ -96.640129444879193, 32.678730198557503 ], [ -96.640255209019003, 32.678095053731603 ], [ -96.640785215036601, 32.6770818371606 ], [ -96.6411086085389, 32.675970310239997 ], [ -96.652508229494401, 32.664551784046701 ], [ -96.655670299294499, 32.665459269965901 ], [ -96.662740040580502, 32.659673889354799 ], [ -96.6668363582761, 32.6631602877397 ], [ -96.6676268757261, 32.662963661514503 ], [ -96.669064180180698, 32.664158537286603 ], [ -96.669719950338106, 32.661035189072102 ], [ -96.670569995548803, 32.659479164323201 ], [ -96.670161651963298, 32.660229107779699 ], [ -96.669721799969295, 32.661038785144697 ], [ -96.669573299469704, 32.661838438445002 ], [ -96.669192837794, 32.663792205954202 ], [ -96.669068550484596, 32.664141391688503 ], [ -96.669047548771601, 32.664283595993901 ], [ -96.669006063673393, 32.664564941145898 ], [ -96.668956954573503, 32.6648977482593 ], [ -96.669044943657198, 32.664971403656097 ], [ -96.669338211258193, 32.665216993301797 ], [ -96.669663086980606, 32.665489002073599 ], [ -96.672302266318496, 32.667706439195797 ], [ -96.671813053696198, 32.668982042980197 ], [ -96.673633963031605, 32.669011701320201 ], [ -96.678846450942501, 32.669085381305798 ], [ -96.679050261612502, 32.669087796620502 ], [ -96.679224126044105, 32.669391602460699 ], [ -96.679367856489606, 32.670306601165002 ], [ -96.678801917860596, 32.671728233455198 ], [ -96.676852573694006, 32.673777461472604 ], [ -96.676645961178707, 32.674216035532297 ], [ -96.676529180191807, 32.674692415260999 ], [ -96.676627994873002, 32.675365391818403 ], [ -96.676945820617206, 32.675680129115896 ], [ -96.677104233127594, 32.675873191619502 ], [ -96.677237567370298, 32.675969040671703 ], [ -96.6773915628645, 32.676121539205297 ], [ -96.677548371882196, 32.676166321833499 ], [ -96.677639808699993, 32.676219051506401 ], [ -96.677938632381, 32.676297809095701 ], [ -96.678255467283293, 32.676368323154897 ], [ -96.678255729591399, 32.676368335253201 ], [ -96.678397675982694, 32.676408873534101 ], [ -96.678580201072094, 32.6763832675461 ], [ -96.6786208085162, 32.676385135972801 ], [ -96.678922132208498, 32.676386687576098 ], [ -96.6793396574745, 32.676335537583597 ], [ -96.679713468023806, 32.676269421982198 ], [ -96.680167134310196, 32.676107111216901 ], [ -96.6807521190199, 32.675814992532999 ], [ -96.681389221287404, 32.675457766907101 ], [ -96.682160964846304, 32.6749736444633 ], [ -96.682661295916802, 32.674644706323697 ], [ -96.684545731414204, 32.673516040818598 ], [ -96.684694656816902, 32.673432798975398 ], [ -96.685178876602805, 32.673265186853101 ], [ -96.685594051875995, 32.673162431075099 ], [ -96.686030118369402, 32.673031346017602 ], [ -96.687628886911497, 32.672501987400601 ], [ -96.688326697325905, 32.672234889417901 ], [ -96.689304399426604, 32.671904929425502 ], [ -96.689459904090498, 32.671872904445898 ], [ -96.689809257107896, 32.671846765562798 ], [ -96.690902224737698, 32.6718643459985 ], [ -96.691704381658795, 32.672000632255703 ], [ -96.691792464167406, 32.672047905533702 ], [ -96.691952999396904, 32.672149774840904 ], [ -96.691957864672403, 32.672153678986902 ], [ -96.692582074319006, 32.673157404817999 ], [ -96.692941400432602, 32.674359705876697 ], [ -96.693027949517003, 32.674495697206503 ], [ -96.693039120965807, 32.674513250655401 ], [ -96.693210895017899, 32.674783153969003 ], [ -96.693613524419803, 32.675106858265501 ], [ -96.693663541716504, 32.675147070461101 ], [ -96.693939494290305, 32.675440386045999 ], [ -96.693975880550894, 32.675479061595397 ], [ -96.694039375271799, 32.675510078847701 ], [ -96.694232256139699, 32.675604301813898 ], [ -96.6946122668611, 32.675909818582099 ], [ -96.695160239184403, 32.676718891115399 ], [ -96.695348885394097, 32.677285993662899 ], [ -96.695250070712802, 32.678049686071198 ], [ -96.694396671192905, 32.679040208082299 ], [ -96.694175688327903, 32.679548138972201 ], [ -96.693720217326103, 32.680404502602499 ], [ -96.693638252344599, 32.680647110088003 ], [ -96.6936996225499, 32.680642367791798 ], [ -96.693695985271304, 32.680650728054601 ], [ -96.689833229549606, 32.681074146324697 ], [ -96.691540028589401, 32.6920293960737 ], [ -96.691647826423505, 32.693458242598602 ], [ -96.691486129672299, 32.695423814204197 ], [ -96.691611893812095, 32.696950882268702 ], [ -96.691693942336897, 32.697241354872297 ], [ -96.691844114601295, 32.697773001805402 ], [ -96.691872405244496, 32.697873158247504 ], [ -96.691918066610398, 32.697876723354902 ], [ -96.692743771070099, 32.697941194622601 ], [ -96.693615136895701, 32.697351544315502 ], [ -96.694208024983197, 32.697177672327399 ], [ -96.694603283708204, 32.6972381495791 ], [ -96.695169222337199, 32.697714406503998 ], [ -96.695699228354897, 32.698409888241798 ], [ -96.695977706092904, 32.699581611521801 ], [ -96.696498728957707, 32.6999747023374 ], [ -96.697441960006103, 32.700004940020797 ], [ -96.6980617975521, 32.6998764297959 ], [ -96.699049944364603, 32.6994531006873 ], [ -96.700127922705605, 32.698765186603403 ], [ -96.700720810793101, 32.6987273889726 ], [ -96.701412513561905, 32.698999531557099 ], [ -96.701434501625101, 32.699016827702202 ], [ -96.701629748655407, 32.699170416265403 ], [ -96.701825738592603, 32.699324589667803 ], [ -96.701831636032395, 32.699344258669299 ], [ -96.701897461881501, 32.699563818073898 ], [ -96.702247146377204, 32.700730170399403 ], [ -96.702319811998805, 32.700972540478297 ], [ -96.702411841704702, 32.701054677179002 ], [ -96.702539885768701, 32.7011689560427 ], [ -96.702616256042603, 32.7012371169019 ], [ -96.702869281813705, 32.701285195645397 ], [ -96.703083401549904, 32.701325882116301 ], [ -96.703173211518703, 32.701342947251703 ], [ -96.703602343916501, 32.701257259450799 ], [ -96.703644607854002, 32.701248820232799 ], [ -96.7037032175364, 32.7012371169019 ], [ -96.704062543649997, 32.700995218488202 ], [ -96.704130879391997, 32.7008600816539 ], [ -96.704185499656205, 32.700752069101299 ], [ -96.704242206706894, 32.700639929004303 ], [ -96.704287122471101, 32.699611849338297 ], [ -96.704709330654595, 32.699158281014903 ], [ -96.704768737142601, 32.699140242555004 ], [ -96.705378726458207, 32.698955024961997 ], [ -96.705580696480197, 32.6988936984284 ], [ -96.705588832521698, 32.6988941875289 ], [ -96.707341394437094, 32.698999531557099 ], [ -96.707654152784698, 32.698946893198404 ], [ -96.708375904199698, 32.698825419362798 ], [ -96.708599035834794, 32.698787865174197 ], [ -96.708705322702599, 32.698736603280501 ], [ -96.710871773503598, 32.697691727660398 ], [ -96.712537056902605, 32.696592065956303 ], [ -96.712749252447495, 32.696451942111203 ], [ -96.713001302648195, 32.696432490948297 ], [ -96.714806394448104, 32.696293187839899 ], [ -96.717276761479397, 32.696451942111203 ], [ -96.719896165304604, 32.696418236335099 ], [ -96.720214252458504, 32.696414143500803 ], [ -96.720464507825298, 32.696469564573903 ], [ -96.723132719814799, 32.6970604627612 ], [ -96.723286490730203, 32.697094516039499 ], [ -96.723355700532906, 32.697143421773703 ], [ -96.725640076774596, 32.6987576270785 ], [ -96.727382808425801, 32.698697150856397 ], [ -96.728684333423502, 32.698402562277103 ], [ -96.728685365587694, 32.698402328686797 ], [ -96.732197778348606, 32.699422862817002 ], [ -96.733501127824695, 32.699525047878801 ], [ -96.733644065956099, 32.699536254777797 ], [ -96.733867045775895, 32.699698876740896 ], [ -96.733957027323001, 32.699764501018898 ], [ -96.734048307833902, 32.6998310732017 ], [ -96.734199855419007, 32.700040965183398 ], [ -96.734416063738195, 32.700340409799402 ], [ -96.734479499170305, 32.7004282665118 ], [ -96.734499051002501, 32.7005598881358 ], [ -96.734569330698704, 32.701033014402597 ], [ -96.734605263310101, 32.701274913469803 ], [ -96.734569330698704, 32.7014671359834 ], [ -96.7342279708907, 32.703293226945298 ], [ -96.734235125073695, 32.703411621157002 ], [ -96.734265966932298, 32.703922019780698 ], [ -96.734281869807802, 32.704185201127203 ], [ -96.734328356725399, 32.704344929328698 ], [ -96.734482450135999, 32.704874393235102 ], [ -96.734605263310101, 32.705296376830802 ], [ -96.735806362048905, 32.707751862784299 ], [ -96.735880871013507, 32.707904183828902 ], [ -96.736141382445894, 32.709045547838699 ], [ -96.736132818806297, 32.709259312356302 ], [ -96.736126593481401, 32.7094147200363 ], [ -96.736114432987407, 32.709718265482003 ], [ -96.735575443816899, 32.711139270345797 ], [ -96.733266773536798, 32.714857963179298 ], [ -96.732395407711195, 32.716732367466498 ], [ -96.732377672272506, 32.716800031212998 ], [ -96.731874384846407, 32.718720099943603 ], [ -96.732063031056001, 32.721221707890997 ], [ -96.732076287494706, 32.721268080691402 ], [ -96.732111508640301, 32.721391287162199 ], [ -96.732233710960003, 32.721818758025101 ], [ -96.732655919143596, 32.7225291669006 ], [ -96.734048307833902, 32.723632556698 ], [ -96.734046441134794, 32.723637058651498 ], [ -96.733913560541296, 32.723957525062801 ], [ -96.733985425764004, 32.724274934880498 ], [ -96.735359848148704, 32.724720818192097 ], [ -96.735144252480595, 32.7254085321484 ], [ -96.736015618306197, 32.725846852561503 ], [ -96.736141382445894, 32.7263607427154 ], [ -96.736155512945402, 32.726376451837297 ], [ -96.736183411923093, 32.7264074657636 ], [ -96.736371608975105, 32.726616677800102 ], [ -96.736392910725499, 32.726640358172503 ], [ -96.736326558463702, 32.726705108674402 ], [ -96.736240664251099, 32.7267889295995 ], [ -96.736168331904494, 32.726859515620397 ], [ -96.735189168244801, 32.727184472224103 ], [ -96.734847808436797, 32.727932623622799 ], [ -96.734659162227103, 32.728045979347698 ], [ -96.734084240445299, 32.727849495999699 ], [ -96.733895594235605, 32.726602572351197 ], [ -96.733293722995299, 32.726375857086801 ], [ -96.733114059938401, 32.726889744191702 ], [ -96.732709818060599, 32.726897301332897 ], [ -96.731856418540701, 32.7273582857351 ], [ -96.730661659212799, 32.727486756373402 ], [ -96.729314186286601, 32.728295361435002 ], [ -96.729062658007095, 32.7282424622626 ], [ -96.728945877020095, 32.727977965930002 ], [ -96.729089607465596, 32.727184472224103 ], [ -96.728640449823502, 32.726957758439497 ], [ -96.726996532853605, 32.727426299625499 ], [ -96.726107200722296, 32.727532098907403 ], [ -96.725559228399007, 32.727766368299001 ], [ -96.725011256075703, 32.728182006027197 ], [ -96.724831593018905, 32.728809237475701 ], [ -96.724077008180203, 32.729232427285098 ], [ -96.724148873402896, 32.729617830542303 ], [ -96.723753614677904, 32.730600223464997 ], [ -96.722936147769403, 32.731129199785201 ], [ -96.721858169428401, 32.731522151591101 ], [ -96.721498843314805, 32.731816864308698 ], [ -96.722019866179593, 32.732444070182297 ], [ -96.723403271717103, 32.732428956839598 ], [ -96.723870395664903, 32.732663213362798 ], [ -96.7239063282762, 32.732950365680303 ], [ -96.723484120092706, 32.7344390089184 ], [ -96.722882248852301, 32.735572476944597 ], [ -96.722549872197206, 32.735836950743199 ], [ -96.722469023821603, 32.736146761909197 ], [ -96.721983933568197, 32.736660592688203 ], [ -96.721310197105097, 32.737023294983899 ], [ -96.720852056310207, 32.7364414593359 ], [ -96.720591544877806, 32.736403677669003 ], [ -96.717725919121506, 32.7380811682483 ], [ -96.724732778337597, 32.743997470770402 ], [ -96.725819739831394, 32.744594368365803 ], [ -96.727212128521799, 32.7451005948381 ], [ -96.727275010591697, 32.745312151317599 ], [ -96.727149246451901, 32.745274373411597 ], [ -96.727113313840505, 32.745546373976701 ], [ -96.726700088809807, 32.745637040647303 ], [ -96.726834836102398, 32.745765484939199 ], [ -96.727670269316704, 32.746301926744799 ], [ -96.728757230810501, 32.747450354680304 ], [ -96.738081743459603, 32.755443607373898 ], [ -96.738062899499894, 32.755446437372001 ], [ -96.737578686900505, 32.755519154544402 ], [ -96.737129529258496, 32.755315177036898 ], [ -96.736419860184, 32.755436052653302 ], [ -96.736400613778997, 32.7554666266035 ], [ -96.736379685727897, 32.755499870379701 ], [ -96.736339011808397, 32.755564482815899 ], [ -96.736716304227798, 32.756138638925101 ], [ -96.736527658018105, 32.756221740160598 ], [ -96.736267146585703, 32.755972436221498 ], [ -96.735817988943595, 32.756025318933602 ], [ -96.735755106873796, 32.756199076195003 ], [ -96.735997652000506, 32.7566296905554 ], [ -96.735587524360895, 32.756802144223698 ], [ -96.735530528052706, 32.756826110449403 ], [ -96.735499574803001, 32.757107242468003 ], [ -96.7354856122885, 32.757234058075603 ], [ -96.735465416364306, 32.757225738984602 ], [ -96.7350454377993, 32.757052748250203 ], [ -96.734650179074293, 32.757211394367602 ], [ -96.734452549711804, 32.756901656447099 ], [ -96.734414371312198, 32.756899767797897 ], [ -96.734279262896806, 32.756893084246002 ], [ -96.733994408916899, 32.756878992654499 ], [ -96.733963135866901, 32.756930397149603 ], [ -96.733796779554396, 32.757203839797 ], [ -96.734317802419199, 32.7574304766366 ], [ -96.734362718183405, 32.757800648900698 ], [ -96.734129156209505, 32.757868639557501 ], [ -96.733536268121995, 32.757725103665599 ], [ -96.733230840925401, 32.758049947721702 ], [ -96.732727784366304, 32.758102829199998 ], [ -96.7321528625844, 32.7586165333556 ], [ -96.732018115291794, 32.758903602034103 ], [ -96.732089980514601, 32.7595683891048 ], [ -96.732790666436202, 32.760369148759303 ], [ -96.732413374016801, 32.760905502613902 ], [ -96.731820485929305, 32.7610792503529 ], [ -96.731766587012302, 32.761585383138303 ], [ -96.7299879227497, 32.763368156302498 ], [ -96.729711936039905, 32.763881545295 ], [ -96.729691478705902, 32.763919600094702 ], [ -96.729781310234401, 32.765135785974003 ], [ -96.730880888566304, 32.765948336940198 ], [ -96.730967086409393, 32.766012033825298 ], [ -96.730892865803995, 32.766009771455103 ], [ -96.722540889044396, 32.765755203452002 ], [ -96.716466440668995, 32.7653204838753 ], [ -96.716207766291305, 32.765301971573997 ], [ -96.716081345483104, 32.765255196402101 ], [ -96.715084872186196, 32.764886506992198 ], [ -96.706173584567694, 32.759560834734202 ], [ -96.705544763868801, 32.759160452172502 ], [ -96.704529667597797, 32.758178374114699 ] ] ] ] } },
{ "type": "Feature", "properties": { "OBJECTID": 50, "SHAPEarea": 412124672.45, "SHAPElen": 171832.880576, "ZipCode": 75216, "Shape__Area": 54255263.9921875, "Shape__Length": 62238.359441576598 }, "geometry": { "type": "Polygon", "coordinates": [ [ [ -96.775882850615403, 32.746007261927502 ], [ -96.775047417401098, 32.7457503738556 ], [ -96.773637062405101, 32.745886373515297 ], [ -96.772837561802206, 32.745644596199 ], [ -96.771067880692499, 32.743816134000099 ], [ -96.770969066011205, 32.742516543012499 ], [ -96.770313295853796, 32.741473834212599 ], [ -96.769504812098106, 32.740952475236902 ], [ -96.768831075635006, 32.7407560203388 ], [ -96.767654282612796, 32.740128872958302 ], [ -96.764285600297399, 32.736834387722404 ], [ -96.762039812087096, 32.7349075107836 ], [ -96.761069631580298, 32.733819373636898 ], [ -96.759639316916903, 32.731260215399502 ], [ -96.759371815693299, 32.730781587128398 ], [ -96.759367314235405, 32.730637708341703 ], [ -96.759358300539802, 32.730349568450897 ], [ -96.759353849387594, 32.730207267594999 ], [ -96.759434697763197, 32.730018345887103 ], [ -96.759828357486995, 32.7298326966689 ], [ -96.760027585850693, 32.729738741024697 ], [ -96.761253853587107, 32.729696758656701 ], [ -96.761572688139395, 32.729685842708797 ], [ -96.761648399049804, 32.729659133581499 ], [ -96.762200498233497, 32.729464366943397 ], [ -96.762408121353602, 32.7293911229457 ], [ -96.762496034080499, 32.729284811998198 ], [ -96.762839312690005, 32.728869693285802 ], [ -96.762866262148506, 32.728650540779299 ], [ -96.762839312690005, 32.728576561572702 ], [ -96.762695582244504, 32.728182006027197 ], [ -96.762363205589395, 32.727970408880402 ], [ -96.761833199571697, 32.727721025884101 ], [ -96.760494709798394, 32.727637898063698 ], [ -96.760090317003602, 32.727697185588802 ], [ -96.757934271388507, 32.728013277747301 ], [ -96.7563807087665, 32.728241040785797 ], [ -96.756164830128995, 32.728272690364903 ], [ -96.755998578021007, 32.7282769124743 ], [ -96.753784294626001, 32.728333146538901 ], [ -96.7531734402328, 32.728106435675301 ], [ -96.7507749384242, 32.726292728012098 ], [ -96.749427465498101, 32.726058454748298 ], [ -96.748376436615601, 32.725605020875904 ], [ -96.747972194737798, 32.725257386678699 ], [ -96.747298458274699, 32.724214475954803 ], [ -96.746247429392298, 32.723541867640598 ], [ -96.745474878247904, 32.723549425065499 ], [ -96.743660281374005, 32.724010426777603 ], [ -96.739554980525597, 32.723708130841999 ], [ -96.735476629135704, 32.724040656314799 ], [ -96.734542381240203, 32.723866836336001 ], [ -96.734046441134794, 32.723637058651498 ], [ -96.733922543694106, 32.723579654759 ], [ -96.732655919143596, 32.7225291669006 ], [ -96.732111508640301, 32.721391287162199 ], [ -96.732080997361706, 32.721327514535297 ], [ -96.732076287494706, 32.721268080691402 ], [ -96.731874384846407, 32.718720099943603 ], [ -96.732332525641297, 32.716898643363997 ], [ -96.732377672272506, 32.716800031212998 ], [ -96.733266773536798, 32.714857963179298 ], [ -96.735575443816899, 32.711139270345797 ], [ -96.736126593481401, 32.7094147200363 ], [ -96.736150365598803, 32.709340334846097 ], [ -96.736132818806297, 32.709259312356302 ], [ -96.735806362048905, 32.707751862784299 ], [ -96.735782056332297, 32.707639627172703 ], [ -96.734482450135999, 32.704874393235102 ], [ -96.734371701336201, 32.704638743902102 ], [ -96.734328356725399, 32.704344929328698 ], [ -96.734265966932298, 32.703922019780698 ], [ -96.734210004585094, 32.703542678250201 ], [ -96.734235125073695, 32.703411621157002 ], [ -96.734569330698704, 32.701667996827197 ], [ -96.734569330698704, 32.7014671359834 ], [ -96.734569330698704, 32.701033014402597 ], [ -96.734569330698704, 32.700745760062297 ], [ -96.734499051002501, 32.7005598881358 ], [ -96.734416063738195, 32.700340409799402 ], [ -96.734380684489096, 32.700246841118698 ], [ -96.734199855419007, 32.700040965183398 ], [ -96.733957027323001, 32.699764501018898 ], [ -96.733922543694106, 32.699725241058999 ], [ -96.733867045775895, 32.699698876740896 ], [ -96.733501127824695, 32.699525047878801 ], [ -96.733365588218007, 32.699460660153299 ], [ -96.732197778348606, 32.699422862817002 ], [ -96.728684333423502, 32.698402562277103 ], [ -96.728631466670706, 32.698387209575003 ], [ -96.727382808425801, 32.698697150856397 ], [ -96.725640076774596, 32.6987576270785 ], [ -96.723529035856899, 32.697207910958397 ], [ -96.723355700532906, 32.697143421773703 ], [ -96.723132719814799, 32.6970604627612 ], [ -96.722675636337001, 32.696890404822398 ], [ -96.721022736214195, 32.6965199795697 ], [ -96.720464507825298, 32.696469564573903 ], [ -96.719896165304604, 32.696418236335099 ], [ -96.719181189881795, 32.6963536656908 ], [ -96.717276761479397, 32.696451942111203 ], [ -96.714806394448104, 32.696293187839899 ], [ -96.713054679644102, 32.696414143500803 ], [ -96.713063662796898, 32.6961041942916 ], [ -96.714563849321394, 32.694652710502602 ], [ -96.715929288553198, 32.694244476434498 ], [ -96.717896599025494, 32.6940025590687 ], [ -96.718705082781199, 32.693654801706799 ], [ -96.720402898668198, 32.693299483003003 ], [ -96.729646562941696, 32.6889448240184 ], [ -96.732611003379304, 32.693193643115698 ], [ -96.7313623451344, 32.693813560670499 ], [ -96.726062284958104, 32.695597689608803 ], [ -96.727697218775205, 32.695590129815599 ], [ -96.730490979308797, 32.696656054330901 ], [ -96.732709818060599, 32.697850479444298 ], [ -96.7352789997732, 32.697835360238997 ], [ -96.7357191742624, 32.697616131473602 ], [ -96.735934769930594, 32.697820241031103 ], [ -96.7376775015818, 32.697805121820601 ], [ -96.738548867407403, 32.697623691095103 ], [ -96.739276502787504, 32.697752204563798 ], [ -96.7401029528489, 32.6974498196372 ], [ -96.751637321096993, 32.717420143031802 ], [ -96.7552485485391, 32.715644008482599 ], [ -96.7536405641806, 32.713414342704297 ], [ -96.751861899917998, 32.710587499868701 ], [ -96.7492837350526, 32.706173213196401 ], [ -96.749346617122498, 32.705961563828097 ], [ -96.753335136984006, 32.7125300191462 ], [ -96.754017856599901, 32.712295709725701 ], [ -96.754745491980003, 32.712567810930501 ], [ -96.755293464303406, 32.712666069495 ], [ -96.755194649622098, 32.712522460787397 ], [ -96.756128897517598, 32.712749211272602 ], [ -96.754682609910105, 32.709491507292597 ], [ -96.755607874652796, 32.7095519761994 ], [ -96.754844306661298, 32.706687216714897 ], [ -96.755527026277207, 32.708244326948602 ], [ -96.756030082836304, 32.708947285286499 ], [ -96.755920286250699, 32.707936806633803 ], [ -96.755886352390903, 32.707624509625802 ], [ -96.755338731308797, 32.706186130594602 ], [ -96.753299204372595, 32.700828912948403 ], [ -96.754997020259594, 32.7001788065011 ], [ -96.752751232049306, 32.694554432101299 ], [ -96.753730395708999, 32.694546872219803 ], [ -96.758051292225602, 32.6919537950915 ], [ -96.759021472732499, 32.690305677768002 ], [ -96.760090467920506, 32.696391464326901 ], [ -96.759228085247798, 32.696814807956898 ], [ -96.760180299449004, 32.6982662565878 ], [ -96.764240684533206, 32.696814807956898 ], [ -96.765974433031502, 32.696330986501501 ], [ -96.765345612332695, 32.695378455347402 ], [ -96.765534258542303, 32.6945317524549 ], [ -96.765147982970106, 32.693919399822803 ], [ -96.770564824133402, 32.691273383370302 ], [ -96.771543987793095, 32.691061698666097 ], [ -96.771526021487404, 32.693677481576003 ], [ -96.771939246518102, 32.694539312337596 ], [ -96.780149848214904, 32.690517364264799 ], [ -96.780024084075194, 32.690313238008599 ], [ -96.781641051586604, 32.689436245820701 ], [ -96.781865630407594, 32.688959944729604 ], [ -96.785036683360602, 32.687440300453702 ], [ -96.785351093710005, 32.687992214052301 ], [ -96.788324517300396, 32.6865935222731 ], [ -96.789627074462402, 32.686200372530998 ], [ -96.7883155341476, 32.6840380180086 ], [ -96.788468247745897, 32.683969971037499 ], [ -96.789537242934003, 32.685376264570003 ], [ -96.789905552200494, 32.686124766612998 ], [ -96.7923489697733, 32.685489674373798 ], [ -96.791136244139693, 32.683168525031597 ], [ -96.792941857860797, 32.6826846296212 ], [ -96.792483717065906, 32.682971942837298 ], [ -96.792528632830098, 32.684060700320799 ], [ -96.793624577476706, 32.684499223890597 ], [ -96.7939569541319, 32.684831895507202 ], [ -96.793903055214798, 32.685073837722598 ], [ -96.8048625016811, 32.682215853442003 ], [ -96.805886581105, 32.682155366013902 ], [ -96.806847778459002, 32.682291462669603 ], [ -96.806838795306106, 32.680960730913498 ], [ -96.805895564257796, 32.680726338607201 ], [ -96.805913530563501, 32.679055330470597 ], [ -96.807835925271505, 32.679138503560601 ], [ -96.807782026354502, 32.680771704907997 ], [ -96.807997622022597, 32.681353903723299 ], [ -96.807916773647094, 32.681989025375202 ], [ -96.808123386162407, 32.682155366013902 ], [ -96.808949836223803, 32.6822536580638 ], [ -96.8085186448874, 32.683032429712398 ], [ -96.809848151507893, 32.683584370555103 ], [ -96.810890197237498, 32.683773390607399 ], [ -96.810972688631693, 32.683773667332503 ], [ -96.815399739963794, 32.683788512194297 ], [ -96.817025690628, 32.683947288702299 ], [ -96.818813338043398, 32.684899941821499 ], [ -96.821310654533306, 32.6865405983702 ], [ -96.822900672586201, 32.687047154440002 ], [ -96.823080335642999, 32.6961041942916 ], [ -96.823313897616899, 32.698976853040101 ], [ -96.822945588350393, 32.700503860316701 ], [ -96.822981520961804, 32.703028656617498 ], [ -96.822352700262897, 32.703028656617498 ], [ -96.822469481249797, 32.705855738955698 ], [ -96.821795744786698, 32.705946445996901 ], [ -96.8229905041146, 32.705961563828097 ], [ -96.822981520961804, 32.7104967975459 ], [ -96.822891689433405, 32.719173568827102 ], [ -96.821687946952594, 32.719158453234797 ], [ -96.821687946952594, 32.720277000145202 ], [ -96.822882706280495, 32.720322346345696 ], [ -96.822819824210598, 32.722816351860899 ], [ -96.821652014341296, 32.722839024318297 ], [ -96.821607098577104, 32.725121355536999 ], [ -96.822819824210598, 32.725144027408298 ], [ -96.822810841057802, 32.726383414271602 ], [ -96.822361683415707, 32.726375857086801 ], [ -96.8220832056776, 32.728590084820603 ], [ -96.822783891599201, 32.728605198814101 ], [ -96.822703043223697, 32.731960441946399 ], [ -96.824553572708993, 32.732217369773402 ], [ -96.824346960193594, 32.732821902915802 ], [ -96.8233408470754, 32.732844572828903 ], [ -96.821957441537904, 32.733358422645502 ], [ -96.813639042006898, 32.740128872958302 ], [ -96.813109035989299, 32.739494165091301 ], [ -96.812363434303506, 32.740128872958302 ], [ -96.811725630451704, 32.738602544023202 ], [ -96.811563933700597, 32.7373104332544 ], [ -96.810306292302798, 32.737325545769401 ], [ -96.810378157525605, 32.739139028955201 ], [ -96.809246280267601, 32.739131472851803 ], [ -96.809237297114706, 32.738217179614097 ], [ -96.808770173167005, 32.738202067250398 ], [ -96.805464372921406, 32.738202067250398 ], [ -96.8054464066158, 32.7385949878744 ], [ -96.802976039584394, 32.738602544023202 ], [ -96.802994005890099, 32.738224735795001 ], [ -96.802499932483798, 32.738239848154898 ], [ -96.802428067261104, 32.7386101001714 ], [ -96.799697188797396, 32.738617656319001 ], [ -96.799463626823496, 32.739139028955201 ], [ -96.798628193609304, 32.739063467892599 ], [ -96.800137363286595, 32.733260186880202 ], [ -96.800146346439405, 32.732323163369301 ], [ -96.799912784465604, 32.731038518353301 ], [ -96.798978536570104, 32.728779009555304 ], [ -96.799499559434906, 32.728567413825502 ], [ -96.799472609976306, 32.727592555583499 ], [ -96.799849902395707, 32.7265496721744 ], [ -96.799517525740598, 32.726270056432902 ], [ -96.8016465329639, 32.724524327516001 ], [ -96.802318406321106, 32.723725931566598 ], [ -96.802365185191206, 32.723670343777997 ], [ -96.803425197226503, 32.721463551465 ], [ -96.803766557034507, 32.720050268797102 ], [ -96.802796376527596, 32.720057826518001 ], [ -96.802679595540695, 32.720428154057103 ], [ -96.801260257391803, 32.721123458751698 ], [ -96.800047531758196, 32.722347786449198 ], [ -96.799346845836595, 32.722793679397597 ], [ -96.778263386118297, 32.732859686101001 ], [ -96.780652904774001, 32.738149173957098 ], [ -96.781003247734901, 32.739637730361601 ], [ -96.781120028721801, 32.741232044922 ], [ -96.780724769996795, 32.7430076697418 ], [ -96.777544733891006, 32.749920935646799 ], [ -96.776700317523904, 32.749512954522402 ], [ -96.7755684402659, 32.748236112632398 ], [ -96.775561510661802, 32.7481603454682 ], [ -96.775550111939197, 32.748035718569199 ], [ -96.775541490807399, 32.747941454212601 ], [ -96.776008614755199, 32.746664589797497 ], [ -96.775882850615403, 32.746007261927502 ] ], [ [ -96.822478464402593, 32.6998764297959 ], [ -96.822478464402593, 32.699203637951001 ], [ -96.821831677398094, 32.699211197438103 ], [ -96.821750829022506, 32.698553519664699 ], [ -96.821364553450394, 32.698553519664699 ], [ -96.821373536603204, 32.700488741560797 ], [ -96.822478464402593, 32.700466063422297 ], [ -96.822478464402593, 32.6998764297959 ] ] ] } },
{ "type": "Feature", "properties": { "OBJECTID": 51, "SHAPEarea": 240003874.29300001, "SHAPElen": 85524.262099900006, "ZipCode": 75215, "Shape__Area": 31619595.4375, "Shape__Length": 30885.901976995399 }, "geometry": { "type": "Polygon", "coordinates": [ [ [ -96.769788181162895, 32.778077142476398 ], [ -96.766055281407105, 32.774932652488197 ], [ -96.757621300140102, 32.768478267172704 ], [ -96.757557218819301, 32.768429224562702 ], [ -96.754583795228896, 32.7669487030252 ], [ -96.752688349979394, 32.766586122568597 ], [ -96.750936635175407, 32.766480369657202 ], [ -96.743282988954704, 32.759795019926301 ], [ -96.742318048320897, 32.759043981302703 ], [ -96.741594156220501, 32.758480553132202 ], [ -96.738062899499894, 32.755446437372001 ], [ -96.728757230810501, 32.747450354680304 ], [ -96.727670269316704, 32.746301926744799 ], [ -96.726834836102398, 32.745765484939199 ], [ -96.726700088809807, 32.745637040647303 ], [ -96.727113313840505, 32.745546373976701 ], [ -96.727149246451901, 32.745274373411597 ], [ -96.727275010591697, 32.745312151317599 ], [ -96.727212128521799, 32.7451005948381 ], [ -96.725819739831394, 32.744594368365803 ], [ -96.724732778337597, 32.743997470770402 ], [ -96.717725919121506, 32.7380811682483 ], [ -96.720591544877806, 32.736403677669003 ], [ -96.720852056310207, 32.7364414593359 ], [ -96.721310197105097, 32.737023294983899 ], [ -96.721983933568197, 32.736660592688203 ], [ -96.722469023821603, 32.736146761909197 ], [ -96.722549872197206, 32.735836950743199 ], [ -96.722882248852301, 32.735572476944597 ], [ -96.723484120092706, 32.7344390089184 ], [ -96.7239063282762, 32.732950365680303 ], [ -96.723870395664903, 32.732663213362798 ], [ -96.723403271717103, 32.732428956839598 ], [ -96.722019866179593, 32.732444070182297 ], [ -96.721498843314805, 32.731816864308698 ], [ -96.721858169428401, 32.731522151591101 ], [ -96.722936147769403, 32.731129199785201 ], [ -96.723753614677904, 32.730600223464997 ], [ -96.724148873402896, 32.729617830542303 ], [ -96.724077008180203, 32.729232427285098 ], [ -96.724831593018905, 32.728809237475701 ], [ -96.725011256075703, 32.728182006027197 ], [ -96.725559228399007, 32.727766368299001 ], [ -96.726107200722296, 32.727532098907403 ], [ -96.726996532853605, 32.727426299625499 ], [ -96.728640449823502, 32.726957758439497 ], [ -96.729089607465596, 32.727184472224103 ], [ -96.728945877020095, 32.727977965930002 ], [ -96.729062658007095, 32.7282424622626 ], [ -96.729314186286601, 32.728295361435002 ], [ -96.730661659212799, 32.727486756373402 ], [ -96.731856418540701, 32.7273582857351 ], [ -96.732709818060599, 32.726897301332897 ], [ -96.733114059938401, 32.726889744191702 ], [ -96.733293722995299, 32.726375857086801 ], [ -96.733895594235605, 32.726602572351197 ], [ -96.734084240445299, 32.727849495999699 ], [ -96.734659162227103, 32.728045979347698 ], [ -96.734847808436797, 32.727932623622799 ], [ -96.735189168244801, 32.727184472224103 ], [ -96.736240664251099, 32.7267889295995 ], [ -96.736294096044205, 32.726768829845199 ], [ -96.736326558463702, 32.726705108674402 ], [ -96.736371608975105, 32.726616677800102 ], [ -96.736401893878295, 32.726557229344401 ], [ -96.736183411923093, 32.7264074657636 ], [ -96.736159348751599, 32.7263909714557 ], [ -96.736155512945402, 32.726376451837297 ], [ -96.736015618306197, 32.725846852561503 ], [ -96.735144252480595, 32.7254085321484 ], [ -96.735359848148704, 32.724720818192097 ], [ -96.733985425764004, 32.724274934880498 ], [ -96.733913560541296, 32.723957525062801 ], [ -96.734046441134794, 32.723637058651498 ], [ -96.734048307833902, 32.723632556698 ], [ -96.734542381240203, 32.723866836336001 ], [ -96.735476629135704, 32.724040656314799 ], [ -96.739554980525597, 32.723708130841999 ], [ -96.743660281374005, 32.724010426777603 ], [ -96.745474878247904, 32.723549425065499 ], [ -96.746247429392298, 32.723541867640598 ], [ -96.747298458274699, 32.724214475954803 ], [ -96.747972194737798, 32.725257386678699 ], [ -96.748376436615601, 32.725605020875904 ], [ -96.749427465498101, 32.726058454748298 ], [ -96.7507749384242, 32.726292728012098 ], [ -96.7531734402328, 32.728106435675301 ], [ -96.753784294626001, 32.728333146538901 ], [ -96.754997020259594, 32.728370931626699 ], [ -96.755998578021007, 32.7282769124743 ], [ -96.7563807087665, 32.728241040785797 ], [ -96.7570900948716, 32.728174448994899 ], [ -96.757934271388507, 32.728013277747301 ], [ -96.759623343972805, 32.727690797594803 ], [ -96.760090317003602, 32.727697185588802 ], [ -96.761833199571697, 32.727721025884101 ], [ -96.762695582244504, 32.728182006027197 ], [ -96.762839312690005, 32.728461615772297 ], [ -96.762839312690005, 32.728576561572702 ], [ -96.762839312690005, 32.728869693285802 ], [ -96.762569818104694, 32.729239984227803 ], [ -96.762496034080499, 32.729284811998198 ], [ -96.762200498233497, 32.729464366943397 ], [ -96.761923031100196, 32.729632944361498 ], [ -96.761648399049804, 32.729659133581499 ], [ -96.761253853587107, 32.729696758656701 ], [ -96.759828357486995, 32.7298326966689 ], [ -96.759704192348394, 32.7298445375623 ], [ -96.759434697763197, 32.730018345887103 ], [ -96.759358300539802, 32.730349568450897 ], [ -96.759317916776197, 32.730524655163002 ], [ -96.759367314235405, 32.730637708341703 ], [ -96.759639316916903, 32.731260215399502 ], [ -96.759928771169399, 32.73192265838 ], [ -96.761069631580298, 32.733819373636898 ], [ -96.762039812087096, 32.7349075107836 ], [ -96.764285600297399, 32.736834387722404 ], [ -96.767654282612796, 32.740128872958302 ], [ -96.768831075635006, 32.7407560203388 ], [ -96.769504812098106, 32.740952475236902 ], [ -96.770313295853796, 32.741473834212599 ], [ -96.770969066011205, 32.742516543012499 ], [ -96.771067880692499, 32.743816134000099 ], [ -96.772837561802206, 32.745644596199 ], [ -96.773637062405101, 32.745886373515297 ], [ -96.775047417401098, 32.7457503738556 ], [ -96.775882850615403, 32.746007261927502 ], [ -96.776008614755199, 32.746664589797497 ], [ -96.775550111939197, 32.748035718569199 ], [ -96.775523524501693, 32.748115227244703 ], [ -96.775561510661802, 32.7481603454682 ], [ -96.776700317523904, 32.749512954522402 ], [ -96.777544733891006, 32.749920935646799 ], [ -96.778622712232007, 32.749815162942099 ], [ -96.779673741114394, 32.750185366859 ], [ -96.781173927638804, 32.751484845979597 ], [ -96.782359703813896, 32.752195018417702 ], [ -96.783507668102004, 32.752097073131601 ], [ -96.783599378906004, 32.752089248413498 ], [ -96.785274440466793, 32.751347435269601 ], [ -96.785458891544096, 32.751265749084503 ], [ -96.785966463035805, 32.751270105340403 ], [ -96.786814684666396, 32.751277384654202 ], [ -96.787219589501007, 32.751280859232502 ], [ -96.787414681122797, 32.751362074722998 ], [ -96.789905552200494, 32.752399003071197 ], [ -96.791495570253403, 32.753275376267503 ], [ -96.791474609862803, 32.753311806763499 ], [ -96.787722646060104, 32.759832791673901 ], [ -96.788845540165198, 32.760331377239297 ], [ -96.792393885537507, 32.762355908123297 ], [ -96.791792014297101, 32.7629451286125 ], [ -96.794010853048903, 32.764569241823999 ], [ -96.795834433075697, 32.7654152797599 ], [ -96.797119023931998, 32.766291524860101 ], [ -96.796633933678507, 32.766895826800599 ], [ -96.800092447522402, 32.768889994098402 ], [ -96.800631436692896, 32.769516938980303 ], [ -96.800510648321406, 32.769635431822202 ], [ -96.800510164129506, 32.769635906938298 ], [ -96.799553458351895, 32.7705744263653 ], [ -96.800559571470103, 32.771299553310797 ], [ -96.798897688194501, 32.772538298175903 ], [ -96.798801687935097, 32.7725770932717 ], [ -96.797738861477995, 32.773006599670403 ], [ -96.791495570253403, 32.774607870033002 ], [ -96.788144854243598, 32.775219668555003 ], [ -96.787210606348097, 32.775514236713697 ], [ -96.786015847020295, 32.776065605261799 ], [ -96.785847537770294, 32.776185597711198 ], [ -96.784067974294103, 32.777454291874001 ], [ -96.784066502853705, 32.777455340965197 ], [ -96.784740239316804, 32.776760475826599 ], [ -96.7845426099543, 32.776526335264201 ], [ -96.785117531736105, 32.7761109230727 ], [ -96.785315161098595, 32.775672849933699 ], [ -96.785548723072495, 32.7755066836962 ], [ -96.785261262181606, 32.775499130678 ], [ -96.784327014286106, 32.774728719457102 ], [ -96.783814974574199, 32.774925099421303 ], [ -96.783168187569601, 32.7747136132881 ], [ -96.782332754355394, 32.773754366302803 ], [ -96.782970558207097, 32.773399366765702 ], [ -96.780302561813201, 32.770189200272704 ], [ -96.7760355642137, 32.776080711201402 ], [ -96.775271996222202, 32.775038395357399 ], [ -96.770825335565803, 32.778950793184002 ], [ -96.769788181162895, 32.778077142476398 ] ] ] } },
{ "type": "Feature", "properties": { "OBJECTID": 52, "SHAPEarea": 208604674.22600001, "SHAPElen": 90146.162508199996, "ZipCode": 75214, "Shape__Area": 27532961.4296875, "Shape__Length": 32548.749854289901 }, "geometry": { "type": "Polygon", "coordinates": [ [ [ -96.744432832518299, 32.855645835697203 ], [ -96.743220106884806, 32.8528838803593 ], [ -96.741055167050106, 32.855011951910498 ], [ -96.736015618306197, 32.854113942126403 ], [ -96.734632212768602, 32.854279961426798 ], [ -96.7336710154146, 32.854619545391898 ], [ -96.733769830095895, 32.852725404903801 ], [ -96.734030341528296, 32.852159418823703 ], [ -96.733769830095895, 32.851759453149903 ], [ -96.733069144174195, 32.852566929165299 ], [ -96.732969667434602, 32.8528323788859 ], [ -96.732767431511306, 32.853372032789899 ], [ -96.732611003379304, 32.853789448960399 ], [ -96.732625689037604, 32.854120484802003 ], [ -96.732664902296406, 32.855004405647698 ], [ -96.733105076785606, 32.854838387702898 ], [ -96.733167958855503, 32.855004405647698 ], [ -96.732697394360201, 32.855209764887803 ], [ -96.732694243968496, 32.855211139813697 ], [ -96.727821238386696, 32.857337747446898 ], [ -96.725110070756898, 32.858520894584103 ], [ -96.7218312199699, 32.8562344380152 ], [ -96.721426978092097, 32.855502457618002 ], [ -96.723268524424498, 32.852672579689099 ], [ -96.723978193498994, 32.852687672610799 ], [ -96.724041075568806, 32.852378267202802 ], [ -96.724822609865996, 32.851804732373303 ], [ -96.7257209251501, 32.848884175147099 ], [ -96.726322796390505, 32.848937002617198 ], [ -96.728065528041697, 32.8494501821189 ], [ -96.728236207945699, 32.849827518094401 ], [ -96.728865028644606, 32.8503557857644 ], [ -96.729808259692902, 32.850016185480399 ], [ -96.730257417334897, 32.849321887521697 ], [ -96.729619613483194, 32.847986103343402 ], [ -96.728936893867299, 32.847337071004297 ], [ -96.727733151386602, 32.846597470226797 ], [ -96.727463656801305, 32.846159744414201 ], [ -96.728110443805903, 32.845072967545299 ], [ -96.729224354758202, 32.844212593086297 ], [ -96.729269270522394, 32.843933346951502 ], [ -96.729448933579206, 32.843842780448803 ], [ -96.729844192304299, 32.8431559814628 ], [ -96.7298711417628, 32.840687989598898 ], [ -96.729691478705902, 32.840114379215798 ], [ -96.728541635142307, 32.838989790207997 ], [ -96.727077381229194, 32.838144452178497 ], [ -96.725981436582501, 32.838099165985497 ], [ -96.723870395664903, 32.838552026876201 ], [ -96.723448187481296, 32.838340692081303 ], [ -96.723223608660305, 32.837895377830897 ], [ -96.7241398902501, 32.8362348643223 ], [ -96.7248136267132, 32.835480075187697 ], [ -96.727373825272906, 32.834159178762 ], [ -96.728882994950197, 32.832996773651999 ], [ -96.729583680871897, 32.832943936694498 ], [ -96.730580810837196, 32.833744035826797 ], [ -96.730841322269598, 32.833819516504803 ], [ -96.731137766313395, 32.833653458928403 ], [ -96.731272513606001, 32.833842160695703 ], [ -96.731380311440105, 32.832959032971303 ], [ -96.731730654400906, 32.832543884424801 ], [ -96.731991165833307, 32.8318117086217 ], [ -96.731811502776495, 32.831630550790301 ], [ -96.730670642365595, 32.831675840282799 ], [ -96.730580810837196, 32.831351265076201 ], [ -96.730050804819598, 32.831026688683103 ], [ -96.7297543607758, 32.830641724446401 ], [ -96.729125540077007, 32.828950881370297 ], [ -96.728909944408798, 32.826799538954603 ], [ -96.728388921543996, 32.825871048760597 ], [ -96.728361972085494, 32.825425671970798 ], [ -96.728604517212204, 32.825070878692699 ], [ -96.729107573771302, 32.824897255933799 ], [ -96.730293349946294, 32.825033134643597 ], [ -96.730706574977006, 32.825357732942201 ], [ -96.731029968479305, 32.825418123192399 ], [ -96.730886238033804, 32.825780463831698 ], [ -96.731272513606001, 32.826407007699203 ], [ -96.731793536470803, 32.826769344304203 ], [ -96.731820485929305, 32.826188095284003 ], [ -96.731542008191198, 32.825252049905401 ], [ -96.731443193510003, 32.825055781075001 ], [ -96.731110816854894, 32.8251614643453 ], [ -96.730041821666802, 32.824051783735598 ], [ -96.7221815629307, 32.823832865515399 ], [ -96.723850011992795, 32.814960204091101 ], [ -96.723852429359198, 32.814947350026401 ], [ -96.726313813237695, 32.8137393948547 ], [ -96.726394661613199, 32.8134600528834 ], [ -96.726277880626299, 32.813195809669899 ], [ -96.726843819255294, 32.812803218301802 ], [ -96.726762970879705, 32.812705070188699 ], [ -96.728703331893399, 32.811406484949202 ], [ -96.727840949220706, 32.806808434672398 ], [ -96.727957730207606, 32.805736277091 ], [ -96.728169184642297, 32.805128044651198 ], [ -96.728338093068601, 32.804642188105397 ], [ -96.728361972085494, 32.804573500025299 ], [ -96.728405716446503, 32.804547455909997 ], [ -96.728687362542601, 32.804379771582397 ], [ -96.728793163421798, 32.804316780961003 ], [ -96.728833952325601, 32.8043155985415 ], [ -96.729314186286601, 32.804301679816497 ], [ -96.731146749466205, 32.804867970980197 ], [ -96.733212874619696, 32.806393163904197 ], [ -96.732350491946903, 32.807820177149303 ], [ -96.732431340322506, 32.8079560819777 ], [ -96.733662032261705, 32.806853736820599 ], [ -96.735314932384497, 32.808424197018297 ], [ -96.737425973302194, 32.809594473832902 ], [ -96.738468019031799, 32.809798326927897 ], [ -96.738606359585603, 32.809798326927897 ], [ -96.739109415246304, 32.809798326927897 ], [ -96.739563963678407, 32.809798326927897 ], [ -96.739712565687697, 32.8097615926347 ], [ -96.741803960450099, 32.809244601941103 ], [ -96.743687230832506, 32.808779056777098 ], [ -96.743952178145804, 32.808655588392398 ], [ -96.744378019116297, 32.808457141653903 ], [ -96.744594529269506, 32.808356244987998 ], [ -96.745744372833201, 32.807487964471598 ], [ -96.747397272955993, 32.805819332013598 ], [ -96.749265768746895, 32.803629676288203 ], [ -96.750796593212499, 32.802191786110903 ], [ -96.752391401980802, 32.800693772227099 ], [ -96.752553602686802, 32.800541414983599 ], [ -96.752729918620901, 32.8004038799047 ], [ -96.753946128819393, 32.799455171717199 ], [ -96.756641805002104, 32.797352365286599 ], [ -96.761662519667794, 32.7934357414114 ], [ -96.764216630344805, 32.795668498862902 ], [ -96.769504349465805, 32.800290748414 ], [ -96.770470697759606, 32.801135454531803 ], [ -96.7715619540988, 32.802089334426903 ], [ -96.766773933634397, 32.806068496315902 ], [ -96.765893584655998, 32.805283248874098 ], [ -96.760081484767696, 32.8101154308129 ], [ -96.761716418584797, 32.811534834335397 ], [ -96.7619140479473, 32.812116179233897 ], [ -96.761554721833704, 32.814358473931598 ], [ -96.761554721833704, 32.824844414157198 ], [ -96.760153349990404, 32.8248595118108 ], [ -96.760117417379107, 32.827939379497501 ], [ -96.7615637049865, 32.827939379497501 ], [ -96.761357092471201, 32.837918020982301 ], [ -96.761406539337699, 32.845832181455798 ], [ -96.761410991388203, 32.846544641363998 ], [ -96.761314277866404, 32.847625283456701 ], [ -96.761250810094893, 32.848334440061102 ], [ -96.761231328331405, 32.8485521160434 ], [ -96.760678155660898, 32.8507398691007 ], [ -96.760647423396705, 32.850861410445802 ], [ -96.760480758063693, 32.851244986727103 ], [ -96.759785040723997, 32.8528461481337 ], [ -96.759333583394806, 32.853563727795702 ], [ -96.758871686743703, 32.854297893756602 ], [ -96.758536382478994, 32.854830841425297 ], [ -96.757836214885302, 32.855641370605497 ], [ -96.757149663954706, 32.856436130001903 ], [ -96.757063145413099, 32.8565362838429 ], [ -96.753825914471506, 32.859616187520103 ], [ -96.753811244084602, 32.859630144361802 ], [ -96.751818909243497, 32.858110532791798 ], [ -96.751565455874299, 32.857917215407198 ], [ -96.751217831215499, 32.857736894885598 ], [ -96.750099054987601, 32.857156559457501 ], [ -96.749616111707695, 32.8569060435822 ], [ -96.749220444249303, 32.856791295980798 ], [ -96.748258244375407, 32.8565122478973 ], [ -96.748106942030404, 32.856468368621201 ], [ -96.747794048935503, 32.856407113574399 ], [ -96.745986917959897, 32.856053330025603 ], [ -96.745991245144594, 32.855998799846802 ], [ -96.745995901112707, 32.855940137344398 ], [ -96.744432832518299, 32.855645835697203 ] ] ] } },
{ "type": "Feature", "properties": { "OBJECTID": 53, "SHAPEarea": 289301360.75599998, "SHAPElen": 90656.324962700004, "ZipCode": 75212, "Shape__Area": 38134274.316406302, "Shape__Length": 32842.282528432501 }, "geometry": { "type": "Polygon", "coordinates": [ [ [ -96.896578094586204, 32.798103466494503 ], [ -96.895798957892495, 32.798064687815398 ], [ -96.883995095059205, 32.798125096615998 ], [ -96.872002586016194, 32.797906114518597 ], [ -96.856578512587802, 32.798094892220803 ], [ -96.853443392246206, 32.7979891767569 ], [ -96.852780797587599, 32.7979059189447 ], [ -96.852026066323603, 32.797811082916503 ], [ -96.8517006605951, 32.797770194324798 ], [ -96.851458302317894, 32.797675645850099 ], [ -96.848197230986997, 32.796403429715703 ], [ -96.845394487300496, 32.794628869733998 ], [ -96.844612177757298, 32.794221142584597 ], [ -96.844480299683696, 32.794152409450902 ], [ -96.844047014374397, 32.793926587279799 ], [ -96.838297796556006, 32.791411917525103 ], [ -96.835261490895704, 32.789720327897697 ], [ -96.832674342877397, 32.788625308529497 ], [ -96.827095804962994, 32.785831060086103 ], [ -96.826215455984595, 32.785166469156898 ], [ -96.8247152694601, 32.783504970111302 ], [ -96.823161720312797, 32.781233455856501 ], [ -96.822855756821994, 32.7807860865557 ], [ -96.822887758405699, 32.780769699743701 ], [ -96.826026809774902, 32.779162269247102 ], [ -96.824625437931701, 32.777477999519697 ], [ -96.824617560605006, 32.777461309228997 ], [ -96.824400859110696, 32.777002168664097 ], [ -96.8292158290336, 32.775899439757701 ], [ -96.835710648537699, 32.774615423126797 ], [ -96.835809463218993, 32.774849568717201 ], [ -96.835818446371803, 32.774592763843501 ], [ -96.840543584766294, 32.773671281431703 ], [ -96.840773067490503, 32.773665447360202 ], [ -96.844702784531805, 32.773565536938101 ], [ -96.847171307321801, 32.773807016390201 ], [ -96.847945702707406, 32.773882770041901 ], [ -96.856578512587802, 32.775083713691401 ], [ -96.856533596823596, 32.7663972779959 ], [ -96.856621308328002, 32.766419121290397 ], [ -96.858869216562297, 32.766978917996603 ], [ -96.859104423351496, 32.767007005069502 ], [ -96.859776237419894, 32.7670872295203 ], [ -96.860387369392498, 32.767160207609599 ], [ -96.861771441480002, 32.767201619392999 ], [ -96.887148181706394, 32.767960898983901 ], [ -96.890274318895194, 32.767688966872001 ], [ -96.895852856809498, 32.766790074257202 ], [ -96.895763025281099, 32.766049802935299 ], [ -96.895242002416296, 32.763103764231801 ], [ -96.894738945857199, 32.762106621357901 ], [ -96.893283675096995, 32.759991432838397 ], [ -96.893059096275906, 32.759235996189801 ], [ -96.899832393518196, 32.755609811064403 ], [ -96.901215799055706, 32.754431269106099 ], [ -96.902114114339895, 32.7533660350716 ], [ -96.902491406759196, 32.7666314452064 ], [ -96.919649228685898, 32.766359509033201 ], [ -96.927303033010105, 32.765641907029597 ], [ -96.927122197651798, 32.766085802169897 ], [ -96.926997961546306, 32.766498019071499 ], [ -96.9269961990517, 32.766597450964099 ], [ -96.926979481404302, 32.7666389989772 ], [ -96.926995193836902, 32.766654168457599 ], [ -96.926994003569106, 32.766721329748897 ], [ -96.927126653295602, 32.766886231273197 ], [ -96.927197101875095, 32.766927214886699 ], [ -96.927309152333805, 32.766957281812097 ], [ -96.927464571657694, 32.767107331510601 ], [ -96.927500453065093, 32.767318536591098 ], [ -96.927500321911097, 32.767318945246998 ], [ -96.927161074940599, 32.767523056905603 ], [ -96.927021266539697, 32.767573592624203 ], [ -96.926730393847393, 32.767730270391901 ], [ -96.926541381125105, 32.767876787448998 ], [ -96.926507894626198, 32.767916048371497 ], [ -96.9264584585395, 32.7679457916662 ], [ -96.926188963954303, 32.768361241970297 ], [ -96.926090149272994, 32.768874886938299 ], [ -96.926116164483602, 32.768972850027602 ], [ -96.926109532221901, 32.769102665627599 ], [ -96.926150283396396, 32.769289313932802 ], [ -96.926237559217896, 32.769429972169299 ], [ -96.926709986819006, 32.771208912765701 ], [ -96.926422525928103, 32.772885747907701 ], [ -96.926441007866799, 32.773134383613801 ], [ -96.9264295678216, 32.773227418076601 ], [ -96.926286991711294, 32.7739085761499 ], [ -96.9262142263767, 32.774380148485299 ], [ -96.926151290407901, 32.774584102708502 ], [ -96.926096252427001, 32.774878046821399 ], [ -96.926063199814493, 32.7750157361817 ], [ -96.926092719352994, 32.775134570653698 ], [ -96.926102278325999, 32.775340897065902 ], [ -96.926182835647396, 32.7755767311114 ], [ -96.926205153392303, 32.775696686455099 ], [ -96.926267323098202, 32.775837462211001 ], [ -96.926358134688599, 32.776203037494703 ], [ -96.9263545234611, 32.776224179734299 ], [ -96.9261081155787, 32.776949298411999 ], [ -96.926099132425804, 32.777530869457699 ], [ -96.926177170871199, 32.777670561501402 ], [ -96.926195889965101, 32.777803335695602 ], [ -96.926257341917093, 32.777874272535399 ], [ -96.926303109284106, 32.777969348854199 ], [ -96.926382963224697, 32.778109469208502 ], [ -96.926412362389001, 32.778549448752997 ], [ -96.926387635362502, 32.778746448673601 ], [ -96.926287162391205, 32.778964242321301 ], [ -96.926286829116293, 32.778965385048402 ], [ -96.926278795482702, 32.778981004080897 ], [ -96.926278658040403, 32.778993374685001 ], [ -96.9262438546114, 32.779112600362403 ], [ -96.926220974521101, 32.779351421320001 ], [ -96.926222801694394, 32.780012934186203 ], [ -96.926188808545703, 32.780782805719298 ], [ -96.926199860518693, 32.780882468622004 ], [ -96.926245838091504, 32.7811987489454 ], [ -96.926252007720905, 32.781398384115697 ], [ -96.926251875668498, 32.781410308785198 ], [ -96.926250470703394, 32.781418363543899 ], [ -96.926120864469198, 32.781928778485302 ], [ -96.926097673561799, 32.782002973946398 ], [ -96.926031616845705, 32.782112110040302 ], [ -96.922756737510596, 32.783896005948698 ], [ -96.922714561608004, 32.783910211079402 ], [ -96.922676463158496, 32.783939732277602 ], [ -96.921843193985694, 32.784393625980798 ], [ -96.921578728169493, 32.784520035676998 ], [ -96.9214792406501, 32.784565012351599 ], [ -96.921328976757593, 32.784624857862397 ], [ -96.921170045919197, 32.784693843806998 ], [ -96.921028487600097, 32.784768789164303 ], [ -96.920346836080995, 32.785076949889699 ], [ -96.920013486550403, 32.785201762836202 ], [ -96.919904061867399, 32.785254779228303 ], [ -96.919675198082402, 32.785352095944901 ], [ -96.919356933960401, 32.7855198660017 ], [ -96.919008324748106, 32.7856786577413 ], [ -96.918824839359701, 32.785713523765601 ], [ -96.918014294868797, 32.785604495554402 ], [ -96.917418361492395, 32.785257101526803 ], [ -96.916215616141699, 32.784500552373203 ], [ -96.916007376777301, 32.784391948623004 ], [ -96.915751227564002, 32.784308502868001 ], [ -96.915521627160501, 32.784256897432101 ], [ -96.915353891035707, 32.784253329737297 ], [ -96.914990988728903, 32.784263018550803 ], [ -96.914787223873006, 32.7842833341671 ], [ -96.914576102713298, 32.784335743149001 ], [ -96.914250353828294, 32.784365932581501 ], [ -96.9141172046386, 32.784449659982002 ], [ -96.914095991821497, 32.784454926171797 ], [ -96.913826893393306, 32.7846218762365 ], [ -96.913350924633207, 32.784887845484903 ], [ -96.912876862996598, 32.785236883556301 ], [ -96.912753650072204, 32.7853971008971 ], [ -96.912597292008797, 32.785609874958297 ], [ -96.912586522106807, 32.785629880628498 ], [ -96.912507622177102, 32.785710225740999 ], [ -96.911178115556595, 32.788119329508902 ], [ -96.910928989372096, 32.788903876693801 ], [ -96.910643899135295, 32.789625452932299 ], [ -96.910606589406598, 32.789720906366398 ], [ -96.910511265578506, 32.790205858947402 ], [ -96.9105689257416, 32.790377279430103 ], [ -96.910396581259405, 32.792272803463703 ], [ -96.909773863714605, 32.793521095926799 ], [ -96.9097702830299, 32.793526438604701 ], [ -96.909590683753393, 32.793819928968396 ], [ -96.9087706305952, 32.7949309249978 ], [ -96.908547623825896, 32.795411597016098 ], [ -96.908252300879596, 32.796034758354899 ], [ -96.908044760404593, 32.796453049679499 ], [ -96.908015934365395, 32.796488560886502 ], [ -96.907036882096804, 32.797347330170901 ], [ -96.904548548759806, 32.798147749905603 ], [ -96.903604591872707, 32.7981982440674 ], [ -96.903482266483906, 32.798195759003299 ], [ -96.901072321036906, 32.7980462057347 ], [ -96.900943918545096, 32.798025692402597 ], [ -96.900692624725806, 32.798047950794803 ], [ -96.898529836356204, 32.798200607558996 ], [ -96.896578094586204, 32.798103466494503 ] ] ] } },
{ "type": "Feature", "properties": { "OBJECTID": 54, "SHAPEarea": 518591488.95599997, "SHAPElen": 117988.237895, "ZipCode": 75211, "Shape__Area": 68241467.875, "Shape__Length": 42800.601451960698 }, "geometry": { "type": "Polygon", "coordinates": [ [ [ -96.856533596823596, 32.7663972779959 ], [ -96.856704276727598, 32.749618727585897 ], [ -96.856865973478705, 32.749618727585897 ], [ -96.856928855548603, 32.747805457690099 ], [ -96.856722243033303, 32.747760125469803 ], [ -96.856722243033303, 32.743128562060001 ], [ -96.856892922937305, 32.743128562060001 ], [ -96.856901906090101, 32.742456096458803 ], [ -96.856883939784396, 32.741262268619202 ], [ -96.856740209338994, 32.741262268619202 ], [ -96.856668344116201, 32.740242213173097 ], [ -96.856803091408906, 32.740242213173097 ], [ -96.856830040867393, 32.737144195421102 ], [ -96.857440895260595, 32.737159307964198 ], [ -96.8574588615663, 32.734937736625803 ], [ -96.856883939784396, 32.734839502601098 ], [ -96.856919872395807, 32.733962948048998 ], [ -96.856785125103201, 32.733970504590602 ], [ -96.856794108255997, 32.733335752863098 ], [ -96.856937838701498, 32.733335752863098 ], [ -96.856946821854294, 32.733003262059 ], [ -96.856803091408906, 32.733010818681898 ], [ -96.856919872395807, 32.732066235847199 ], [ -96.856910889242997, 32.725552120107203 ], [ -96.856919872395807, 32.725541162086898 ], [ -96.857090552299795, 32.725332959445602 ], [ -96.859291424745905, 32.724154016988003 ], [ -96.861061105855597, 32.7234058338815 ], [ -96.870125107072397, 32.720261884739998 ], [ -96.8729548002173, 32.719135779841501 ], [ -96.875649746069698, 32.718448017506702 ], [ -96.881102519844305, 32.716671903426899 ], [ -96.881003705162996, 32.716369582614199 ], [ -96.881389980735193, 32.715976564025603 ], [ -96.881383973700906, 32.715926026244297 ], [ -96.881373864060706, 32.715840963140998 ], [ -96.881372014429502, 32.715825402568797 ], [ -96.887390726833104, 32.712688744532898 ], [ -96.888438714019998, 32.712245154742099 ], [ -96.8893696830647, 32.711851094571003 ], [ -96.890319234659401, 32.711449167336298 ], [ -96.895143187735101, 32.709861878703798 ], [ -96.900200702784701, 32.707858831315001 ], [ -96.901781737684701, 32.707019805649097 ], [ -96.902886665484203, 32.705810385400497 ], [ -96.903937694366604, 32.705855738955698 ], [ -96.903838879685395, 32.705719678221001 ], [ -96.905482796655306, 32.705598735171598 ], [ -96.908581984385506, 32.705598735171598 ], [ -96.908599950691197, 32.705742355024498 ], [ -96.922362140843902, 32.705787708614302 ], [ -96.924895389945107, 32.706135418703099 ], [ -96.928560516304302, 32.706203448779398 ], [ -96.929943921841897, 32.706180772093099 ], [ -96.932791581292506, 32.705644088834298 ], [ -96.934480414026694, 32.705545822535903 ], [ -96.935073302114205, 32.703814806151101 ], [ -96.935396695616504, 32.7004282665118 ], [ -96.937453837617099, 32.6935414022741 ], [ -96.937867062647797, 32.693654801706799 ], [ -96.938477917040998, 32.694335195277603 ], [ -96.939133687198407, 32.694425914028599 ], [ -96.939744541591594, 32.694690509858901 ], [ -96.939807423661506, 32.695144100886303 ], [ -96.940454210666104, 32.695529651447302 ], [ -96.940624890570007, 32.695915200343102 ], [ -96.941244728116104, 32.696376344874402 ], [ -96.941469306937094, 32.697306186438198 ], [ -96.941945414037704, 32.697858039045997 ], [ -96.941981346649101, 32.698697150856397 ], [ -96.941577104771198, 32.698863460368599 ], [ -96.941271677574605, 32.699475779083301 ], [ -96.941720835216699, 32.699853751501699 ], [ -96.941379475408695, 32.700277078709803 ], [ -96.941343542797298, 32.700919625099402 ], [ -96.941388458561505, 32.701244676216703 ], [ -96.941747784675201, 32.7015016925411 ], [ -96.941927447731999, 32.702000604469497 ], [ -96.941882531967806, 32.702990860792298 ], [ -96.942152026553103, 32.703217635503101 ], [ -96.942125077094502, 32.703640946754597 ], [ -96.942268807540003, 32.703807247054002 ], [ -96.942008296107602, 32.704192760192399 ], [ -96.941846599356495, 32.705054489420498 ], [ -96.942169992858695, 32.705613853061699 ], [ -96.942592201042302, 32.705628970949299 ], [ -96.942601184195098, 32.705749913957803 ], [ -96.950452459778305, 32.7059010924878 ], [ -96.950973482643107, 32.706120300901397 ], [ -96.953120456172201, 32.707556480633002 ], [ -96.953767243176699, 32.707805920019602 ], [ -96.954988951963102, 32.708032682493197 ], [ -96.966137044639098, 32.706982011514398 ], [ -96.943795943523, 32.732489410194901 ], [ -96.942996442920105, 32.733638016154202 ], [ -96.942708982029203, 32.7338042605274 ], [ -96.941379475408695, 32.733978061131502 ], [ -96.941056081906396, 32.734650590710899 ], [ -96.940184716080793, 32.735421348707298 ], [ -96.9398792888842, 32.736146761909197 ], [ -96.939627760604694, 32.736381008661198 ], [ -96.938756394779105, 32.736970400990998 ], [ -96.937525702839807, 32.737287764477202 ], [ -96.937067562044902, 32.737680689132397 ], [ -96.936726202236997, 32.738254960512201 ], [ -96.936672303319895, 32.738972794532899 ], [ -96.936366876123301, 32.739259926522102 ], [ -96.935279914629504, 32.739547057586201 ], [ -96.933393452532897, 32.739645286422103 ], [ -96.932980227502199, 32.7398115195899 ], [ -96.932674800305605, 32.7403177732362 ], [ -96.932369373108997, 32.741942299096003 ], [ -96.931145806606594, 32.742602170019197 ], [ -96.931100091341804, 32.742599484684597 ], [ -96.931063386179304, 32.7426466193237 ], [ -96.930842237126001, 32.742765884613398 ], [ -96.929294532417899, 32.744484517597002 ], [ -96.928255674809293, 32.744471386632398 ], [ -96.928067858642905, 32.744469011135699 ], [ -96.927319565604506, 32.744843034723999 ], [ -96.927047302411594, 32.745568092430503 ], [ -96.926940913135894, 32.745697324109798 ], [ -96.926662101224494, 32.746102719079602 ], [ -96.926596561937998, 32.746451023748897 ], [ -96.926711345970105, 32.746949357836101 ], [ -96.926342275830507, 32.747280469122202 ], [ -96.926336781734193, 32.747471722855003 ], [ -96.926329999453898, 32.747706399959 ], [ -96.926260829176996, 32.747828123791599 ], [ -96.926126081884405, 32.7490823057529 ], [ -96.926210226178696, 32.750613939434601 ], [ -96.926017683077305, 32.753102292489103 ], [ -96.9256409916309, 32.754363275825 ], [ -96.925872811771498, 32.754974501072503 ], [ -96.925747632434906, 32.756592199992099 ], [ -96.925736388222504, 32.7566461603802 ], [ -96.925715481730904, 32.756734297045703 ], [ -96.925651197390906, 32.756981014426799 ], [ -96.925565481943096, 32.757249186097503 ], [ -96.925460517395393, 32.757413864931301 ], [ -96.925391825022302, 32.757656401262302 ], [ -96.925351709854894, 32.757816253516502 ], [ -96.925313914137703, 32.758036270299897 ], [ -96.925245670922195, 32.758348968649599 ], [ -96.925174683353504, 32.758657339469202 ], [ -96.925151659532702, 32.758808816591397 ], [ -96.925091875752301, 32.7589311945734 ], [ -96.924996934606497, 32.759140921767198 ], [ -96.9242665692462, 32.760323822933401 ], [ -96.924189111112597, 32.760562661069997 ], [ -96.924152473323701, 32.760590195682802 ], [ -96.924099664961403, 32.760701204300801 ], [ -96.924043669376502, 32.760800723498399 ], [ -96.924017465519597, 32.760940703177802 ], [ -96.923939363293897, 32.761140165474401 ], [ -96.923978854132102, 32.761206529421599 ], [ -96.924245098612602, 32.761386017777603 ], [ -96.924393964726605, 32.7615912164908 ], [ -96.924633269630107, 32.761789348549499 ], [ -96.924668347943594, 32.761969017786001 ], [ -96.924669195054904, 32.762028539311501 ], [ -96.924685584817297, 32.762057305554201 ], [ -96.924724710041104, 32.762257704329301 ], [ -96.925066069849095, 32.762416341173399 ], [ -96.925215145270499, 32.762371474925502 ], [ -96.925262536791607, 32.762396868893802 ], [ -96.925361103537895, 32.762380936475999 ], [ -96.925464077418894, 32.762307786767003 ], [ -96.925525997393095, 32.762277920722298 ], [ -96.925863871737803, 32.762176233624203 ], [ -96.925869732346698, 32.762175468388897 ], [ -96.926045085286802, 32.762209281509499 ], [ -96.926445738395103, 32.762368059702098 ], [ -96.926667242282903, 32.7624976960807 ], [ -96.926803784409401, 32.762634013125997 ], [ -96.927101637011603, 32.7630386866471 ], [ -96.9273012992616, 32.763267952555502 ], [ -96.927389087122705, 32.763384760098297 ], [ -96.927415350268305, 32.7634239293318 ], [ -96.927698133631594, 32.764055572011699 ], [ -96.927861891117999, 32.764154437062203 ], [ -96.927934775030295, 32.764220427862398 ], [ -96.928019782605602, 32.764396183018299 ], [ -96.928020428494307, 32.764550826057103 ], [ -96.927997614879303, 32.764690851962797 ], [ -96.927855544520497, 32.764866598636097 ], [ -96.927584855175894, 32.765128056069798 ], [ -96.927456086171503, 32.765318290983302 ], [ -96.927322401585897, 32.765594363808802 ], [ -96.927303033010105, 32.765641907029597 ], [ -96.919649228685898, 32.766359509033201 ], [ -96.902491406759196, 32.7666314452064 ], [ -96.902114114339895, 32.7533660350716 ], [ -96.901215799055706, 32.754431269106099 ], [ -96.899832393518196, 32.755609811064403 ], [ -96.893059096275906, 32.759235996189801 ], [ -96.893283675096995, 32.759991432838397 ], [ -96.894738945857199, 32.762106621357901 ], [ -96.895242002416296, 32.763103764231801 ], [ -96.895852856809498, 32.766790074257202 ], [ -96.890274318895194, 32.767688966872001 ], [ -96.887148181706394, 32.767960898983901 ], [ -96.862498410310195, 32.767243298558903 ], [ -96.861771441480002, 32.767201619392999 ], [ -96.859776237419894, 32.7670872295203 ], [ -96.859336340510097, 32.767062009115101 ], [ -96.859104423351496, 32.767007005069502 ], [ -96.856621313717895, 32.766418081889 ], [ -96.856533596823596, 32.7663972779959 ] ] ] } },
{ "type": "Feature", "properties": { "OBJECTID": 55, "SHAPEarea": 67141469.578899994, "SHAPElen": 40213.4485919, "ZipCode": 75210, "Shape__Area": 8843579.01953125, "Shape__Length": 14507.726447818501 }, "geometry": { "type": "Polygon", "coordinates": [ [ [ -96.757072128565895, 32.781556445332498 ], [ -96.747478121331497, 32.7798420103314 ], [ -96.739438199538696, 32.7786864473983 ], [ -96.734901707353799, 32.777802771499701 ], [ -96.7312455641475, 32.777561080836698 ], [ -96.728470218178899, 32.777752123765097 ], [ -96.728173325875801, 32.777772560202699 ], [ -96.728173325875801, 32.777063023040697 ], [ -96.728173325875801, 32.7769644042015 ], [ -96.728766213963297, 32.776322405885203 ], [ -96.728793163421798, 32.775635084907002 ], [ -96.728927910714404, 32.775552001791802 ], [ -96.728865028644606, 32.774894887147298 ], [ -96.729475883037793, 32.769169476097296 ], [ -96.730927898303406, 32.766401971921397 ], [ -96.730958103256597, 32.766344401443703 ], [ -96.730941990175296, 32.766261751552904 ], [ -96.730892865803995, 32.766009771455103 ], [ -96.730880888566304, 32.765948336940198 ], [ -96.730868271728099, 32.765883618731301 ], [ -96.729781310234401, 32.765135785974003 ], [ -96.729711936039905, 32.763881545295 ], [ -96.729709445011594, 32.763836506043198 ], [ -96.7299879227497, 32.763368156302498 ], [ -96.731766587012302, 32.761585383138303 ], [ -96.731820485929305, 32.7610792503529 ], [ -96.732413374016801, 32.760905502613902 ], [ -96.732790666436202, 32.760369148759303 ], [ -96.732089980514601, 32.7595683891048 ], [ -96.732018115291794, 32.758903602034103 ], [ -96.7321528625844, 32.7586165333556 ], [ -96.732727784366304, 32.758102829199998 ], [ -96.733230840925401, 32.758049947721702 ], [ -96.733536268121995, 32.757725103665599 ], [ -96.734129156209505, 32.757868639557501 ], [ -96.734362718183405, 32.757800648900698 ], [ -96.734317802419199, 32.7574304766366 ], [ -96.733796779554396, 32.757203839797 ], [ -96.733886611082795, 32.756939429421898 ], [ -96.733963135866901, 32.756930397149603 ], [ -96.734279262896806, 32.756893084246002 ], [ -96.734398650794702, 32.756878992654499 ], [ -96.734414371312198, 32.756899767797897 ], [ -96.734650179074293, 32.757211394367602 ], [ -96.7350454377993, 32.757052748250203 ], [ -96.735458662829998, 32.7572491672111 ], [ -96.735465416364306, 32.757225738984602 ], [ -96.735499574803001, 32.757107242468003 ], [ -96.735587524360895, 32.756802144223698 ], [ -96.735602393275499, 32.756750564387602 ], [ -96.735997652000506, 32.7566296905554 ], [ -96.735755106873796, 32.756199076195003 ], [ -96.735817988943595, 32.756025318933602 ], [ -96.736267146585703, 32.755972436221498 ], [ -96.736527658018105, 32.756221740160598 ], [ -96.736716304227798, 32.756138638925101 ], [ -96.736379685727897, 32.755499870379701 ], [ -96.736365961266998, 32.755473826249798 ], [ -96.736400613778997, 32.7554666266035 ], [ -96.737129529258496, 32.755315177036898 ], [ -96.737578686900505, 32.755519154544402 ], [ -96.738062899499894, 32.755446437372001 ], [ -96.738081743459603, 32.755443607373898 ], [ -96.742318048320897, 32.759043981302703 ], [ -96.745708440221804, 32.761925321453703 ], [ -96.750936635175407, 32.766480369657202 ], [ -96.752688349979394, 32.766586122568597 ], [ -96.754583795228896, 32.7669487030252 ], [ -96.757621300140102, 32.768478267172704 ], [ -96.757718915570507, 32.768527421549003 ], [ -96.766055281407105, 32.774932652488197 ], [ -96.769792272989093, 32.778067119910702 ], [ -96.769788181162895, 32.778077142476398 ], [ -96.769585660473695, 32.778573156106802 ], [ -96.768085473949199, 32.778172859055204 ], [ -96.767824962516798, 32.778633578146902 ], [ -96.766522405354806, 32.777613950725303 ], [ -96.766261893922504, 32.777885852513499 ], [ -96.766890714621297, 32.778271045291199 ], [ -96.767393771180494, 32.778867713164502 ], [ -96.767501569014499, 32.779721167851498 ], [ -96.766746984175896, 32.781277002233402 ], [ -96.766567321119098, 32.781231687053598 ], [ -96.765318662874094, 32.783731539990299 ], [ -96.757072128565895, 32.781556445332498 ] ] ] } },
{ "type": "Feature", "properties": { "OBJECTID": 56, "SHAPEarea": 98764416.246399999, "SHAPElen": 54607.625273099999, "ZipCode": 75209, "Shape__Area": 13050841.5195313, "Shape__Length": 19768.002838419299 }, "geometry": { "type": "Polygon", "coordinates": [ [ [ -96.811357321185298, 32.865500636689902 ], [ -96.813109163550095, 32.851178071905899 ], [ -96.814878612894404, 32.836709215818303 ], [ -96.814887700251802, 32.836634899961901 ], [ -96.815031430697303, 32.836634899961901 ], [ -96.815606352479193, 32.832385372649597 ], [ -96.816886045720494, 32.821794014210802 ], [ -96.816917892793995, 32.821530417074499 ], [ -96.821185365602304, 32.8252575786411 ], [ -96.826970040823298, 32.830309597097298 ], [ -96.827024878479804, 32.830381237826401 ], [ -96.831811960204604, 32.836634899961901 ], [ -96.833878085358094, 32.836582065169402 ], [ -96.834336226152999, 32.836778308525901 ], [ -96.834533855515502, 32.837457609102401 ], [ -96.8344799565985, 32.843842780448803 ], [ -96.834839282712096, 32.845027684887 ], [ -96.835548951786606, 32.845895598482798 ], [ -96.841154439159496, 32.850740664515101 ], [ -96.841271220146396, 32.850846317213502 ], [ -96.841396984286206, 32.850755757765398 ], [ -96.842367164793103, 32.851570789470401 ], [ -96.8459694090824, 32.854687462028899 ], [ -96.845834661789794, 32.854785563746198 ], [ -96.846894673825005, 32.855698659141702 ], [ -96.847128235798905, 32.855683566732203 ], [ -96.850020811013707, 32.8581813255526 ], [ -96.850766412699599, 32.858656721832801 ], [ -96.850613699101302, 32.858830278570103 ], [ -96.8518358031464, 32.859366164546401 ], [ -96.852042020403005, 32.859456589189499 ], [ -96.853560173233205, 32.859765969911898 ], [ -96.854117128709305, 32.860097987047801 ], [ -96.853005566851493, 32.860218237311202 ], [ -96.852931352534299, 32.860226266062902 ], [ -96.851017940979105, 32.859954616164302 ], [ -96.850452002350096, 32.860030074552903 ], [ -96.849886063721101, 32.859765969911898 ], [ -96.849562670218901, 32.860014982880301 ], [ -96.849140462035294, 32.860067803723197 ], [ -96.848385877196705, 32.8595773232583 ], [ -96.847891803790404, 32.860203628603102 ], [ -96.847446329240995, 32.860323653858103 ], [ -96.847415696689794, 32.8603319074655 ], [ -96.847392629749905, 32.860311210815503 ], [ -96.847040147002105, 32.859994937362302 ], [ -96.847020437964801, 32.859977253687603 ], [ -96.847119252646095, 32.859735786474303 ], [ -96.847532477676793, 32.859532048001803 ], [ -96.8473438314671, 32.859154753298398 ], [ -96.847304530173403, 32.859149093865703 ], [ -96.847029421117597, 32.859109477826202 ], [ -96.846445516182996, 32.859509410364801 ], [ -96.845951442776695, 32.859426405646602 ], [ -96.845322622077802, 32.859056656412697 ], [ -96.845285046447799, 32.859070183979703 ], [ -96.845231373906202, 32.859089506053401 ], [ -96.845071093798296, 32.859147207387998 ], [ -96.844334475265299, 32.860128170362202 ], [ -96.842852255046495, 32.860445094542897 ], [ -96.842843937545297, 32.8604411820453 ], [ -96.842598593268093, 32.860325772721701 ], [ -96.8424030974044, 32.8602338118815 ], [ -96.842386969950098, 32.860185043998897 ], [ -96.842178518583395, 32.859554685633 ], [ -96.841513765273106, 32.859833882609003 ], [ -96.841463403921693, 32.859816165700501 ], [ -96.840462736390705, 32.859464135073601 ], [ -96.840326079279805, 32.8594864557951 ], [ -96.8402101849301, 32.859505385392403 ], [ -96.840139342888406, 32.859516956244498 ], [ -96.839995612443005, 32.859698057162902 ], [ -96.840184258652698, 32.860166842718698 ], [ -96.840211208111199, 32.8602338118815 ], [ -96.840184258652698, 32.860266510170099 ], [ -96.8398878146089, 32.860626193566297 ], [ -96.839348825438407, 32.860467731941 ], [ -96.838845768879295, 32.859781061626897 ], [ -96.838387628084405, 32.859781061626897 ], [ -96.838342447317203, 32.859807905254002 ], [ -96.837651009551394, 32.860218720243601 ], [ -96.836968289935498, 32.860369636507301 ], [ -96.836007092581497, 32.8621277920587 ], [ -96.835944210511599, 32.862950264879302 ], [ -96.836447267070696, 32.863961367803498 ], [ -96.831452634090994, 32.863433181146704 ], [ -96.831551448772302, 32.863297361212297 ], [ -96.832144336859798, 32.863327543437897 ], [ -96.832746208100104, 32.8616976885558 ], [ -96.832144336859798, 32.861260037236498 ], [ -96.831210088964298, 32.861260037236498 ], [ -96.830293807374503, 32.862203248598497 ], [ -96.830114144317704, 32.862640895263702 ], [ -96.830051262247807, 32.863516182115397 ], [ -96.829269727950603, 32.863757639037097 ], [ -96.828594348468897, 32.864152831671497 ], [ -96.828470227347694, 32.864225459952202 ], [ -96.826475967416997, 32.866013720381801 ], [ -96.825838163565294, 32.8664211670811 ], [ -96.825910028788002, 32.866504165253403 ], [ -96.824780002059498, 32.866811998004998 ], [ -96.824580522167494, 32.866866338186703 ], [ -96.8236911900362, 32.866904064448903 ], [ -96.822864739974804, 32.8667833403535 ], [ -96.820574036000295, 32.865794905640897 ], [ -96.819972164760003, 32.865674180035597 ], [ -96.811520085134902, 32.865651546984402 ], [ -96.811519017936405, 32.865651543966301 ], [ -96.811536984242096, 32.865508182059799 ], [ -96.811357321185298, 32.865500636689902 ] ] ] } },
{ "type": "Feature", "properties": { "OBJECTID": 57, "SHAPEarea": 165721368.61000001, "SHAPElen": 66178.227630499998, "ZipCode": 75208, "Shape__Area": 21844189.566406298, "Shape__Length": 24004.63009196 }, "geometry": { "type": "Polygon", "coordinates": [ [ [ -96.820816581127005, 32.776322405885203 ], [ -96.819298428296904, 32.773973407863899 ], [ -96.817690443938304, 32.7702118606773 ], [ -96.822855756821994, 32.769207243867697 ], [ -96.822927622044702, 32.758896047607003 ], [ -96.825317140700506, 32.759198224189198 ], [ -96.824571539014698, 32.758019729719997 ], [ -96.822918638891906, 32.757800648900698 ], [ -96.822900672586201, 32.754635248638003 ], [ -96.823969667774307, 32.754627693848903 ], [ -96.824014583538499, 32.752247903372698 ], [ -96.822882706280495, 32.7522176834023 ], [ -96.822828807363507, 32.746324593228898 ], [ -96.824508656944801, 32.746362370689504 ], [ -96.824508656944801, 32.743136117824399 ], [ -96.823798987870305, 32.743196563916896 ], [ -96.822846773669198, 32.743513905229399 ], [ -96.822837790516303, 32.741587172716699 ], [ -96.823295931311193, 32.7413000482263 ], [ -96.824643404237406, 32.741330271900502 ], [ -96.824517640097596, 32.741224488996103 ], [ -96.824463741180594, 32.738270072866896 ], [ -96.824634421084497, 32.738277629043402 ], [ -96.824616454778905, 32.737219758111003 ], [ -96.824185263442502, 32.737348214537001 ], [ -96.824194246595297, 32.738149173957098 ], [ -96.823915768857205, 32.7388745649558 ], [ -96.823736105800407, 32.737982937688301 ], [ -96.823772038411803, 32.734930180166202 ], [ -96.824346960193594, 32.732821902915802 ], [ -96.825865113023795, 32.733033488547001 ], [ -96.828739721933005, 32.733177064224897 ], [ -96.829548205688695, 32.733373535830601 ], [ -96.830967543837602, 32.734038513436097 ], [ -96.8321712863183, 32.7343181048115 ], [ -96.833330113034805, 32.734212313583399 ], [ -96.842028795476693, 32.7324024298944 ], [ -96.842627676225405, 32.732277823272199 ], [ -96.843513156380794, 32.731974962922401 ], [ -96.844128511333594, 32.731764492418698 ], [ -96.844262610042506, 32.731718626844497 ], [ -96.8493021587865, 32.729270211991803 ], [ -96.852554060114997, 32.728000637074999 ], [ -96.856919872395807, 32.725431203946698 ], [ -96.856919872395807, 32.7254333290497 ], [ -96.856919872395807, 32.725541162086898 ], [ -96.856919872395807, 32.732066235847199 ], [ -96.856803091408906, 32.733010818681898 ], [ -96.856946821854294, 32.733003262059 ], [ -96.856937838701498, 32.733335752863098 ], [ -96.856794108255997, 32.733335752863098 ], [ -96.856785125103201, 32.733970504590602 ], [ -96.856919872395807, 32.733962948048998 ], [ -96.856883939784396, 32.734839502601098 ], [ -96.8574588615663, 32.734937736625803 ], [ -96.857440895260595, 32.737159307964198 ], [ -96.856830040867393, 32.737144195421102 ], [ -96.856803091408906, 32.740242213173097 ], [ -96.856668344116201, 32.740242213173097 ], [ -96.856740209338994, 32.741262268619202 ], [ -96.856883939784396, 32.741262268619202 ], [ -96.856901906090101, 32.742456096458803 ], [ -96.856892922937305, 32.743128562060001 ], [ -96.856722243033303, 32.743128562060001 ], [ -96.856722243033303, 32.747760125469803 ], [ -96.856928855548603, 32.747805457690099 ], [ -96.856865973478705, 32.749618727585897 ], [ -96.856704276727598, 32.749618727585897 ], [ -96.856621313717895, 32.766418081889 ], [ -96.856621308328002, 32.766419121290397 ], [ -96.856578512587802, 32.775083713691401 ], [ -96.847171307321801, 32.773807016390201 ], [ -96.846894673825005, 32.773769472634598 ], [ -96.844702784531805, 32.773565536938101 ], [ -96.8411454560067, 32.7735957496634 ], [ -96.840773067490503, 32.773665447360202 ], [ -96.835818446371803, 32.774592763843501 ], [ -96.835809463218993, 32.774849568717201 ], [ -96.835710648537699, 32.774615423126797 ], [ -96.8292158290336, 32.775899439757701 ], [ -96.824400859110696, 32.777002168664097 ], [ -96.824562555861803, 32.777394918125097 ], [ -96.824617560605006, 32.777461309228997 ], [ -96.826026809774902, 32.779162269247102 ], [ -96.822887758405699, 32.780769699743701 ], [ -96.822855756821994, 32.7807860865557 ], [ -96.822601886634502, 32.780285779517499 ], [ -96.822248893643604, 32.779590126080798 ], [ -96.8217328627168, 32.778573156106802 ], [ -96.820816581127005, 32.776322405885203 ] ] ] } },
{ "type": "Feature", "properties": { "OBJECTID": 58, "SHAPEarea": 108378042.656, "SHAPElen": 68580.418046899998, "ZipCode": 75207, "Shape__Area": 14296594.9960938, "Shape__Length": 24857.894694942199 }, "geometry": { "type": "Polygon", "coordinates": [ [ [ -96.848781135921698, 32.812350226106297 ], [ -96.844334475265299, 32.810915735586697 ], [ -96.840381888015202, 32.808990461917297 ], [ -96.837300666590593, 32.807933431187401 ], [ -96.836986256241204, 32.808144838339103 ], [ -96.831578913863794, 32.806168510670503 ], [ -96.831057375366001, 32.805977891195901 ], [ -96.829952447566498, 32.805683423917998 ], [ -96.829916514955201, 32.806159101343603 ], [ -96.828886210206306, 32.8058337329743 ], [ -96.828647603293803, 32.805758381033698 ], [ -96.828362429513604, 32.805668323005598 ], [ -96.827441427276995, 32.805513284810402 ], [ -96.824977374503803, 32.805098492733698 ], [ -96.822230224855403, 32.804636043472598 ], [ -96.821903542620802, 32.804581050574797 ], [ -96.821165979958494, 32.804235510346302 ], [ -96.820441638700501, 32.803896163292997 ], [ -96.820259625650905, 32.803810891223101 ], [ -96.820127267876899, 32.803696578619999 ], [ -96.819280461991198, 32.802965218366602 ], [ -96.816235173178001, 32.799197345996497 ], [ -96.814932616016094, 32.798442242145697 ], [ -96.814935999969705, 32.7984079074212 ], [ -96.815058380155804, 32.7971661020608 ], [ -96.813817049468696, 32.794049504477996 ], [ -96.813701924076796, 32.793760455135299 ], [ -96.8102434102329, 32.782651551720399 ], [ -96.811429186408006, 32.782417426659997 ], [ -96.811662748381906, 32.781163714240499 ], [ -96.8116447820762, 32.780317826000498 ], [ -96.811321388573901, 32.777651714912302 ], [ -96.810225443927294, 32.778437206366704 ], [ -96.809390010713003, 32.778512734025803 ], [ -96.808590510110193, 32.777274072321703 ], [ -96.807683211673194, 32.7741848957562 ], [ -96.807207104572598, 32.773678834605001 ], [ -96.806299806135698, 32.773195430221001 ], [ -96.806650149096498, 32.772742236226399 ], [ -96.805697934895306, 32.772228613575997 ], [ -96.806524384956703, 32.771171145844598 ], [ -96.806147092537401, 32.770989864400597 ], [ -96.806677098554999, 32.770143879446302 ], [ -96.804700804929894, 32.769456510750302 ], [ -96.803991135855497, 32.769516938980303 ], [ -96.802041791688893, 32.7700985585968 ], [ -96.8018800949378, 32.769970149397999 ], [ -96.803047904807201, 32.768867333357299 ], [ -96.801215341627497, 32.770370483347499 ], [ -96.800667369304193, 32.769834186514998 ], [ -96.800510164129506, 32.769635906938298 ], [ -96.800505672553101, 32.769630241801103 ], [ -96.800631436692896, 32.769516938980303 ], [ -96.800092447522402, 32.768889994098402 ], [ -96.796633933678507, 32.766895826800599 ], [ -96.797119023931998, 32.766291524860101 ], [ -96.795834433075697, 32.7654152797599 ], [ -96.794010853048903, 32.764569241823999 ], [ -96.791792014297101, 32.7629451286125 ], [ -96.792393885537507, 32.762355908123297 ], [ -96.788845540165198, 32.760331377239297 ], [ -96.787722646060104, 32.759832791673901 ], [ -96.791474609862803, 32.753311806763499 ], [ -96.791495570253403, 32.753275376267503 ], [ -96.795879348839904, 32.755874225387302 ], [ -96.798080221286, 32.756992311559699 ], [ -96.799751087714398, 32.758087720209403 ], [ -96.802032808536097, 32.760104747782897 ], [ -96.804951973883405, 32.762158238883899 ], [ -96.805329625628801, 32.762423895301801 ], [ -96.805593342250106, 32.762554085315898 ], [ -96.807135239349904, 32.763315277951101 ], [ -96.809533741158504, 32.763987586079203 ], [ -96.810836298320496, 32.764554133930702 ], [ -96.811096809752897, 32.764788305989498 ], [ -96.813369547421701, 32.765679664965901 ], [ -96.814609222513795, 32.766367062827001 ], [ -96.815471605186502, 32.766941149280797 ], [ -96.816037543815497, 32.767613430026799 ], [ -96.817690443938304, 32.7702118606773 ], [ -96.819298428296904, 32.773973407863899 ], [ -96.820816581127005, 32.776322405885203 ], [ -96.822248893643604, 32.779590126080798 ], [ -96.822415582332795, 32.779970405286399 ], [ -96.822601886634502, 32.780285779517499 ], [ -96.822887758405699, 32.780769699743701 ], [ -96.823161720312797, 32.781233455856501 ], [ -96.823754072106098, 32.7822361681256 ], [ -96.8247152694601, 32.783504970111302 ], [ -96.826215455984595, 32.785166469156898 ], [ -96.827095804962994, 32.785831060086103 ], [ -96.832674342877397, 32.788625308529497 ], [ -96.835261490895704, 32.789720327897697 ], [ -96.834273344083101, 32.794258850637597 ], [ -96.848987748436997, 32.8017948542673 ], [ -96.851646761677998, 32.8025876832439 ], [ -96.853488308010498, 32.802746248190701 ], [ -96.852383380210995, 32.806295008711899 ], [ -96.850721496935407, 32.8090961642989 ], [ -96.849948945790999, 32.810704335026102 ], [ -96.849535720760301, 32.811368735094497 ], [ -96.849525708138202, 32.811364948783101 ], [ -96.849356057703503, 32.811300785315503 ], [ -96.848781135921698, 32.812350226106297 ] ] ] } },
{ "type": "Feature", "properties": { "OBJECTID": 59, "SHAPEarea": 118980451.338, "SHAPElen": 59139.738009300003, "ZipCode": 75206, "Shape__Area": 15714454.9492188, "Shape__Length": 21489.1765928678 }, "geometry": { "type": "Polygon", "coordinates": [ [ [ -96.760480758063693, 32.851244986727103 ], [ -96.760629457090999, 32.8509444231779 ], [ -96.760678155660898, 32.8507398691007 ], [ -96.761250810094893, 32.848334440061102 ], [ -96.761285227248393, 32.848189868331303 ], [ -96.761314277866404, 32.847625283456701 ], [ -96.761406539337699, 32.845832181455798 ], [ -96.761419974540999, 32.8455710752622 ], [ -96.761357092471201, 32.837918020982301 ], [ -96.7615637049865, 32.827939379497501 ], [ -96.760117417379107, 32.827939379497501 ], [ -96.760153349990404, 32.8248595118108 ], [ -96.761554721833704, 32.824844414157198 ], [ -96.761554721833704, 32.814358473931598 ], [ -96.7619140479473, 32.812116179233897 ], [ -96.761716418584797, 32.811534834335397 ], [ -96.760081484767696, 32.8101154308129 ], [ -96.765893584655998, 32.805283248874098 ], [ -96.766773933634397, 32.806068496315902 ], [ -96.7715619540988, 32.802089334426903 ], [ -96.776305058798897, 32.806181752586099 ], [ -96.776583536537004, 32.807117998891897 ], [ -96.778119655672796, 32.808386445896801 ], [ -96.778478981786506, 32.808076886095201 ], [ -96.780077982992196, 32.809451021374699 ], [ -96.779628825350102, 32.8098134271386 ], [ -96.780293578660405, 32.8107496351886 ], [ -96.781784782032005, 32.811534834335397 ], [ -96.782126141839996, 32.811210185529397 ], [ -96.785809234504896, 32.814411321945698 ], [ -96.785324144251504, 32.814932250688102 ], [ -96.788998253763495, 32.815596619145801 ], [ -96.789079102139098, 32.815445626750702 ], [ -96.789618091309606, 32.815596619145801 ], [ -96.789607080659096, 32.815616827193601 ], [ -96.785308764195506, 32.823505186960404 ], [ -96.785072615971899, 32.823938550240797 ], [ -96.785002796213107, 32.824092272223801 ], [ -96.784815289965493, 32.824505100507899 ], [ -96.783275985403705, 32.827894088099399 ], [ -96.781120028721801, 32.831200299459603 ], [ -96.7803923933417, 32.833215669283803 ], [ -96.780122898756403, 32.833434564375899 ], [ -96.779601875891601, 32.835064938428602 ], [ -96.778649661690494, 32.8365896129989 ], [ -96.779215600319503, 32.836597160827601 ], [ -96.779194836659997, 32.836622958546798 ], [ -96.7775267675853, 32.8386954323433 ], [ -96.776089463130702, 32.8416993462451 ], [ -96.775848742482395, 32.842079073726801 ], [ -96.774768939663105, 32.843782402729097 ], [ -96.774744567471103, 32.843782402729097 ], [ -96.774589276606207, 32.843782402729097 ], [ -96.774301815715305, 32.843789949946299 ], [ -96.774300306545697, 32.843792796001701 ], [ -96.773349601514198, 32.845586169391801 ], [ -96.773825708614694, 32.845578622327302 ], [ -96.772397557992903, 32.849502148924699 ], [ -96.772262640020401, 32.849872798303601 ], [ -96.772012716131897, 32.8504709846775 ], [ -96.771786532919805, 32.851012342628103 ], [ -96.771579920404406, 32.851004796025101 ], [ -96.771084122232807, 32.852777376583298 ], [ -96.770807369260098, 32.853766809858001 ], [ -96.770637772724399, 32.855067301464899 ], [ -96.770471029237996, 32.856345901498301 ], [ -96.770457026299297, 32.856453276342698 ], [ -96.770376177923694, 32.8656062718103 ], [ -96.763607303087596, 32.865487387018803 ], [ -96.763072874663806, 32.865478000576303 ], [ -96.762526591173199, 32.865330440892002 ], [ -96.761033698968902, 32.864927186697898 ], [ -96.759898494351106, 32.8642517755599 ], [ -96.759740124959706, 32.864157550617698 ], [ -96.753811244084602, 32.859630144361802 ], [ -96.753825868657401, 32.859616152809203 ], [ -96.757149663954706, 32.856436130001903 ], [ -96.757431454679605, 32.856166522562397 ], [ -96.757836214885302, 32.855641370605497 ], [ -96.758871686743703, 32.854297893756602 ], [ -96.759147236872195, 32.853940376162001 ], [ -96.759333583394806, 32.853563727795702 ], [ -96.760480758063693, 32.851244986727103 ] ] ] } },
{ "type": "Feature", "properties": { "OBJECTID": 60, "SHAPEarea": 1810400615.8299999, "SHAPElen": 280324.889647, "ZipCode": 75159, "Shape__Area": 1691446.24609375, "Shape__Length": 22543.943233506801 }, "geometry": { "type": "MultiPolygon", "coordinates": [ [ [ [ -96.642675699789095, 32.638889293465098 ], [ -96.645355166770798, 32.636651302906003 ], [ -96.6453644014519, 32.636658532567097 ], [ -96.629019577315304, 32.650330621864001 ], [ -96.629177267580204, 32.650193006909902 ], [ -96.634583773626204, 32.645674970458501 ], [ -96.642430395936202, 32.639104088280298 ], [ -96.6425721464948, 32.6389738716138 ], [ -96.642675699789095, 32.638889293465098 ] ] ], [ [ [ -96.614086778142806, 32.650629600084201 ], [ -96.614956024842598, 32.649865287582003 ], [ -96.615687349603604, 32.649219162311603 ], [ -96.616822133809904, 32.6496602152489 ], [ -96.617728667780497, 32.650010448539298 ], [ -96.618354823177995, 32.649213770893098 ], [ -96.623531097304806, 32.644837408117603 ], [ -96.623288757892297, 32.645332033865401 ], [ -96.620944880839403, 32.651876749432603 ], [ -96.620913153241901, 32.651983215371899 ], [ -96.620893258253304, 32.652103601003503 ], [ -96.620890659427204, 32.652240308426897 ], [ -96.620903136128206, 32.652346170369697 ], [ -96.620928232362303, 32.652450390919498 ], [ -96.620961383789506, 32.652542596828901 ], [ -96.620999373542901, 32.652636689718797 ], [ -96.621832939159702, 32.655109779613497 ], [ -96.618336316086499, 32.6557486924359 ], [ -96.617393085038202, 32.653404080267002 ], [ -96.6172224051342, 32.652534289149202 ], [ -96.615244901478405, 32.651398398792502 ], [ -96.615307081065794, 32.651348314569702 ], [ -96.615017059976296, 32.651181800097099 ], [ -96.614086778142806, 32.650629600084201 ] ] ], [ [ [ -96.590880019096502, 32.659627779501498 ], [ -96.590563827387797, 32.659618818294703 ], [ -96.590285592194903, 32.659622287368599 ], [ -96.588351089095099, 32.657983936235603 ], [ -96.586914420647801, 32.656728567812799 ], [ -96.582175484130502, 32.652586214403698 ], [ -96.582527081139503, 32.652020396697303 ], [ -96.5846541632732, 32.648875541932 ], [ -96.585846478285205, 32.647941222896499 ], [ -96.592422963631805, 32.653860613598901 ], [ -96.589171864498894, 32.656464484228799 ], [ -96.590792531272598, 32.656465072638397 ], [ -96.590894766738501, 32.6565475596081 ], [ -96.586949180059406, 32.6565806368124 ], [ -96.590228030846404, 32.659522632550903 ], [ -96.591000581990698, 32.659530195397103 ], [ -96.592267206541294, 32.659764643314297 ], [ -96.5945938431272, 32.6609595618539 ], [ -96.594498901981495, 32.661037031350403 ], [ -96.593955546100403, 32.660744836169698 ], [ -96.593152671425301, 32.660295792627501 ], [ -96.592640038825294, 32.6600473579457 ], [ -96.592341415468695, 32.6599224952379 ], [ -96.592126356993006, 32.659847595377798 ], [ -96.591880593202603, 32.6597836812144 ], [ -96.591503478649699, 32.659697844627601 ], [ -96.591231667309401, 32.6596575990093 ], [ -96.591047438115993, 32.659637359347499 ], [ -96.590880019096502, 32.659627779501498 ] ] ], [ [ [ -96.591758926278899, 32.663420515077199 ], [ -96.591760987912394, 32.663418787798399 ], [ -96.593785359371495, 32.665217274621803 ], [ -96.593784947044796, 32.665217623246797 ], [ -96.591758926278899, 32.663420515077199 ] ] ], [ [ [ -96.591144378911494, 32.6674214619892 ], [ -96.593409851904596, 32.665534477447899 ], [ -96.591171261894701, 32.667425457843997 ], [ -96.592141442401598, 32.667765755200499 ], [ -96.592321105458396, 32.667962370860202 ], [ -96.592318860568497, 32.667969928455001 ], [ -96.591144378911494, 32.6674214619892 ] ] ], [ [ [ -96.588649862470405, 32.6694276702233 ], [ -96.588719546583604, 32.669370313127203 ], [ -96.590844501506794, 32.6703673998502 ], [ -96.590793969475399, 32.6704200301036 ], [ -96.588649862470405, 32.6694276702233 ] ] ], [ [ [ -96.586455106653105, 32.674110173025298 ], [ -96.585799336495697, 32.673558173635399 ], [ -96.583876941787693, 32.675130984828897 ], [ -96.582852862363794, 32.674246281939801 ], [ -96.582633805486793, 32.6744236421303 ], [ -96.585486892558393, 32.672031060896202 ], [ -96.588606275314504, 32.6694635466527 ], [ -96.589455479702096, 32.670049495037603 ], [ -96.590659222182794, 32.670609078014699 ], [ -96.590533458042998, 32.670798125525799 ], [ -96.588368518208298, 32.669784826192497 ], [ -96.588179871998605, 32.669913379729401 ], [ -96.590416677056098, 32.670949363246699 ], [ -96.589653109064599, 32.671917278598301 ], [ -96.590057350942402, 32.6727717576548 ], [ -96.589841755274193, 32.673059102758003 ], [ -96.590228030846404, 32.673384255312797 ], [ -96.590290912916302, 32.673769899832003 ], [ -96.589374631326507, 32.6742311587373 ], [ -96.588727844321895, 32.674329459507597 ], [ -96.588539198112301, 32.675327584281099 ], [ -96.588179871998605, 32.675418322343802 ], [ -96.587730714356496, 32.675766150730702 ], [ -96.587847495343496, 32.675970310239997 ], [ -96.5886290296407, 32.676378627858803 ], [ -96.588584113876493, 32.676771820838901 ], [ -96.588844625308894, 32.677301116348197 ], [ -96.588404450819596, 32.678518484117298 ], [ -96.588431400278196, 32.678881422850303 ], [ -96.588063091011705, 32.679183870667899 ], [ -96.5877217312037, 32.678798249520902 ], [ -96.587640882828097, 32.678435310449998 ], [ -96.587946310024705, 32.677785040926402 ], [ -96.587883427954793, 32.677225502896 ], [ -96.587128843116204, 32.676809627765003 ], [ -96.585197465255305, 32.675161230926598 ], [ -96.586455106653105, 32.674110173025298 ] ] ], [ [ [ -96.562817261373297, 32.681155469622503 ], [ -96.562835669650099, 32.681153980858497 ], [ -96.562809609523697, 32.681163381468998 ], [ -96.562817261373297, 32.681155469622503 ] ] ], [ [ [ -96.555222136800097, 32.692011145246497 ], [ -96.556695668513399, 32.690778625535103 ], [ -96.555526111420804, 32.691878194045202 ], [ -96.5552875188814, 32.6920686707588 ], [ -96.555222136800097, 32.692011145246497 ] ] ] ] } }
]
}
